<?xml version="1.0" encoding="UTF-8"?>
<!DOCTYPE nmaprun>
<?xml-stylesheet href="file:///C:/Program Files (x86)/Nmap/nmap.xsl" type="text/xsl"?>
<!-- Nmap 7.93 scan initiated Thu Jun 29 15:23:27 2023 as: &quot;C:\\Program Files (x86)\\Nmap\\nmap.exe&quot; -Pn -sS -p- -sV -n -&#45;min-rate 5432 -&#45;open -&#45;stats-every 3s -&#45;host-timeout 120m -&#45;initial-rtt-timeout 315ms -&#45;min-rtt-timeout 280ms -&#45;max-rtt-timeout 350ms -&#45;max-retries 1 -&#45;max-scan-delay 0 -oA outputs\\10.3.11.52 10.3.11.52 -->
<nmaprun scanner="nmap" args="&quot;C:\\Program Files (x86)\\Nmap\\nmap.exe&quot; -Pn -sS -p- -sV -n -&#45;min-rate 5432 -&#45;open -&#45;stats-every 3s -&#45;host-timeout 120m -&#45;initial-rtt-timeout 315ms -&#45;min-rtt-timeout 280ms -&#45;max-rtt-timeout 350ms -&#45;max-retries 1 -&#45;max-scan-delay 0 -oA outputs\\10.3.11.52 10.3.11.52" start="1688073807" startstr="Thu Jun 29 15:23:27 2023" version="7.93" xmloutputversion="1.05">
<scaninfo type="syn" protocol="tcp" numservices="65535" services="1-65535"/>
<verbose level="0"/>
<debugging level="0"/>
<taskprogress task="SYN Stealth Scan" time="1688073810" percent="16.26" remaining="16" etc="1688073825"/>
<taskprogress task="SYN Stealth Scan" time="1688073813" percent="37.65" remaining="10" etc="1688073823"/>
<taskprogress task="SYN Stealth Scan" time="1688073816" percent="58.76" remaining="7" etc="1688073822"/>
<taskprogress task="SYN Stealth Scan" time="1688073819" percent="79.50" remaining="4" etc="1688073822"/>
<taskprogress task="Service scan" time="1688073827" percent="17.65" remaining="28" etc="1688073855"/>
<taskprogress task="Service scan" time="1688073832" percent="41.18" remaining="16" etc="1688073848"/>
<taskprogress task="Service scan" time="1688073838" percent="41.18" remaining="25" etc="1688073862"/>
<taskprogress task="Service scan" time="1688073839" percent="41.18" remaining="26" etc="1688073865"/>
<taskprogress task="Service scan" time="1688073843" percent="41.18" remaining="32" etc="1688073874"/>
<taskprogress task="Service scan" time="1688073844" percent="41.18" remaining="33" etc="1688073877"/>
<taskprogress task="Service scan" time="1688073848" percent="41.18" remaining="39" etc="1688073887"/>
<taskprogress task="Service scan" time="1688073853" percent="41.18" remaining="46" etc="1688073899"/>
<taskprogress task="Service scan" time="1688073855" percent="41.18" remaining="49" etc="1688073904"/>
<taskprogress task="Service scan" time="1688073860" percent="41.18" remaining="56" etc="1688073916"/>
<taskprogress task="Service scan" time="1688073865" percent="41.18" remaining="63" etc="1688073928"/>
<taskprogress task="Service scan" time="1688073868" percent="41.18" remaining="68" etc="1688073935"/>
<taskprogress task="Service scan" time="1688073870" percent="41.18" remaining="70" etc="1688073940"/>
<taskprogress task="Service scan" time="1688073873" percent="41.18" remaining="75" etc="1688073947"/>
<taskprogress task="Service scan" time="1688073875" percent="41.18" remaining="78" etc="1688073952"/>
<taskprogress task="Service scan" time="1688073878" percent="94.12" remaining="4" etc="1688073882"/>
<taskprogress task="Service scan" time="1688073884" percent="94.12" remaining="4" etc="1688073888"/>
<taskprogress task="Service scan" time="1688073889" percent="94.12" remaining="5" etc="1688073893"/>
<taskprogress task="Service scan" time="1688073894" percent="94.12" remaining="5" etc="1688073899"/>
<taskprogress task="Service scan" time="1688073899" percent="94.12" remaining="5" etc="1688073904"/>
<taskprogress task="Service scan" time="1688073904" percent="100.00" remaining="0" etc="1688073904"/>
<host starttime="1688073807" endtime="1688073905"><status state="up" reason="user-set" reason_ttl="0"/>
<address addr="10.3.11.52" addrtype="ipv4"/>
<hostnames>
</hostnames>
<ports><extraports state="closed" count="65517">
<extrareasons reason="reset" count="65517" proto="tcp" ports="1-112,114-134,136-138,140-444,446-1999,2001-2700,2702-3388,3390-5059,5061-8004,8006-49663,49672-49675,49677-65535"/>
</extraports>
<extraports state="filtered" count="1">
<extrareasons reason="no-response" count="1" proto="tcp" ports="113"/>
</extraports>
<port protocol="tcp" portid="135"><state state="open" reason="syn-ack" reason_ttl="127"/><service name="msrpc" product="Microsoft Windows RPC" ostype="Windows" method="probed" conf="10"><cpe>cpe:/o:microsoft:windows</cpe></service></port>
<port protocol="tcp" portid="139"><state state="open" reason="syn-ack" reason_ttl="127"/><service name="netbios-ssn" product="Microsoft Windows netbios-ssn" ostype="Windows" method="probed" conf="10"><cpe>cpe:/o:microsoft:windows</cpe></service></port>
<port protocol="tcp" portid="445"><state state="open" reason="syn-ack" reason_ttl="127"/><service name="microsoft-ds" method="table" conf="3"/></port>
<port protocol="tcp" portid="2000"><state state="open" reason="syn-ack" reason_ttl="64"/><service name="tcpwrapped" method="probed" conf="8"/></port>
<port protocol="tcp" portid="2701"><state state="open" reason="syn-ack" reason_ttl="127"/><service name="tcpwrapped" method="probed" conf="8"/></port>
<port protocol="tcp" portid="3389"><state state="open" reason="syn-ack" reason_ttl="127"/><service name="ms-wbt-server" tunnel="ssl" method="table" conf="3"/></port>
<port protocol="tcp" portid="5060"><state state="open" reason="syn-ack" reason_ttl="64"/><service name="tcpwrapped" method="probed" conf="8"/></port>
<port protocol="tcp" portid="8005"><state state="open" reason="syn-ack" reason_ttl="127"/><service name="http" product="Microsoft HTTPAPI httpd" version="2.0" extrainfo="SSDP/UPnP" ostype="Windows" method="probed" conf="10"><cpe>cpe:/o:microsoft:windows</cpe></service></port>
<port protocol="tcp" portid="49664"><state state="open" reason="syn-ack" reason_ttl="127"/><service name="msrpc" product="Microsoft Windows RPC" ostype="Windows" method="probed" conf="10"><cpe>cpe:/o:microsoft:windows</cpe></service></port>
<port protocol="tcp" portid="49665"><state state="open" reason="syn-ack" reason_ttl="127"/><service name="msrpc" product="Microsoft Windows RPC" ostype="Windows" method="probed" conf="10"><cpe>cpe:/o:microsoft:windows</cpe></service></port>
<port protocol="tcp" portid="49666"><state state="open" reason="syn-ack" reason_ttl="127"/><service name="msrpc" product="Microsoft Windows RPC" ostype="Windows" method="probed" conf="10"><cpe>cpe:/o:microsoft:windows</cpe></service></port>
<port protocol="tcp" portid="49667"><state state="open" reason="syn-ack" reason_ttl="127"/><service name="msrpc" product="Microsoft Windows RPC" ostype="Windows" method="probed" conf="10"><cpe>cpe:/o:microsoft:windows</cpe></service></port>
<port protocol="tcp" portid="49668"><state state="open" reason="syn-ack" reason_ttl="127"/><service name="msrpc" product="Microsoft Windows RPC" ostype="Windows" method="probed" conf="10"><cpe>cpe:/o:microsoft:windows</cpe></service></port>
<port protocol="tcp" portid="49669"><state state="open" reason="syn-ack" reason_ttl="127"/><service name="msrpc" product="Microsoft Windows RPC" ostype="Windows" method="probed" conf="10"><cpe>cpe:/o:microsoft:windows</cpe></service></port>
<port protocol="tcp" portid="49670"><state state="open" reason="syn-ack" reason_ttl="127"/><service name="msrpc" product="Microsoft Windows RPC" ostype="Windows" method="probed" conf="10"><cpe>cpe:/o:microsoft:windows</cpe></service></port>
<port protocol="tcp" portid="49671"><state state="open" reason="syn-ack" reason_ttl="127"/><service name="msrpc" product="Microsoft Windows RPC" ostype="Windows" method="probed" conf="10"><cpe>cpe:/o:microsoft:windows</cpe></service></port>
<port protocol="tcp" portid="49676"><state state="open" reason="syn-ack" reason_ttl="127"/><service name="msrpc" product="Microsoft Windows RPC" ostype="Windows" method="probed" conf="10"><cpe>cpe:/o:microsoft:windows</cpe></service></port>
</ports>
<times srtt="2126" rttvar="1126" to="280000"/>
</host>
<runstats><finished time="1688073905" timestr="Thu Jun 29 15:25:05 2023" summary="Nmap done at Thu Jun 29 15:25:05 2023; 1 IP address (1 host up) scanned in 98.10 seconds" elapsed="98.10" exit="success"/><hosts up="1" down="0" total="1"/>
</runstats>
</nmaprun>
