<?xml version="1.0" encoding="UTF-8"?>
<!DOCTYPE nmaprun>
<?xml-stylesheet href="file:///C:/Program Files (x86)/Nmap/nmap.xsl" type="text/xsl"?>
<!-- Nmap 7.93 scan initiated Thu Jun 29 15:24:38 2023 as: &quot;C:\\Program Files (x86)\\Nmap\\nmap.exe&quot; -Pn -sS -p- -sV -n -&#45;min-rate 5432 -&#45;open -&#45;stats-every 3s -&#45;host-timeout 120m -&#45;initial-rtt-timeout 315ms -&#45;min-rtt-timeout 280ms -&#45;max-rtt-timeout 350ms -&#45;max-retries 1 -&#45;max-scan-delay 0 -oA outputs\\10.3.10.22 10.3.10.22 -->
<nmaprun scanner="nmap" args="&quot;C:\\Program Files (x86)\\Nmap\\nmap.exe&quot; -Pn -sS -p- -sV -n -&#45;min-rate 5432 -&#45;open -&#45;stats-every 3s -&#45;host-timeout 120m -&#45;initial-rtt-timeout 315ms -&#45;min-rtt-timeout 280ms -&#45;max-rtt-timeout 350ms -&#45;max-retries 1 -&#45;max-scan-delay 0 -oA outputs\\10.3.10.22 10.3.10.22" start="1688073878" startstr="Thu Jun 29 15:24:38 2023" version="7.93" xmloutputversion="1.05">
<scaninfo type="syn" protocol="tcp" numservices="65535" services="1-65535"/>
<verbose level="0"/>
<debugging level="0"/>
<taskprogress task="SYN Stealth Scan" time="1688073881" percent="15.45" remaining="17" etc="1688073897"/>
<taskprogress task="SYN Stealth Scan" time="1688073884" percent="35.91" remaining="11" etc="1688073895"/>
<taskprogress task="SYN Stealth Scan" time="1688073887" percent="53.99" remaining="8" etc="1688073895"/>
<taskprogress task="SYN Stealth Scan" time="1688073890" percent="71.54" remaining="5" etc="1688073895"/>
<taskprogress task="SYN Stealth Scan" time="1688073893" percent="89.37" remaining="2" etc="1688073895"/>
<taskprogress task="Service scan" time="1688073901" percent="15.00" remaining="34" etc="1688073935"/>
<taskprogress task="Service scan" time="1688073906" percent="45.00" remaining="14" etc="1688073919"/>
<taskprogress task="Service scan" time="1688073911" percent="45.00" remaining="20" etc="1688073931"/>
<taskprogress task="Service scan" time="1688073916" percent="45.00" remaining="26" etc="1688073942"/>
<taskprogress task="Service scan" time="1688073921" percent="45.00" remaining="32" etc="1688073953"/>
<taskprogress task="Service scan" time="1688073926" percent="45.00" remaining="38" etc="1688073964"/>
<taskprogress task="Service scan" time="1688073931" percent="45.00" remaining="44" etc="1688073975"/>
<taskprogress task="Service scan" time="1688073933" percent="45.00" remaining="47" etc="1688073979"/>
<taskprogress task="Service scan" time="1688073936" percent="45.00" remaining="51" etc="1688073986"/>
<taskprogress task="Service scan" time="1688073938" percent="50.00" remaining="44" etc="1688073981"/>
<taskprogress task="Service scan" time="1688073943" percent="50.00" remaining="48" etc="1688073991"/>
<taskprogress task="Service scan" time="1688073948" percent="50.00" remaining="54" etc="1688074001"/>
<taskprogress task="Service scan" time="1688073953" percent="95.00" remaining="4" etc="1688073956"/>
<taskprogress task="Service scan" time="1688073958" percent="95.00" remaining="4" etc="1688073961"/>
<taskprogress task="Service scan" time="1688073963" percent="95.00" remaining="4" etc="1688073967"/>
<taskprogress task="Service scan" time="1688073968" percent="95.00" remaining="4" etc="1688073972"/>
<taskprogress task="Service scan" time="1688073973" percent="95.00" remaining="5" etc="1688073977"/>
<taskprogress task="Service scan" time="1688073978" percent="95.00" remaining="5" etc="1688073982"/>
<taskprogress task="Service scan" time="1688073983" percent="95.00" remaining="5" etc="1688073988"/>
<taskprogress task="Service scan" time="1688073988" percent="95.00" remaining="5" etc="1688073993"/>
<taskprogress task="Service scan" time="1688073993" percent="95.00" remaining="6" etc="1688073998"/>
<taskprogress task="Service scan" time="1688074001" percent="95.00" remaining="6" etc="1688074007"/>
<taskprogress task="Service scan" time="1688074006" percent="95.00" remaining="6" etc="1688074012"/>
<taskprogress task="Service scan" time="1688074011" percent="95.00" remaining="7" etc="1688074017"/>
<taskprogress task="Service scan" time="1688074016" percent="95.00" remaining="7" etc="1688074022"/>
<taskprogress task="Service scan" time="1688074021" percent="95.00" remaining="7" etc="1688074028"/>
<taskprogress task="Service scan" time="1688074026" percent="95.00" remaining="7" etc="1688074033"/>
<taskprogress task="Service scan" time="1688074031" percent="95.00" remaining="8" etc="1688074038"/>
<taskprogress task="Service scan" time="1688074036" percent="95.00" remaining="8" etc="1688074043"/>
<taskprogress task="Service scan" time="1688074041" percent="95.00" remaining="8" etc="1688074049"/>
<taskprogress task="Service scan" time="1688074046" percent="95.00" remaining="8" etc="1688074054"/>
<taskprogress task="Service scan" time="1688074051" percent="100.00" remaining="0" etc="1688074051"/>
<taskprogress task="NSE" time="1688074052" percent="99.88" remaining="1" etc="1688074052"/>
<taskprogress task="NSE" time="1688074055" percent="99.88" remaining="1" etc="1688074055"/>
<taskprogress task="NSE" time="1688074058" percent="99.88" remaining="1" etc="1688074058"/>
<host starttime="1688073878" endtime="1688074059"><status state="up" reason="user-set" reason_ttl="0"/>
<address addr="10.3.10.22" addrtype="ipv4"/>
<hostnames>
</hostnames>
<ports><extraports state="closed" count="65514">
<extrareasons reason="reset" count="65514" proto="tcp" ports="1-79,81-112,114-134,136-138,140-444,446-1999,2001-2700,2702-3388,3390-5039,5041-5059,5061-7679,7681-8004,8006-49663,49666-49667,49671-49674,49676-49678,49681-50865,50867-65535"/>
</extraports>
<extraports state="filtered" count="1">
<extrareasons reason="no-response" count="1" proto="tcp" ports="113"/>
</extraports>
<port protocol="tcp" portid="80"><state state="open" reason="syn-ack" reason_ttl="127"/><service name="http" product="Microsoft HTTPAPI httpd" version="2.0" extrainfo="SSDP/UPnP" ostype="Windows" method="probed" conf="10"><cpe>cpe:/o:microsoft:windows</cpe></service></port>
<port protocol="tcp" portid="135"><state state="open" reason="syn-ack" reason_ttl="127"/><service name="msrpc" product="Microsoft Windows RPC" ostype="Windows" method="probed" conf="10"><cpe>cpe:/o:microsoft:windows</cpe></service></port>
<port protocol="tcp" portid="139"><state state="open" reason="syn-ack" reason_ttl="127"/><service name="netbios-ssn" product="Microsoft Windows netbios-ssn" ostype="Windows" method="probed" conf="10"><cpe>cpe:/o:microsoft:windows</cpe></service></port>
<port protocol="tcp" portid="445"><state state="open" reason="syn-ack" reason_ttl="127"/><service name="microsoft-ds" method="table" conf="3"/></port>
<port protocol="tcp" portid="2000"><state state="open" reason="syn-ack" reason_ttl="64"/><service name="tcpwrapped" method="probed" conf="8"/></port>
<port protocol="tcp" portid="2701"><state state="open" reason="syn-ack" reason_ttl="127"/><service name="cmrcservice" product="Microsoft Configuration Manager Remote Control service" extrainfo="CmRcService.exe" ostype="Windows" method="probed" conf="10"><cpe>cpe:/a:microsoft:systems_management_server</cpe><cpe>cpe:/o:microsoft:windows</cpe></service></port>
<port protocol="tcp" portid="3389"><state state="open" reason="syn-ack" reason_ttl="127"/><service name="ms-wbt-server" product="Microsoft Terminal Services" ostype="Windows" method="probed" conf="10"><cpe>cpe:/o:microsoft:windows</cpe></service></port>
<port protocol="tcp" portid="5040"><state state="open" reason="syn-ack" reason_ttl="127"/><service name="unknown" method="table" conf="3"/></port>
<port protocol="tcp" portid="5060"><state state="open" reason="syn-ack" reason_ttl="64"/><service name="tcpwrapped" method="probed" conf="8"/></port>
<port protocol="tcp" portid="7680"><state state="open" reason="syn-ack" reason_ttl="127"/><service name="pando-pub" method="table" conf="3"/></port>
<port protocol="tcp" portid="8005"><state state="open" reason="syn-ack" reason_ttl="127"/><service name="http" product="Microsoft HTTPAPI httpd" version="2.0" extrainfo="SSDP/UPnP" ostype="Windows" method="probed" conf="10"><cpe>cpe:/o:microsoft:windows</cpe></service></port>
<port protocol="tcp" portid="49664"><state state="open" reason="syn-ack" reason_ttl="127"/><service name="msrpc" product="Microsoft Windows RPC" ostype="Windows" method="probed" conf="10"><cpe>cpe:/o:microsoft:windows</cpe></service></port>
<port protocol="tcp" portid="49665"><state state="open" reason="syn-ack" reason_ttl="127"/><service name="msrpc" product="Microsoft Windows RPC" ostype="Windows" method="probed" conf="10"><cpe>cpe:/o:microsoft:windows</cpe></service></port>
<port protocol="tcp" portid="49668"><state state="open" reason="syn-ack" reason_ttl="127"/><service name="msrpc" product="Microsoft Windows RPC" ostype="Windows" method="probed" conf="10"><cpe>cpe:/o:microsoft:windows</cpe></service></port>
<port protocol="tcp" portid="49669"><state state="open" reason="syn-ack" reason_ttl="127"/><service name="msrpc" product="Microsoft Windows RPC" ostype="Windows" method="probed" conf="10"><cpe>cpe:/o:microsoft:windows</cpe></service></port>
<port protocol="tcp" portid="49670"><state state="open" reason="syn-ack" reason_ttl="127"/><service name="msrpc" product="Microsoft Windows RPC" ostype="Windows" method="probed" conf="10"><cpe>cpe:/o:microsoft:windows</cpe></service></port>
<port protocol="tcp" portid="49675"><state state="open" reason="syn-ack" reason_ttl="127"/><service name="msrpc" product="Microsoft Windows RPC" ostype="Windows" method="probed" conf="10"><cpe>cpe:/o:microsoft:windows</cpe></service></port>
<port protocol="tcp" portid="49679"><state state="open" reason="syn-ack" reason_ttl="127"/><service name="msrpc" product="Microsoft Windows RPC" ostype="Windows" method="probed" conf="10"><cpe>cpe:/o:microsoft:windows</cpe></service></port>
<port protocol="tcp" portid="49680"><state state="open" reason="syn-ack" reason_ttl="127"/><service name="msrpc" product="Microsoft Windows RPC" ostype="Windows" method="probed" conf="10"><cpe>cpe:/o:microsoft:windows</cpe></service></port>
<port protocol="tcp" portid="50866"><state state="open" reason="syn-ack" reason_ttl="127"/><service name="msrpc" product="Microsoft Windows RPC" ostype="Windows" method="probed" conf="10"><cpe>cpe:/o:microsoft:windows</cpe></service></port>
</ports>
<times srtt="5702" rttvar="6317" to="280000"/>
</host>
<runstats><finished time="1688074059" timestr="Thu Jun 29 15:27:39 2023" summary="Nmap done at Thu Jun 29 15:27:39 2023; 1 IP address (1 host up) scanned in 181.63 seconds" elapsed="181.63" exit="success"/><hosts up="1" down="0" total="1"/>
</runstats>
</nmaprun>
