<?xml version="1.0" encoding="UTF-8"?>
<!DOCTYPE nmaprun>
<?xml-stylesheet href="file:///C:/Program Files (x86)/Nmap/nmap.xsl" type="text/xsl"?>
<!-- Nmap 7.93 scan initiated Thu Jun 29 15:29:50 2023 as: &quot;C:\\Program Files (x86)\\Nmap\\nmap.exe&quot; -Pn -sS -p- -sV -n -&#45;min-rate 5432 -&#45;open -&#45;stats-every 3s -&#45;host-timeout 120m -&#45;initial-rtt-timeout 315ms -&#45;min-rtt-timeout 280ms -&#45;max-rtt-timeout 350ms -&#45;max-retries 1 -&#45;max-scan-delay 0 -oA outputs\\10.3.11.182 10.3.11.182 -->
<nmaprun scanner="nmap" args="&quot;C:\\Program Files (x86)\\Nmap\\nmap.exe&quot; -Pn -sS -p- -sV -n -&#45;min-rate 5432 -&#45;open -&#45;stats-every 3s -&#45;host-timeout 120m -&#45;initial-rtt-timeout 315ms -&#45;min-rtt-timeout 280ms -&#45;max-rtt-timeout 350ms -&#45;max-retries 1 -&#45;max-scan-delay 0 -oA outputs\\10.3.11.182 10.3.11.182" start="1688074190" startstr="Thu Jun 29 15:29:50 2023" version="7.93" xmloutputversion="1.05">
<scaninfo type="syn" protocol="tcp" numservices="65535" services="1-65535"/>
<verbose level="0"/>
<debugging level="0"/>
<taskprogress task="SYN Stealth Scan" time="1688074193" percent="7.52" remaining="37" etc="1688074230"/>
<taskprogress task="SYN Stealth Scan" time="1688074196" percent="16.84" remaining="30" etc="1688074226"/>
<taskprogress task="SYN Stealth Scan" time="1688074199" percent="26.04" remaining="26" etc="1688074225"/>
<taskprogress task="SYN Stealth Scan" time="1688074202" percent="36.32" remaining="22" etc="1688074223"/>
<taskprogress task="SYN Stealth Scan" time="1688074205" percent="46.84" remaining="18" etc="1688074222"/>
<taskprogress task="SYN Stealth Scan" time="1688074208" percent="57.05" remaining="14" etc="1688074222"/>
<taskprogress task="SYN Stealth Scan" time="1688074211" percent="66.68" remaining="11" etc="1688074221"/>
<taskprogress task="SYN Stealth Scan" time="1688074214" percent="77.10" remaining="8" etc="1688074221"/>
<taskprogress task="SYN Stealth Scan" time="1688074217" percent="87.52" remaining="4" etc="1688074221"/>
<taskprogress task="SYN Stealth Scan" time="1688074220" percent="97.26" remaining="1" etc="1688074221"/>
<taskprogress task="Service scan" time="1688074226" percent="0.00"/>
<taskprogress task="Service scan" time="1688074229" percent="0.00"/>
<taskprogress task="Service scan" time="1688074232" percent="0.00"/>
<taskprogress task="Service scan" time="1688074235" percent="0.00"/>
<taskprogress task="Service scan" time="1688074238" percent="0.00"/>
<taskprogress task="Service scan" time="1688074241" percent="0.00"/>
<taskprogress task="Service scan" time="1688074244" percent="0.00"/>
<taskprogress task="Service scan" time="1688074247" percent="0.00"/>
<taskprogress task="Service scan" time="1688074250" percent="0.00"/>
<taskprogress task="Service scan" time="1688074253" percent="0.00"/>
<taskprogress task="Service scan" time="1688074256" percent="0.00"/>
<taskprogress task="Service scan" time="1688074259" percent="0.00"/>
<taskprogress task="Service scan" time="1688074262" percent="0.00"/>
<taskprogress task="Service scan" time="1688074265" percent="0.00"/>
<taskprogress task="Service scan" time="1688074268" percent="0.00"/>
<taskprogress task="Service scan" time="1688074271" percent="0.00"/>
<taskprogress task="Service scan" time="1688074274" percent="0.00"/>
<taskprogress task="Service scan" time="1688074277" percent="0.00"/>
<taskprogress task="Service scan" time="1688074280" percent="0.00"/>
<taskprogress task="Service scan" time="1688074283" percent="0.00"/>
<taskprogress task="Service scan" time="1688074286" percent="0.00"/>
<taskprogress task="Service scan" time="1688074289" percent="0.00"/>
<taskprogress task="Service scan" time="1688074292" percent="0.00"/>
<taskprogress task="Service scan" time="1688074295" percent="0.00"/>
<taskprogress task="Service scan" time="1688074298" percent="0.00"/>
<taskprogress task="Service scan" time="1688074301" percent="0.00"/>
<taskprogress task="Service scan" time="1688074304" percent="0.00"/>
<taskprogress task="Service scan" time="1688074304" percent="0.00"/>
<taskprogress task="Service scan" time="1688074307" percent="0.00"/>
<taskprogress task="Service scan" time="1688074307" percent="0.00"/>
<taskprogress task="Service scan" time="1688074310" percent="0.00"/>
<taskprogress task="Service scan" time="1688074313" percent="50.00" remaining="92" etc="1688074405"/>
<taskprogress task="Service scan" time="1688074316" percent="100.00" remaining="0" etc="1688074316"/>
<taskprogress task="NSE" time="1688074317" percent="97.67" remaining="1" etc="1688074317"/>
<host starttime="1688074190" endtime="1688074319"><status state="up" reason="user-set" reason_ttl="0"/>
<address addr="10.3.11.182" addrtype="ipv4"/>
<hostnames>
</hostnames>
<ports><extraports state="filtered" count="65533">
<extrareasons reason="no-response" count="65455" proto="tcp" ports="1-886,888-1999,2001-2391,2393-2676,2678-2993,2995-3577,3579-3944,3946-4575,4577-5059,5061-7790,7792-7927,7929-8616,8618-9281,9283-9443,9445-9687,9689-10162,10164-11229,11231-11578,11580-12312,12314-12551,12553-15227,15229-15434,15436-15446,15448-16448,16450-19377,19379-20143,20145-20288,20290-20940,20942-21329,21331-22186,22188-23585,23587-24262,24264-25941,25943-26410,26412-28275,28277-29449,29451-29658,29660-31320,31322-31978,31980-33262,33264-34229,34231-34988,34990-35400,35402-35533,35535-35703,35705-36053,36055-37568,37570-37701,37703-37753,37755-38070,38072-38529,38531-38619,38621-38645,38647-41418,41420-41726,41728-42396,42398-42447,42449-42628,42630-43194,43196-43416,43418-43616,43618-44466,44468-44749,44751-46350,46352-48064,48066-49082,49084-49754,49756-52449,52451-52649,52651-54353,54355-54573,54575-54601,54603-54836,54838-56106,56108-56949,56951-57196,57198-57398,57400-59825,59827-61163,61165-63299,63301-65535"/>
<extrareasons reason="host-unreach" count="78" proto="tcp" ports="887,2392,2677,2994,3578,3945,4576,7791,7928,8617,9282,9444,9688,10163,11230,11579,12313,12552,15228,15435,15447,16449,19378,20144,20289,20941,21330,22187,23586,24263,25942,26411,28276,29450,29659,31321,31979,33263,34230,34989,35401,35534,35704,36054,37569,37702,37754,38071,38530,38620,38646,41419,41727,42397,42448,42629,43195,43417,43617,44467,44750,46351,48065,49083,49755,52450,52650,54354,54574,54602,54837,56107,56950,57197,57399,59826,61164,63300"/>
</extraports>
<port protocol="tcp" portid="2000"><state state="open" reason="syn-ack" reason_ttl="64"/><service name="tcpwrapped" method="probed" conf="8"/></port>
<port protocol="tcp" portid="5060"><state state="open" reason="syn-ack" reason_ttl="64"/><service name="tcpwrapped" method="probed" conf="8"/></port>
</ports>
<times srtt="74523" rttvar="12370" to="280000"/>
</host>
<runstats><finished time="1688074319" timestr="Thu Jun 29 15:31:59 2023" summary="Nmap done at Thu Jun 29 15:31:59 2023; 1 IP address (1 host up) scanned in 129.83 seconds" elapsed="129.83" exit="success"/><hosts up="1" down="0" total="1"/>
</runstats>
</nmaprun>
