<?xml version="1.0" encoding="UTF-8"?>
<!DOCTYPE nmaprun>
<?xml-stylesheet href="file:///C:/Program Files (x86)/Nmap/nmap.xsl" type="text/xsl"?>
<!-- Nmap 7.93 scan initiated Thu Jun 29 15:27:39 2023 as: &quot;C:\\Program Files (x86)\\Nmap\\nmap.exe&quot; -Pn -sS -p- -sV -n -&#45;min-rate 5432 -&#45;open -&#45;stats-every 3s -&#45;host-timeout 120m -&#45;initial-rtt-timeout 315ms -&#45;min-rtt-timeout 280ms -&#45;max-rtt-timeout 350ms -&#45;max-retries 1 -&#45;max-scan-delay 0 -oA outputs\\10.3.11.16 10.3.11.16 -->
<nmaprun scanner="nmap" args="&quot;C:\\Program Files (x86)\\Nmap\\nmap.exe&quot; -Pn -sS -p- -sV -n -&#45;min-rate 5432 -&#45;open -&#45;stats-every 3s -&#45;host-timeout 120m -&#45;initial-rtt-timeout 315ms -&#45;min-rtt-timeout 280ms -&#45;max-rtt-timeout 350ms -&#45;max-retries 1 -&#45;max-scan-delay 0 -oA outputs\\10.3.11.16 10.3.11.16" start="1688074059" startstr="Thu Jun 29 15:27:39 2023" version="7.93" xmloutputversion="1.05">
<scaninfo type="syn" protocol="tcp" numservices="65535" services="1-65535"/>
<verbose level="0"/>
<debugging level="0"/>
<taskprogress task="SYN Stealth Scan" time="1688074062" percent="7.38" remaining="26" etc="1688074087"/>
<taskprogress task="SYN Stealth Scan" time="1688074065" percent="17.41" remaining="24" etc="1688074089"/>
<taskprogress task="SYN Stealth Scan" time="1688074068" percent="27.40" remaining="22" etc="1688074089"/>
<taskprogress task="SYN Stealth Scan" time="1688074071" percent="36.68" remaining="19" etc="1688074090"/>
<taskprogress task="SYN Stealth Scan" time="1688074074" percent="46.07" remaining="17" etc="1688074090"/>
<taskprogress task="SYN Stealth Scan" time="1688074077" percent="55.19" remaining="14" etc="1688074091"/>
<taskprogress task="SYN Stealth Scan" time="1688074080" percent="63.43" remaining="12" etc="1688074092"/>
<taskprogress task="SYN Stealth Scan" time="1688074083" percent="71.71" remaining="10" etc="1688074092"/>
<taskprogress task="SYN Stealth Scan" time="1688074086" percent="80.10" remaining="7" etc="1688074092"/>
<taskprogress task="SYN Stealth Scan" time="1688074089" percent="89.27" remaining="4" etc="1688074092"/>
<taskprogress task="SYN Stealth Scan" time="1688074092" percent="98.66" remaining="1" etc="1688074092"/>
<taskprogress task="Service scan" time="1688074096" percent="0.00"/>
<taskprogress task="Service scan" time="1688074099" percent="0.00"/>
<taskprogress task="Service scan" time="1688074102" percent="0.00"/>
<taskprogress task="Service scan" time="1688074105" percent="0.00"/>
<taskprogress task="Service scan" time="1688074108" percent="0.00"/>
<taskprogress task="Service scan" time="1688074111" percent="0.00"/>
<taskprogress task="Service scan" time="1688074114" percent="0.00"/>
<taskprogress task="Service scan" time="1688074117" percent="0.00"/>
<taskprogress task="Service scan" time="1688074120" percent="0.00"/>
<taskprogress task="Service scan" time="1688074123" percent="0.00"/>
<taskprogress task="Service scan" time="1688074126" percent="0.00"/>
<taskprogress task="Service scan" time="1688074129" percent="0.00"/>
<taskprogress task="Service scan" time="1688074132" percent="0.00"/>
<taskprogress task="Service scan" time="1688074135" percent="0.00"/>
<taskprogress task="Service scan" time="1688074138" percent="0.00"/>
<taskprogress task="Service scan" time="1688074141" percent="0.00"/>
<taskprogress task="Service scan" time="1688074144" percent="0.00"/>
<taskprogress task="Service scan" time="1688074147" percent="0.00"/>
<taskprogress task="Service scan" time="1688074150" percent="0.00"/>
<taskprogress task="Service scan" time="1688074153" percent="0.00"/>
<taskprogress task="Service scan" time="1688074156" percent="0.00"/>
<taskprogress task="Service scan" time="1688074159" percent="0.00"/>
<taskprogress task="Service scan" time="1688074162" percent="0.00"/>
<taskprogress task="Service scan" time="1688074165" percent="0.00"/>
<taskprogress task="Service scan" time="1688074168" percent="0.00"/>
<taskprogress task="Service scan" time="1688074171" percent="0.00"/>
<taskprogress task="Service scan" time="1688074174" percent="0.00"/>
<taskprogress task="Service scan" time="1688074177" percent="0.00"/>
<taskprogress task="Service scan" time="1688074180" percent="0.00"/>
<taskprogress task="Service scan" time="1688074183" percent="50.00" remaining="90" etc="1688074273"/>
<taskprogress task="Service scan" time="1688074186" percent="100.00" remaining="0" etc="1688074186"/>
<taskprogress task="NSE" time="1688074188" percent="97.67" remaining="1" etc="1688074188"/>
<host starttime="1688074060" endtime="1688074189"><status state="up" reason="user-set" reason_ttl="0"/>
<address addr="10.3.11.16" addrtype="ipv4"/>
<hostnames>
</hostnames>
<ports><extraports state="filtered" count="65533">
<extrareasons reason="no-response" count="65455" proto="tcp" ports="1-339,341-1205,1207-1999,2001-3067,3069-3482,3484-3729,3731-4597,4599-5059,5061-5632,5634-6547,6549-6610,6612-7037,7039-7109,7111-7238,7240-7383,7385-7406,7408-11075,11077-11232,11234-11497,11499-11965,11967-12788,12790-13176,13178-13514,13516-14421,14423-15393,15395-16814,16816-16853,16855-17329,17331-17647,17649-18478,18480-18557,18559-18783,18785-19844,19846-20408,20410-21079,21081-21163,21165-21227,21229-21775,21777-22229,22231-22236,22238-24875,24877-24932,24934-25617,25619-26289,26291-26691,26693-27188,27190-28127,28129-29082,29084-30191,30193-30468,30470-30554,30556-32500,32502-33194,33196-34386,34388-34699,34701-36200,36202-36945,36947-39304,39306-41038,41040-43325,43327-43907,43909-45570,45572-46081,46083-46323,46325-46649,46651-46762,46764-49044,49046-53120,53122-54684,54686-54976,54978-56925,56927-57250,57252-57273,57275-57677,57679-57927,57929-59621,59623-59828,59830-60351,60353-62314,62316-62704,62706-65535"/>
<extrareasons reason="host-unreach" count="78" proto="tcp" ports="340,1206,3068,3483,3730,4598,5633,6548,6611,7038,7110,7239,7384,7407,11076,11233,11498,11966,12789,13177,13515,14422,15394,16815,16854,17330,17648,18479,18558,18784,19845,20409,21080,21164,21228,21776,22230,22237,24876,24933,25618,26290,26692,27189,28128,29083,30192,30469,30555,32501,33195,34387,34700,36201,36946,39305,41039,43326,43908,45571,46082,46324,46650,46763,49045,53121,54685,54977,56926,57251,57274,57678,57928,59622,59829,60352,62315,62705"/>
</extraports>
<port protocol="tcp" portid="2000"><state state="open" reason="syn-ack" reason_ttl="64"/><service name="tcpwrapped" method="probed" conf="8"/></port>
<port protocol="tcp" portid="5060"><state state="open" reason="syn-ack" reason_ttl="64"/><service name="tcpwrapped" method="probed" conf="8"/></port>
</ports>
<times srtt="133973" rttvar="57816" to="350000"/>
</host>
<runstats><finished time="1688074189" timestr="Thu Jun 29 15:29:49 2023" summary="Nmap done at Thu Jun 29 15:29:49 2023; 1 IP address (1 host up) scanned in 130.21 seconds" elapsed="130.21" exit="success"/><hosts up="1" down="0" total="1"/>
</runstats>
</nmaprun>
