<?xml version="1.0" encoding="UTF-8"?>
<!DOCTYPE nmaprun>
<?xml-stylesheet href="file:///C:/Program Files (x86)/Nmap/nmap.xsl" type="text/xsl"?>
<!-- Nmap 7.93 scan initiated Thu Jun 29 15:20:15 2023 as: &quot;C:\\Program Files (x86)\\Nmap\\nmap.exe&quot; -Pn -sS -p- -sV -n -&#45;min-rate 5432 -&#45;open -&#45;stats-every 3s -&#45;host-timeout 120m -&#45;initial-rtt-timeout 315ms -&#45;min-rtt-timeout 280ms -&#45;max-rtt-timeout 350ms -&#45;max-retries 1 -&#45;max-scan-delay 0 -oA outputs\\10.3.11.231 10.3.11.231 -->
<nmaprun scanner="nmap" args="&quot;C:\\Program Files (x86)\\Nmap\\nmap.exe&quot; -Pn -sS -p- -sV -n -&#45;min-rate 5432 -&#45;open -&#45;stats-every 3s -&#45;host-timeout 120m -&#45;initial-rtt-timeout 315ms -&#45;min-rtt-timeout 280ms -&#45;max-rtt-timeout 350ms -&#45;max-retries 1 -&#45;max-scan-delay 0 -oA outputs\\10.3.11.231 10.3.11.231" start="1688073615" startstr="Thu Jun 29 15:20:15 2023" version="7.93" xmloutputversion="1.05">
<scaninfo type="syn" protocol="tcp" numservices="65535" services="1-65535"/>
<verbose level="0"/>
<debugging level="0"/>
<taskprogress task="SYN Stealth Scan" time="1688073618" percent="5.57" remaining="34" etc="1688073652"/>
<taskprogress task="SYN Stealth Scan" time="1688073621" percent="16.57" remaining="26" etc="1688073646"/>
<taskprogress task="SYN Stealth Scan" time="1688073624" percent="28.44" remaining="21" etc="1688073644"/>
<taskprogress task="SYN Stealth Scan" time="1688073627" percent="40.60" remaining="17" etc="1688073643"/>
<taskprogress task="SYN Stealth Scan" time="1688073630" percent="52.55" remaining="13" etc="1688073643"/>
<taskprogress task="SYN Stealth Scan" time="1688073633" percent="64.15" remaining="10" etc="1688073643"/>
<taskprogress task="SYN Stealth Scan" time="1688073636" percent="76.00" remaining="7" etc="1688073642"/>
<taskprogress task="SYN Stealth Scan" time="1688073639" percent="87.88" remaining="4" etc="1688073642"/>
<taskprogress task="SYN Stealth Scan" time="1688073642" percent="99.72" remaining="1" etc="1688073642"/>
<taskprogress task="Service scan" time="1688073648" percent="14.29" remaining="36" etc="1688073684"/>
<taskprogress task="Service scan" time="1688073653" percent="42.86" remaining="15" etc="1688073668"/>
<taskprogress task="Service scan" time="1688073658" percent="47.62" remaining="18" etc="1688073676"/>
<taskprogress task="Service scan" time="1688073663" percent="47.62" remaining="24" etc="1688073686"/>
<taskprogress task="Service scan" time="1688073668" percent="47.62" remaining="29" etc="1688073697"/>
<taskprogress task="Service scan" time="1688073673" percent="47.62" remaining="35" etc="1688073707"/>
<taskprogress task="Service scan" time="1688073678" percent="47.62" remaining="40" etc="1688073718"/>
<taskprogress task="Service scan" time="1688073681" percent="47.62" remaining="43" etc="1688073724"/>
<taskprogress task="Service scan" time="1688073683" percent="47.62" remaining="46" etc="1688073728"/>
<taskprogress task="Service scan" time="1688073686" percent="52.38" remaining="40" etc="1688073726"/>
<taskprogress task="Service scan" time="1688073691" percent="52.38" remaining="45" etc="1688073736"/>
<taskprogress task="Service scan" time="1688073696" percent="52.38" remaining="50" etc="1688073745"/>
<taskprogress task="Service scan" time="1688073701" percent="95.24" remaining="3" etc="1688073704"/>
<taskprogress task="Service scan" time="1688073706" percent="95.24" remaining="4" etc="1688073709"/>
<taskprogress task="Service scan" time="1688073711" percent="95.24" remaining="4" etc="1688073714"/>
<taskprogress task="Service scan" time="1688073716" percent="95.24" remaining="4" etc="1688073720"/>
<taskprogress task="Service scan" time="1688073721" percent="95.24" remaining="4" etc="1688073725"/>
<taskprogress task="Service scan" time="1688073726" percent="95.24" remaining="5" etc="1688073730"/>
<taskprogress task="Service scan" time="1688073731" percent="95.24" remaining="5" etc="1688073735"/>
<taskprogress task="Service scan" time="1688073736" percent="95.24" remaining="5" etc="1688073741"/>
<taskprogress task="Service scan" time="1688073741" percent="95.24" remaining="5" etc="1688073746"/>
<taskprogress task="Service scan" time="1688073748" percent="95.24" remaining="6" etc="1688073753"/>
<taskprogress task="Service scan" time="1688073753" percent="95.24" remaining="6" etc="1688073759"/>
<taskprogress task="Service scan" time="1688073758" percent="95.24" remaining="6" etc="1688073764"/>
<taskprogress task="Service scan" time="1688073763" percent="95.24" remaining="7" etc="1688073769"/>
<taskprogress task="Service scan" time="1688073768" percent="95.24" remaining="7" etc="1688073774"/>
<taskprogress task="Service scan" time="1688073773" percent="95.24" remaining="7" etc="1688073780"/>
<taskprogress task="Service scan" time="1688073778" percent="95.24" remaining="7" etc="1688073785"/>
<taskprogress task="Service scan" time="1688073783" percent="95.24" remaining="8" etc="1688073790"/>
<taskprogress task="Service scan" time="1688073788" percent="95.24" remaining="8" etc="1688073795"/>
<taskprogress task="Service scan" time="1688073793" percent="95.24" remaining="8" etc="1688073801"/>
<taskprogress task="Service scan" time="1688073798" percent="100.00" remaining="0" etc="1688073798"/>
<taskprogress task="NSE" time="1688073799" percent="99.89" remaining="1" etc="1688073799"/>
<taskprogress task="NSE" time="1688073802" percent="99.89" remaining="1" etc="1688073802"/>
<taskprogress task="NSE" time="1688073805" percent="99.89" remaining="1" etc="1688073805"/>
<host starttime="1688073617" endtime="1688073806"><status state="up" reason="user-set" reason_ttl="0"/>
<address addr="10.3.11.231" addrtype="ipv4"/>
<hostnames>
</hostnames>
<ports><extraports state="closed" count="65513">
<extrareasons reason="reset" count="65513" proto="tcp" ports="1-79,81-112,114-134,136-138,140-444,446-1999,2001-2700,2702-3388,3390-5039,5041-5059,5061-7679,7681-8004,8006-8080,8082-49663,49668,49672-49703,49705-49719,49721-65535"/>
</extraports>
<extraports state="filtered" count="1">
<extrareasons reason="no-response" count="1" proto="tcp" ports="113"/>
</extraports>
<port protocol="tcp" portid="80"><state state="open" reason="syn-ack" reason_ttl="127"/><service name="http" product="Microsoft HTTPAPI httpd" version="2.0" extrainfo="SSDP/UPnP" ostype="Windows" method="probed" conf="10"><cpe>cpe:/o:microsoft:windows</cpe></service></port>
<port protocol="tcp" portid="135"><state state="open" reason="syn-ack" reason_ttl="127"/><service name="msrpc" product="Microsoft Windows RPC" ostype="Windows" method="probed" conf="10"><cpe>cpe:/o:microsoft:windows</cpe></service></port>
<port protocol="tcp" portid="139"><state state="open" reason="syn-ack" reason_ttl="127"/><service name="netbios-ssn" product="Microsoft Windows netbios-ssn" ostype="Windows" method="probed" conf="10"><cpe>cpe:/o:microsoft:windows</cpe></service></port>
<port protocol="tcp" portid="445"><state state="open" reason="syn-ack" reason_ttl="127"/><service name="microsoft-ds" method="table" conf="3"/></port>
<port protocol="tcp" portid="2000"><state state="open" reason="syn-ack" reason_ttl="64"/><service name="tcpwrapped" method="probed" conf="8"/></port>
<port protocol="tcp" portid="2701"><state state="open" reason="syn-ack" reason_ttl="127"/><service name="cmrcservice" product="Microsoft Configuration Manager Remote Control service" extrainfo="CmRcService.exe" ostype="Windows" method="probed" conf="10"><cpe>cpe:/a:microsoft:systems_management_server</cpe><cpe>cpe:/o:microsoft:windows</cpe></service></port>
<port protocol="tcp" portid="3389"><state state="open" reason="syn-ack" reason_ttl="127"/><service name="ms-wbt-server" product="Microsoft Terminal Services" ostype="Windows" method="probed" conf="10"><cpe>cpe:/o:microsoft:windows</cpe></service></port>
<port protocol="tcp" portid="5040"><state state="open" reason="syn-ack" reason_ttl="127"/><service name="unknown" method="table" conf="3"/></port>
<port protocol="tcp" portid="5060"><state state="open" reason="syn-ack" reason_ttl="64"/><service name="tcpwrapped" method="probed" conf="8"/></port>
<port protocol="tcp" portid="7680"><state state="open" reason="syn-ack" reason_ttl="127"/><service name="pando-pub" method="table" conf="3"/></port>
<port protocol="tcp" portid="8005"><state state="open" reason="syn-ack" reason_ttl="127"/><service name="http" product="Microsoft HTTPAPI httpd" version="2.0" extrainfo="SSDP/UPnP" ostype="Windows" method="probed" conf="10"><cpe>cpe:/o:microsoft:windows</cpe></service></port>
<port protocol="tcp" portid="8081"><state state="open" reason="syn-ack" reason_ttl="127"/><service name="blackice-icecap" servicefp="SF-Port8081-TCP:V=7.93%I=7%D=6/29%Time=649DF5B5%P=i686-pc-windows-windows%r(HTTPOptions,64,&quot;HTTP/1\.1\x20404\x20Not\x20Found\r\nContent-Type:\x20text/plain;\x20charset=utf-8\r\nContent-Length:\x2013\r\n\r\n404\x20Not\x20Found&quot;);" method="table" conf="3"/></port>
<port protocol="tcp" portid="49664"><state state="open" reason="syn-ack" reason_ttl="127"/><service name="msrpc" product="Microsoft Windows RPC" ostype="Windows" method="probed" conf="10"><cpe>cpe:/o:microsoft:windows</cpe></service></port>
<port protocol="tcp" portid="49665"><state state="open" reason="syn-ack" reason_ttl="127"/><service name="msrpc" product="Microsoft Windows RPC" ostype="Windows" method="probed" conf="10"><cpe>cpe:/o:microsoft:windows</cpe></service></port>
<port protocol="tcp" portid="49666"><state state="open" reason="syn-ack" reason_ttl="127"/><service name="msrpc" product="Microsoft Windows RPC" ostype="Windows" method="probed" conf="10"><cpe>cpe:/o:microsoft:windows</cpe></service></port>
<port protocol="tcp" portid="49667"><state state="open" reason="syn-ack" reason_ttl="127"/><service name="msrpc" product="Microsoft Windows RPC" ostype="Windows" method="probed" conf="10"><cpe>cpe:/o:microsoft:windows</cpe></service></port>
<port protocol="tcp" portid="49669"><state state="open" reason="syn-ack" reason_ttl="127"/><service name="msrpc" product="Microsoft Windows RPC" ostype="Windows" method="probed" conf="10"><cpe>cpe:/o:microsoft:windows</cpe></service></port>
<port protocol="tcp" portid="49670"><state state="open" reason="syn-ack" reason_ttl="127"/><service name="msrpc" product="Microsoft Windows RPC" ostype="Windows" method="probed" conf="10"><cpe>cpe:/o:microsoft:windows</cpe></service></port>
<port protocol="tcp" portid="49671"><state state="open" reason="syn-ack" reason_ttl="127"/><service name="msrpc" product="Microsoft Windows RPC" ostype="Windows" method="probed" conf="10"><cpe>cpe:/o:microsoft:windows</cpe></service></port>
<port protocol="tcp" portid="49704"><state state="open" reason="syn-ack" reason_ttl="127"/><service name="msrpc" product="Microsoft Windows RPC" ostype="Windows" method="probed" conf="10"><cpe>cpe:/o:microsoft:windows</cpe></service></port>
<port protocol="tcp" portid="49720"><state state="open" reason="syn-ack" reason_ttl="127"/><service name="msrpc" product="Microsoft Windows RPC" ostype="Windows" method="probed" conf="10"><cpe>cpe:/o:microsoft:windows</cpe></service></port>
</ports>
<times srtt="8110" rttvar="8455" to="280000"/>
</host>
<runstats><finished time="1688073807" timestr="Thu Jun 29 15:23:27 2023" summary="Nmap done at Thu Jun 29 15:23:27 2023; 1 IP address (1 host up) scanned in 191.54 seconds" elapsed="191.54" exit="success"/><hosts up="1" down="0" total="1"/>
</runstats>
</nmaprun>
