<?xml version="1.0" encoding="UTF-8"?>
<!DOCTYPE nmaprun>
<?xml-stylesheet href="file:///C:/Program Files (x86)/Nmap/nmap.xsl" type="text/xsl"?>
<!-- Nmap 7.93 scan initiated Thu Jun 29 15:25:05 2023 as: &quot;C:\\Program Files (x86)\\Nmap\\nmap.exe&quot; -Pn -sS -p- -sV -n -&#45;min-rate 5432 -&#45;open -&#45;stats-every 3s -&#45;host-timeout 120m -&#45;initial-rtt-timeout 315ms -&#45;min-rtt-timeout 280ms -&#45;max-rtt-timeout 350ms -&#45;max-retries 1 -&#45;max-scan-delay 0 -oA outputs\\10.3.3.0 10.3.3.0 -->
<nmaprun scanner="nmap" args="&quot;C:\\Program Files (x86)\\Nmap\\nmap.exe&quot; -Pn -sS -p- -sV -n -&#45;min-rate 5432 -&#45;open -&#45;stats-every 3s -&#45;host-timeout 120m -&#45;initial-rtt-timeout 315ms -&#45;min-rtt-timeout 280ms -&#45;max-rtt-timeout 350ms -&#45;max-retries 1 -&#45;max-scan-delay 0 -oA outputs\\10.3.3.0 10.3.3.0" start="1688073905" startstr="Thu Jun 29 15:25:05 2023" version="7.93" xmloutputversion="1.05">
<scaninfo type="syn" protocol="tcp" numservices="65535" services="1-65535"/>
<verbose level="0"/>
<debugging level="0"/>
<taskprogress task="SYN Stealth Scan" time="1688073908" percent="6.07" remaining="47" etc="1688073954"/>
<taskprogress task="SYN Stealth Scan" time="1688073911" percent="13.99" remaining="37" etc="1688073948"/>
<taskprogress task="SYN Stealth Scan" time="1688073914" percent="23.30" remaining="30" etc="1688073944"/>
<taskprogress task="SYN Stealth Scan" time="1688073917" percent="32.51" remaining="25" etc="1688073942"/>
<taskprogress task="SYN Stealth Scan" time="1688073920" percent="41.89" remaining="21" etc="1688073941"/>
<taskprogress task="SYN Stealth Scan" time="1688073923" percent="50.26" remaining="18" etc="1688073941"/>
<taskprogress task="SYN Stealth Scan" time="1688073926" percent="58.98" remaining="15" etc="1688073941"/>
<taskprogress task="SYN Stealth Scan" time="1688073929" percent="67.41" remaining="12" etc="1688073941"/>
<taskprogress task="SYN Stealth Scan" time="1688073932" percent="75.92" remaining="9" etc="1688073941"/>
<taskprogress task="SYN Stealth Scan" time="1688073935" percent="84.44" remaining="6" etc="1688073941"/>
<taskprogress task="SYN Stealth Scan" time="1688073938" percent="93.17" remaining="3" etc="1688073940"/>
<taskprogress task="Service scan" time="1688073947" percent="0.00"/>
<taskprogress task="Service scan" time="1688073952" percent="0.00"/>
<taskprogress task="Service scan" time="1688073957" percent="0.00"/>
<taskprogress task="Service scan" time="1688073959" percent="0.00"/>
<taskprogress task="Service scan" time="1688073962" percent="0.00"/>
<taskprogress task="Service scan" time="1688073964" percent="0.00"/>
<taskprogress task="Service scan" time="1688073967" percent="0.00"/>
<taskprogress task="Service scan" time="1688073969" percent="0.00"/>
<taskprogress task="Service scan" time="1688073974" percent="0.00"/>
<taskprogress task="Service scan" time="1688073977" percent="0.00"/>
<taskprogress task="Service scan" time="1688073979" percent="0.00"/>
<taskprogress task="Service scan" time="1688073982" percent="0.00"/>
<taskprogress task="Service scan" time="1688073984" percent="0.00"/>
<taskprogress task="Service scan" time="1688073989" percent="0.00"/>
<taskprogress task="Service scan" time="1688073992" percent="0.00"/>
<taskprogress task="Service scan" time="1688073997" percent="0.00"/>
<taskprogress task="Service scan" time="1688074002" percent="0.00"/>
<taskprogress task="Service scan" time="1688074004" percent="0.00"/>
<taskprogress task="Service scan" time="1688074007" percent="0.00"/>
<taskprogress task="Service scan" time="1688074009" percent="0.00"/>
<taskprogress task="Service scan" time="1688074012" percent="0.00"/>
<taskprogress task="Service scan" time="1688074014" percent="0.00"/>
<taskprogress task="Service scan" time="1688074019" percent="0.00"/>
<taskprogress task="Service scan" time="1688074022" percent="0.00"/>
<taskprogress task="Service scan" time="1688074024" percent="0.00"/>
<taskprogress task="Service scan" time="1688074027" percent="0.00"/>
<taskprogress task="Service scan" time="1688074029" percent="0.00"/>
<taskprogress task="Service scan" time="1688074034" percent="0.00"/>
<taskprogress task="Service scan" time="1688074037" percent="0.00"/>
<taskprogress task="Service scan" time="1688074039" percent="0.00"/>
<taskprogress task="Service scan" time="1688074042" percent="0.00"/>
<taskprogress task="Service scan" time="1688074044" percent="0.00"/>
<taskprogress task="Service scan" time="1688074049" percent="0.00"/>
<taskprogress task="Service scan" time="1688074052" percent="0.00"/>
<taskprogress task="Service scan" time="1688074057" percent="0.00"/>
<taskprogress task="Service scan" time="1688074062" percent="0.00"/>
<taskprogress task="Service scan" time="1688074067" percent="0.00"/>
<taskprogress task="Service scan" time="1688074072" percent="0.00"/>
<taskprogress task="Service scan" time="1688074077" percent="0.00"/>
<taskprogress task="Service scan" time="1688074082" percent="0.00"/>
<taskprogress task="Service scan" time="1688074087" percent="0.00"/>
<taskprogress task="Service scan" time="1688074092" percent="0.00"/>
<taskprogress task="Service scan" time="1688074097" percent="0.00"/>
<taskprogress task="Service scan" time="1688074102" percent="100.00" remaining="0" etc="1688074102"/>
<taskprogress task="NSE" time="1688074102" percent="50.00" remaining="0" etc="1688074102"/>
<host starttime="1688073905" endtime="1688074103"><status state="up" reason="user-set" reason_ttl="0"/>
<address addr="10.3.3.0" addrtype="ipv4"/>
<hostnames>
</hostnames>
<ports><extraports state="filtered" count="65533">
<extrareasons reason="no-response" count="65533" proto="tcp" ports="1-1999,2001-5059,5061-65535"/>
</extraports>
<port protocol="tcp" portid="2000"><state state="open" reason="syn-ack" reason_ttl="64"/><service name="cisco-sccp" method="table" conf="3"/></port>
<port protocol="tcp" portid="5060"><state state="open" reason="syn-ack" reason_ttl="64"/><service name="sip" method="table" conf="3"/></port>
</ports>
<times srtt="25927" rttvar="23599" to="280000"/>
</host>
<runstats><finished time="1688074103" timestr="Thu Jun 29 15:28:23 2023" summary="Nmap done at Thu Jun 29 15:28:23 2023; 1 IP address (1 host up) scanned in 198.11 seconds" elapsed="198.11" exit="success"/><hosts up="1" down="0" total="1"/>
</runstats>
</nmaprun>
