<?xml version="1.0" encoding="UTF-8"?>
<!DOCTYPE nmaprun>
<?xml-stylesheet href="file:///C:/Program Files (x86)/Nmap/nmap.xsl" type="text/xsl"?>
<!-- Nmap 7.93 scan initiated Thu Jun 29 15:28:23 2023 as: &quot;C:\\Program Files (x86)\\Nmap\\nmap.exe&quot; -Pn -sS -p- -sV -n -&#45;min-rate 5432 -&#45;open -&#45;stats-every 3s -&#45;host-timeout 120m -&#45;initial-rtt-timeout 315ms -&#45;min-rtt-timeout 280ms -&#45;max-rtt-timeout 350ms -&#45;max-retries 1 -&#45;max-scan-delay 0 -oA outputs\\10.3.6.6 10.3.6.6 -->
<nmaprun scanner="nmap" args="&quot;C:\\Program Files (x86)\\Nmap\\nmap.exe&quot; -Pn -sS -p- -sV -n -&#45;min-rate 5432 -&#45;open -&#45;stats-every 3s -&#45;host-timeout 120m -&#45;initial-rtt-timeout 315ms -&#45;min-rtt-timeout 280ms -&#45;max-rtt-timeout 350ms -&#45;max-retries 1 -&#45;max-scan-delay 0 -oA outputs\\10.3.6.6 10.3.6.6" start="1688074103" startstr="Thu Jun 29 15:28:23 2023" version="7.93" xmloutputversion="1.05">
<scaninfo type="syn" protocol="tcp" numservices="65535" services="1-65535"/>
<verbose level="0"/>
<debugging level="0"/>
<taskprogress task="SYN Stealth Scan" time="1688074106" percent="12.73" remaining="21" etc="1688074127"/>
<taskprogress task="SYN Stealth Scan" time="1688074109" percent="29.61" remaining="15" etc="1688074123"/>
<taskprogress task="SYN Stealth Scan" time="1688074112" percent="46.93" remaining="11" etc="1688074122"/>
<taskprogress task="SYN Stealth Scan" time="1688074115" percent="62.80" remaining="8" etc="1688074122"/>
<taskprogress task="SYN Stealth Scan" time="1688074118" percent="79.44" remaining="4" etc="1688074122"/>
<taskprogress task="SYN Stealth Scan" time="1688074121" percent="96.56" remaining="1" etc="1688074122"/>
<taskprogress task="Service scan" time="1688074128" percent="12.00" remaining="44" etc="1688074172"/>
<taskprogress task="Service scan" time="1688074133" percent="52.00" remaining="11" etc="1688074143"/>
<taskprogress task="Service scan" time="1688074134" percent="56.00" remaining="10" etc="1688074143"/>
<taskprogress task="Service scan" time="1688074138" percent="56.00" remaining="13" etc="1688074151"/>
<taskprogress task="Service scan" time="1688074143" percent="56.00" remaining="17" etc="1688074159"/>
<taskprogress task="Service scan" time="1688074144" percent="56.00" remaining="18" etc="1688074161"/>
<taskprogress task="Service scan" time="1688074148" percent="56.00" remaining="21" etc="1688074168"/>
<taskprogress task="Service scan" time="1688074153" percent="56.00" remaining="25" etc="1688074177"/>
<taskprogress task="Service scan" time="1688074154" percent="56.00" remaining="26" etc="1688074179"/>
<taskprogress task="Service scan" time="1688074158" percent="56.00" remaining="29" etc="1688074186"/>
<taskprogress task="Service scan" time="1688074161" percent="56.00" remaining="31" etc="1688074192"/>
<taskprogress task="Service scan" time="1688074163" percent="56.00" remaining="33" etc="1688074195"/>
<taskprogress task="Service scan" time="1688074166" percent="60.00" remaining="30" etc="1688074195"/>
<taskprogress task="Service scan" time="1688074171" percent="60.00" remaining="33" etc="1688074204"/>
<taskprogress task="Service scan" time="1688074172" percent="60.00" remaining="34" etc="1688074205"/>
<taskprogress task="Service scan" time="1688074176" percent="60.00" remaining="36" etc="1688074212"/>
<taskprogress task="Service scan" time="1688074181" percent="88.00" remaining="9" etc="1688074189"/>
<taskprogress task="Service scan" time="1688074182" percent="88.00" remaining="9" etc="1688074190"/>
<taskprogress task="Service scan" time="1688074186" percent="96.00" remaining="3" etc="1688074189"/>
<taskprogress task="Service scan" time="1688074191" percent="96.00" remaining="3" etc="1688074194"/>
<taskprogress task="Service scan" time="1688074196" percent="96.00" remaining="4" etc="1688074199"/>
<taskprogress task="Service scan" time="1688074201" percent="96.00" remaining="4" etc="1688074204"/>
<taskprogress task="Service scan" time="1688074206" percent="96.00" remaining="4" etc="1688074210"/>
<taskprogress task="Service scan" time="1688074211" percent="96.00" remaining="4" etc="1688074215"/>
<taskprogress task="Service scan" time="1688074216" percent="96.00" remaining="4" etc="1688074220"/>
<taskprogress task="Service scan" time="1688074221" percent="96.00" remaining="5" etc="1688074225"/>
<taskprogress task="Service scan" time="1688074228" percent="96.00" remaining="5" etc="1688074232"/>
<taskprogress task="Service scan" time="1688074233" percent="96.00" remaining="5" etc="1688074238"/>
<taskprogress task="Service scan" time="1688074238" percent="96.00" remaining="5" etc="1688074243"/>
<taskprogress task="Service scan" time="1688074243" percent="96.00" remaining="6" etc="1688074248"/>
<taskprogress task="Service scan" time="1688074248" percent="96.00" remaining="6" etc="1688074253"/>
<taskprogress task="Service scan" time="1688074253" percent="96.00" remaining="6" etc="1688074258"/>
<taskprogress task="Service scan" time="1688074258" percent="96.00" remaining="6" etc="1688074264"/>
<taskprogress task="Service scan" time="1688074263" percent="96.00" remaining="6" etc="1688074269"/>
<taskprogress task="Service scan" time="1688074268" percent="96.00" remaining="7" etc="1688074274"/>
<taskprogress task="Service scan" time="1688074273" percent="96.00" remaining="7" etc="1688074279"/>
<taskprogress task="Service scan" time="1688074278" percent="100.00" remaining="0" etc="1688074278"/>
<taskprogress task="NSE" time="1688074279" percent="99.91" remaining="1" etc="1688074279"/>
<taskprogress task="NSE" time="1688074282" percent="99.91" remaining="1" etc="1688074282"/>
<taskprogress task="NSE" time="1688074285" percent="99.91" remaining="1" etc="1688074285"/>
<host starttime="1688074104" endtime="1688074287"><status state="up" reason="user-set" reason_ttl="0"/>
<address addr="10.3.6.6" addrtype="ipv4"/>
<hostnames>
</hostnames>
<ports><extraports state="closed" count="65503">
<extrareasons reason="reset" count="65503" proto="tcp" ports="1-79,81-112,114-134,136-138,140-444,446-1999,2001-2700,2702-3388,3390-5039,5041-5059,5061-7491,7493-7679,7681-7780,7782-8004,8006-8042,8044-8077,8080,8082-10559,10561-18487,18489-24826,24828-35994,35996-42284,42286-49663,49669,49671-49675,49677-49680,49682-61573,61575-65535"/>
</extraports>
<extraports state="filtered" count="7">
<extrareasons reason="no-response" count="7" proto="tcp" ports="113,7492,10560,18488,24827,35995,42285"/>
</extraports>
<port protocol="tcp" portid="80"><state state="open" reason="syn-ack" reason_ttl="127"/><service name="http" product="Microsoft HTTPAPI httpd" version="2.0" extrainfo="SSDP/UPnP" ostype="Windows" method="probed" conf="10"><cpe>cpe:/o:microsoft:windows</cpe></service></port>
<port protocol="tcp" portid="135"><state state="open" reason="syn-ack" reason_ttl="127"/><service name="msrpc" product="Microsoft Windows RPC" ostype="Windows" method="probed" conf="10"><cpe>cpe:/o:microsoft:windows</cpe></service></port>
<port protocol="tcp" portid="139"><state state="open" reason="syn-ack" reason_ttl="127"/><service name="netbios-ssn" product="Microsoft Windows netbios-ssn" ostype="Windows" method="probed" conf="10"><cpe>cpe:/o:microsoft:windows</cpe></service></port>
<port protocol="tcp" portid="445"><state state="open" reason="syn-ack" reason_ttl="127"/><service name="microsoft-ds" method="table" conf="3"/></port>
<port protocol="tcp" portid="2000"><state state="open" reason="syn-ack" reason_ttl="64"/><service name="tcpwrapped" method="probed" conf="8"/></port>
<port protocol="tcp" portid="2701"><state state="open" reason="syn-ack" reason_ttl="127"/><service name="cmrcservice" product="Microsoft Configuration Manager Remote Control service" extrainfo="CmRcService.exe" ostype="Windows" method="probed" conf="10"><cpe>cpe:/a:microsoft:systems_management_server</cpe><cpe>cpe:/o:microsoft:windows</cpe></service></port>
<port protocol="tcp" portid="3389"><state state="open" reason="syn-ack" reason_ttl="127"/><service name="ms-wbt-server" product="Microsoft Terminal Services" ostype="Windows" method="probed" conf="10"><cpe>cpe:/o:microsoft:windows</cpe></service></port>
<port protocol="tcp" portid="5040"><state state="open" reason="syn-ack" reason_ttl="127"/><service name="unknown" method="table" conf="3"/></port>
<port protocol="tcp" portid="5060"><state state="open" reason="syn-ack" reason_ttl="64"/><service name="tcpwrapped" method="probed" conf="8"/></port>
<port protocol="tcp" portid="7680"><state state="open" reason="syn-ack" reason_ttl="127"/><service name="pando-pub" method="table" conf="3"/></port>
<port protocol="tcp" portid="7781"><state state="open" reason="syn-ack" reason_ttl="127"/><service name="accu-lmgr" method="table" conf="3"/></port>
<port protocol="tcp" portid="8005"><state state="open" reason="syn-ack" reason_ttl="127"/><service name="http" product="Microsoft HTTPAPI httpd" version="2.0" extrainfo="SSDP/UPnP" ostype="Windows" method="probed" conf="10"><cpe>cpe:/o:microsoft:windows</cpe></service></port>
<port protocol="tcp" portid="8043"><state state="open" reason="syn-ack" reason_ttl="127"/><service name="fs-server" servicefp="SF-Port8043-TCP:V=7.93%I=7%D=6/29%Time=649DF790%P=i686-pc-windows-windows%r(GenericLines,496,&quot;\0\0\0\0\0\0\0\x05\x009\x000\x000\x004\x007\0\0\0\x90\0D\0i\0s\0c\0o\0r\0d\0a\0n\0c\0i\0a\0\x20\0d\0e\0\x20\0V\0e\0r\0s\0i\0\xf3\0n\0,\0\x20\0l\0a\0\x20\0v\0e\0r\0s\0i\0\xf3\0n\0\x20\0d\0e\0l\0\x20\0d\0r\0i\0v\0e\0r\0\x20\0e\0s\0\x20\0\&quot;\x000\0\&quot;\0\x20\0y\0\x20\0l\0a\0\x20\0d\0e\0l\0\x20\0s\0e\0r\0v\0e\0r\0\x20\0e\0s\0\x20\0\&quot;\x001\x005\0\&quot;\0\n\0V\0e\0r\0s\0i\0o\0n\0\x20\0m\0i\0s\0m\0a\0t\0c\0h\0,\0\x20\0d\0r\0i\0v\0e\0r\0\x20\0v\0e\0r\0s\0i\0o\0n\0\x20\0i\0s\0\x20\0\&quot;\x000\0\&quot;\0\x20\0b\0u\0t\0\x20\0s\0e\0r\0v\0e\0r\0\x20\0v\0e\0r\0s\0i\0o\0n\0\x20\0i\0s\0\x20\0\&quot;\x001\x005\0\&quot;\xff\xff\xff\xff\0\x01_\xbf\0\0\x01\xaa\0o\0r\0g\0\.\0h\x002\0\.\0j\0d\0b\0c\0\.\0J\0d\0b\0c\0S\0Q\0L\0E\0x\0c\0e\0p\0t\0i\0o\0n\0:\0\x20\0D\0i\0s\0c\0o\0r\0d\0a\0n\0c\0i\0a\0\x20\0d\0e\0\x20\0V\0e\0r\0s\0i\0\xf3\0n\0,\0\x20\0l\0a\0\x20\0v\0e\0r\0s\0i\0\xf3\0n\0\x20\0d\0e\0l\0\x20\0d\0r\0i\0v\0e\0r\0\x20\0e\0s\0\x20\0\&quot;\x000\0\&quot;\0\x20\0y\0\x20\0l\0a\0\x20\0d\0e\0l\0\x20\0s\0e\0r\0v\0e\0r\0\x20\0e\0s\0\x20\0\&quot;\x001\x005\0\&quot;\0\n\0V\0e\0r\0s\0i\0o\0n\0\x20\0m\0i\0s\0m\0a\0t\0c\0h\0,\0\x20\0d\0r\0i\0v\0e\0r\0\x20\0v\0e\0r\0s\0i\0o\0n\0\x20\0i\0s\0\x20\0\&quot;\x000\0\&quot;\0\x20\0b\0u\0t\0\x20\0s\0e\0r\0v\0e\0r\0\x20\0v\0e\0r\0s\0i\0o\0n\0\x20\0i\0s\0\x20\0\&quot;\x001\x005\0\&quot;\0\x20\0\[\x009\x000\x000\x004\x007\0-\x001\x008\x005\0\]\0\r\0\n\0\t\0a\0t\0\x20\0o\0r\0g\0\.\0h\x002\0\.\0m\0e\0s\0s\0a\0g\0e\0\.\0D\0b\0E\0x\0c\0e\0p\0t\0i\0o\0n\0\.\0g\0e\0t\0J\0d\0b\0c\0S\0Q\0L\0E\0x\0c\0e\0p\0t\0i\0o\0n\0\(\0D\0b\0E\0x\0c\0e\0p\0t\0i\0o\0n\0\.\0j\0a\0v\0a\0:\x003\x004\x005\0\)\0\r\0\n\0\t\0a\0t\0\x20\0o\0r\0g\0\.\0h\x002\0\.\0m\0e\0s\0s\0a\0g\0e\0\.\0D\0b\0E\0x\0c\0e\0p\0t&quot;)%r(GetRequest,496,&quot;\0\0\0\0\0\0\0\x05\x009\x000\x000\x004\x007\0\0\0\x90\0D\0i\0s\0c\0o\0r\0d\0a\0n\0c\0i\0a\0\x20\0d\0e\0\x20\0V\0e\0r\0s\0i\0\xf3\0n\0,\0\x20\0l\0a\0\x20\0v\0e\0r\0s\0i\0\xf3\0n\0\x20\0d\0e\0l\0\x20\0d\0r\0i\0v\0e\0r\0\x20\0e\0s\0\x20\0\&quot;\x000\0\&quot;\0\x20\0y\0\x20\0l\0a\0\x20\0d\0e\0l\0\x20\0s\0e\0r\0v\0e\0r\0\x20\0e\0s\0\x20\0\&quot;\x001\x005\0\&quot;\0\n\0V\0e\0r\0s\0i\0o\0n\0\x20\0m\0i\0s\0m\0a\0t\0c\0h\0,\0\x20\0d\0r\0i\0v\0e\0r\0\x20\0v\0e\0r\0s\0i\0o\0n\0\x20\0i\0s\0\x20\0\&quot;\x000\0\&quot;\0\x20\0b\0u\0t\0\x20\0s\0e\0r\0v\0e\0r\0\x20\0v\0e\0r\0s\0i\0o\0n\0\x20\0i\0s\0\x20\0\&quot;\x001\x005\0\&quot;\xff\xff\xff\xff\0\x01_\xbf\0\0\x01\xaa\0o\0r\0g\0\.\0h\x002\0\.\0j\0d\0b\0c\0\.\0J\0d\0b\0c\0S\0Q\0L\0E\0x\0c\0e\0p\0t\0i\0o\0n\0:\0\x20\0D\0i\0s\0c\0o\0r\0d\0a\0n\0c\0i\0a\0\x20\0d\0e\0\x20\0V\0e\0r\0s\0i\0\xf3\0n\0,\0\x20\0l\0a\0\x20\0v\0e\0r\0s\0i\0\xf3\0n\0\x20\0d\0e\0l\0\x20\0d\0r\0i\0v\0e\0r\0\x20\0e\0s\0\x20\0\&quot;\x000\0\&quot;\0\x20\0y\0\x20\0l\0a\0\x20\0d\0e\0l\0\x20\0s\0e\0r\0v\0e\0r\0\x20\0e\0s\0\x20\0\&quot;\x001\x005\0\&quot;\0\n\0V\0e\0r\0s\0i\0o\0n\0\x20\0m\0i\0s\0m\0a\0t\0c\0h\0,\0\x20\0d\0r\0i\0v\0e\0r\0\x20\0v\0e\0r\0s\0i\0o\0n\0\x20\0i\0s\0\x20\0\&quot;\x000\0\&quot;\0\x20\0b\0u\0t\0\x20\0s\0e\0r\0v\0e\0r\0\x20\0v\0e\0r\0s\0i\0o\0n\0\x20\0i\0s\0\x20\0\&quot;\x001\x005\0\&quot;\0\x20\0\[\x009\x000\x000\x004\x007\0-\x001\x008\x005\0\]\0\r\0\n\0\t\0a\0t\0\x20\0o\0r\0g\0\.\0h\x002\0\.\0m\0e\0s\0s\0a\0g\0e\0\.\0D\0b\0E\0x\0c\0e\0p\0t\0i\0o\0n\0\.\0g\0e\0t\0J\0d\0b\0c\0S\0Q\0L\0E\0x\0c\0e\0p\0t\0i\0o\0n\0\(\0D\0b\0E\0x\0c\0e\0p\0t\0i\0o\0n\0\.\0j\0a\0v\0a\0:\x003\x004\x005\0\)\0\r\0\n\0\t\0a\0t\0\x20\0o\0r\0g\0\.\0h\x002\0\.\0m\0e\0s\0s\0a\0g\0e\0\.\0D\0b\0E\0x\0c\0e\0p\0t&quot;);" method="table" conf="3"/></port>
<port protocol="tcp" portid="8078"><state state="open" reason="syn-ack" reason_ttl="127"/></port>
<port protocol="tcp" portid="8079"><state state="open" reason="syn-ack" reason_ttl="127"/></port>
<port protocol="tcp" portid="8081"><state state="open" reason="syn-ack" reason_ttl="127"/><service name="blackice-icecap" servicefp="SF-Port8081-TCP:V=7.93%I=7%D=6/29%Time=649DF795%P=i686-pc-windows-windows%r(HTTPOptions,64,&quot;HTTP/1\.1\x20404\x20Not\x20Found\r\nContent-Type:\x20text/plain;\x20charset=utf-8\r\nContent-Length:\x2013\r\n\r\n404\x20Not\x20Found&quot;);" method="table" conf="3"/></port>
<port protocol="tcp" portid="49664"><state state="open" reason="syn-ack" reason_ttl="127"/><service name="msrpc" product="Microsoft Windows RPC" ostype="Windows" method="probed" conf="10"><cpe>cpe:/o:microsoft:windows</cpe></service></port>
<port protocol="tcp" portid="49665"><state state="open" reason="syn-ack" reason_ttl="127"/><service name="msrpc" product="Microsoft Windows RPC" ostype="Windows" method="probed" conf="10"><cpe>cpe:/o:microsoft:windows</cpe></service></port>
<port protocol="tcp" portid="49666"><state state="open" reason="syn-ack" reason_ttl="127"/><service name="msrpc" product="Microsoft Windows RPC" ostype="Windows" method="probed" conf="10"><cpe>cpe:/o:microsoft:windows</cpe></service></port>
<port protocol="tcp" portid="49667"><state state="open" reason="syn-ack" reason_ttl="127"/><service name="msrpc" product="Microsoft Windows RPC" ostype="Windows" method="probed" conf="10"><cpe>cpe:/o:microsoft:windows</cpe></service></port>
<port protocol="tcp" portid="49668"><state state="open" reason="syn-ack" reason_ttl="127"/><service name="msrpc" product="Microsoft Windows RPC" ostype="Windows" method="probed" conf="10"><cpe>cpe:/o:microsoft:windows</cpe></service></port>
<port protocol="tcp" portid="49670"><state state="open" reason="syn-ack" reason_ttl="127"/><service name="msrpc" product="Microsoft Windows RPC" ostype="Windows" method="probed" conf="10"><cpe>cpe:/o:microsoft:windows</cpe></service></port>
<port protocol="tcp" portid="49676"><state state="open" reason="syn-ack" reason_ttl="127"/><service name="msrpc" product="Microsoft Windows RPC" ostype="Windows" method="probed" conf="10"><cpe>cpe:/o:microsoft:windows</cpe></service></port>
<port protocol="tcp" portid="49681"><state state="open" reason="syn-ack" reason_ttl="127"/><service name="msrpc" product="Microsoft Windows RPC" ostype="Windows" method="probed" conf="10"><cpe>cpe:/o:microsoft:windows</cpe></service></port>
<port protocol="tcp" portid="61574"><state state="open" reason="syn-ack" reason_ttl="127"/><service name="msrpc" product="Microsoft Windows RPC" ostype="Windows" method="probed" conf="10"><cpe>cpe:/o:microsoft:windows</cpe></service></port>
</ports>
<times srtt="1885" rttvar="1170" to="280000"/>
</host>
<runstats><finished time="1688074287" timestr="Thu Jun 29 15:31:27 2023" summary="Nmap done at Thu Jun 29 15:31:27 2023; 1 IP address (1 host up) scanned in 183.71 seconds" elapsed="183.71" exit="success"/><hosts up="1" down="0" total="1"/>
</runstats>
</nmaprun>
