<?xml version="1.0" encoding="UTF-8"?>
<!DOCTYPE nmaprun>
<?xml-stylesheet href="file:///C:/Program Files (x86)/Nmap/nmap.xsl" type="text/xsl"?>
<!-- Nmap 7.93 scan initiated Thu Jun 29 15:20:15 2023 as: &quot;C:\\Program Files (x86)\\Nmap\\nmap.exe&quot; -Pn -sS -p- -sV -n -&#45;min-rate 5432 -&#45;open -&#45;stats-every 3s -&#45;host-timeout 120m -&#45;initial-rtt-timeout 315ms -&#45;min-rtt-timeout 280ms -&#45;max-rtt-timeout 350ms -&#45;max-retries 1 -&#45;max-scan-delay 0 -oA outputs\\10.4.34.0 10.4.34.0 -->
<nmaprun scanner="nmap" args="&quot;C:\\Program Files (x86)\\Nmap\\nmap.exe&quot; -Pn -sS -p- -sV -n -&#45;min-rate 5432 -&#45;open -&#45;stats-every 3s -&#45;host-timeout 120m -&#45;initial-rtt-timeout 315ms -&#45;min-rtt-timeout 280ms -&#45;max-rtt-timeout 350ms -&#45;max-retries 1 -&#45;max-scan-delay 0 -oA outputs\\10.4.34.0 10.4.34.0" start="1688073615" startstr="Thu Jun 29 15:20:15 2023" version="7.93" xmloutputversion="1.05">
<scaninfo type="syn" protocol="tcp" numservices="65535" services="1-65535"/>
<verbose level="0"/>
<debugging level="0"/>
<taskprogress task="SYN Stealth Scan" time="1688073618" percent="2.29" remaining="86" etc="1688073703"/>
<taskprogress task="SYN Stealth Scan" time="1688073621" percent="7.26" remaining="64" etc="1688073685"/>
<taskprogress task="SYN Stealth Scan" time="1688073624" percent="12.22" remaining="58" etc="1688073681"/>
<taskprogress task="SYN Stealth Scan" time="1688073627" percent="17.40" remaining="53" etc="1688073679"/>
<taskprogress task="SYN Stealth Scan" time="1688073630" percent="22.60" remaining="48" etc="1688073678"/>
<taskprogress task="SYN Stealth Scan" time="1688073633" percent="27.73" remaining="45" etc="1688073677"/>
<taskprogress task="SYN Stealth Scan" time="1688073636" percent="32.69" remaining="42" etc="1688073677"/>
<taskprogress task="SYN Stealth Scan" time="1688073639" percent="37.97" remaining="38" etc="1688073677"/>
<taskprogress task="SYN Stealth Scan" time="1688073642" percent="43.07" remaining="35" etc="1688073676"/>
<taskprogress task="SYN Stealth Scan" time="1688073645" percent="48.57" remaining="31" etc="1688073676"/>
<taskprogress task="SYN Stealth Scan" time="1688073648" percent="54.44" remaining="27" etc="1688073675"/>
<taskprogress task="SYN Stealth Scan" time="1688073651" percent="63.19" remaining="21" etc="1688073671"/>
<taskprogress task="SYN Stealth Scan" time="1688073654" percent="72.39" remaining="15" etc="1688073668"/>
<taskprogress task="SYN Stealth Scan" time="1688073657" percent="81.68" remaining="10" etc="1688073666"/>
<taskprogress task="SYN Stealth Scan" time="1688073660" percent="91.40" remaining="5" etc="1688073664"/>
<taskprogress task="SYN Stealth Scan" time="1688073663" percent="99.99" remaining="1" etc="1688073663"/>
<taskprogress task="Service scan" time="1688073669" percent="0.00"/>
<taskprogress task="Service scan" time="1688073674" percent="0.00"/>
<taskprogress task="Service scan" time="1688073679" percent="0.00"/>
<taskprogress task="Service scan" time="1688073682" percent="0.00"/>
<taskprogress task="Service scan" time="1688073684" percent="0.00"/>
<taskprogress task="Service scan" time="1688073687" percent="0.00"/>
<taskprogress task="Service scan" time="1688073689" percent="0.00"/>
<taskprogress task="Service scan" time="1688073692" percent="0.00"/>
<taskprogress task="Service scan" time="1688073697" percent="0.00"/>
<taskprogress task="Service scan" time="1688073699" percent="0.00"/>
<taskprogress task="Service scan" time="1688073702" percent="0.00"/>
<taskprogress task="Service scan" time="1688073704" percent="0.00"/>
<taskprogress task="Service scan" time="1688073707" percent="0.00"/>
<taskprogress task="Service scan" time="1688073712" percent="0.00"/>
<taskprogress task="Service scan" time="1688073714" percent="0.00"/>
<taskprogress task="Service scan" time="1688073719" percent="0.00"/>
<taskprogress task="Service scan" time="1688073724" percent="0.00"/>
<taskprogress task="Service scan" time="1688073727" percent="0.00"/>
<taskprogress task="Service scan" time="1688073729" percent="0.00"/>
<taskprogress task="Service scan" time="1688073732" percent="0.00"/>
<taskprogress task="Service scan" time="1688073734" percent="0.00"/>
<taskprogress task="Service scan" time="1688073737" percent="0.00"/>
<taskprogress task="Service scan" time="1688073742" percent="0.00"/>
<taskprogress task="Service scan" time="1688073744" percent="0.00"/>
<taskprogress task="Service scan" time="1688073747" percent="0.00"/>
<taskprogress task="Service scan" time="1688073749" percent="0.00"/>
<taskprogress task="Service scan" time="1688073752" percent="0.00"/>
<taskprogress task="Service scan" time="1688073757" percent="0.00"/>
<taskprogress task="Service scan" time="1688073759" percent="0.00"/>
<taskprogress task="Service scan" time="1688073762" percent="0.00"/>
<taskprogress task="Service scan" time="1688073764" percent="0.00"/>
<taskprogress task="Service scan" time="1688073767" percent="0.00"/>
<taskprogress task="Service scan" time="1688073772" percent="0.00"/>
<taskprogress task="Service scan" time="1688073774" percent="0.00"/>
<taskprogress task="Service scan" time="1688073779" percent="0.00"/>
<taskprogress task="Service scan" time="1688073784" percent="0.00"/>
<taskprogress task="Service scan" time="1688073789" percent="0.00"/>
<taskprogress task="Service scan" time="1688073794" percent="0.00"/>
<taskprogress task="Service scan" time="1688073799" percent="0.00"/>
<taskprogress task="Service scan" time="1688073804" percent="0.00"/>
<taskprogress task="Service scan" time="1688073809" percent="0.00"/>
<taskprogress task="Service scan" time="1688073814" percent="0.00"/>
<taskprogress task="Service scan" time="1688073819" percent="0.00"/>
<taskprogress task="Service scan" time="1688073824" percent="100.00" remaining="0" etc="1688073824"/>
<taskprogress task="NSE" time="1688073825" percent="50.00" remaining="2" etc="1688073826"/>
<host starttime="1688073616" endtime="1688073825"><status state="up" reason="user-set" reason_ttl="0"/>
<address addr="10.4.34.0" addrtype="ipv4"/>
<hostnames>
</hostnames>
<ports><extraports state="filtered" count="65533">
<extrareasons reason="no-response" count="65533" proto="tcp" ports="1-1999,2001-5059,5061-65535"/>
</extraports>
<port protocol="tcp" portid="2000"><state state="open" reason="syn-ack" reason_ttl="64"/><service name="cisco-sccp" method="table" conf="3"/></port>
<port protocol="tcp" portid="5060"><state state="open" reason="syn-ack" reason_ttl="64"/><service name="sip" method="table" conf="3"/></port>
</ports>
<times srtt="30651" rttvar="25292" to="280000"/>
</host>
<runstats><finished time="1688073825" timestr="Thu Jun 29 15:23:45 2023" summary="Nmap done at Thu Jun 29 15:23:45 2023; 1 IP address (1 host up) scanned in 210.62 seconds" elapsed="210.62" exit="success"/><hosts up="1" down="0" total="1"/>
</runstats>
</nmaprun>
