<?xml version="1.0" encoding="UTF-8"?>
<!DOCTYPE nmaprun>
<?xml-stylesheet href="file:///C:/Program Files (x86)/Nmap/nmap.xsl" type="text/xsl"?>
<!-- Nmap 7.93 scan initiated Thu Jun 29 15:23:45 2023 as: &quot;C:\\Program Files (x86)\\Nmap\\nmap.exe&quot; -Pn -sS -p- -sV -n -&#45;min-rate 5432 -&#45;open -&#45;stats-every 3s -&#45;host-timeout 120m -&#45;initial-rtt-timeout 315ms -&#45;min-rtt-timeout 280ms -&#45;max-rtt-timeout 350ms -&#45;max-retries 1 -&#45;max-scan-delay 0 -oA outputs\\10.5.2.105 10.5.2.105 -->
<nmaprun scanner="nmap" args="&quot;C:\\Program Files (x86)\\Nmap\\nmap.exe&quot; -Pn -sS -p- -sV -n -&#45;min-rate 5432 -&#45;open -&#45;stats-every 3s -&#45;host-timeout 120m -&#45;initial-rtt-timeout 315ms -&#45;min-rtt-timeout 280ms -&#45;max-rtt-timeout 350ms -&#45;max-retries 1 -&#45;max-scan-delay 0 -oA outputs\\10.5.2.105 10.5.2.105" start="1688073825" startstr="Thu Jun 29 15:23:45 2023" version="7.93" xmloutputversion="1.05">
<scaninfo type="syn" protocol="tcp" numservices="65535" services="1-65535"/>
<verbose level="0"/>
<debugging level="0"/>
<taskprogress task="SYN Stealth Scan" time="1688073828" percent="8.32" remaining="23" etc="1688073850"/>
<taskprogress task="SYN Stealth Scan" time="1688073831" percent="17.13" remaining="25" etc="1688073855"/>
<taskprogress task="SYN Stealth Scan" time="1688073834" percent="26.60" remaining="23" etc="1688073856"/>
<taskprogress task="SYN Stealth Scan" time="1688073837" percent="34.81" remaining="21" etc="1688073858"/>
<taskprogress task="SYN Stealth Scan" time="1688073840" percent="42.82" remaining="19" etc="1688073859"/>
<taskprogress task="SYN Stealth Scan" time="1688073843" percent="49.59" remaining="18" etc="1688073860"/>
<taskprogress task="SYN Stealth Scan" time="1688073846" percent="56.20" remaining="16" etc="1688073862"/>
<taskprogress task="SYN Stealth Scan" time="1688073849" percent="62.94" remaining="14" etc="1688073863"/>
<taskprogress task="SYN Stealth Scan" time="1688073852" percent="69.51" remaining="12" etc="1688073863"/>
<taskprogress task="SYN Stealth Scan" time="1688073855" percent="76.05" remaining="10" etc="1688073864"/>
<taskprogress task="SYN Stealth Scan" time="1688073858" percent="82.09" remaining="7" etc="1688073865"/>
<taskprogress task="SYN Stealth Scan" time="1688073861" percent="88.45" remaining="5" etc="1688073866"/>
<taskprogress task="SYN Stealth Scan" time="1688073864" percent="96.96" remaining="2" etc="1688073865"/>
<taskprogress task="Service scan" time="1688073872" percent="0.00"/>
<taskprogress task="Service scan" time="1688073877" percent="0.00"/>
<taskprogress task="Service scan" time="1688073882" percent="0.00"/>
<taskprogress task="Service scan" time="1688073885" percent="0.00"/>
<taskprogress task="Service scan" time="1688073887" percent="0.00"/>
<taskprogress task="Service scan" time="1688073890" percent="0.00"/>
<taskprogress task="Service scan" time="1688073892" percent="0.00"/>
<taskprogress task="Service scan" time="1688073895" percent="0.00"/>
<taskprogress task="Service scan" time="1688073900" percent="0.00"/>
<taskprogress task="Service scan" time="1688073902" percent="0.00"/>
<taskprogress task="Service scan" time="1688073905" percent="0.00"/>
<taskprogress task="Service scan" time="1688073907" percent="0.00"/>
<taskprogress task="Service scan" time="1688073910" percent="0.00"/>
<taskprogress task="Service scan" time="1688073915" percent="0.00"/>
<taskprogress task="Service scan" time="1688073917" percent="0.00"/>
<taskprogress task="Service scan" time="1688073922" percent="0.00"/>
<taskprogress task="Service scan" time="1688073927" percent="0.00"/>
<taskprogress task="Service scan" time="1688073930" percent="0.00"/>
<taskprogress task="Service scan" time="1688073932" percent="0.00"/>
<taskprogress task="Service scan" time="1688073935" percent="0.00"/>
<taskprogress task="Service scan" time="1688073937" percent="0.00"/>
<taskprogress task="Service scan" time="1688073940" percent="0.00"/>
<taskprogress task="Service scan" time="1688073945" percent="0.00"/>
<taskprogress task="Service scan" time="1688073947" percent="0.00"/>
<taskprogress task="Service scan" time="1688073950" percent="0.00"/>
<taskprogress task="Service scan" time="1688073952" percent="0.00"/>
<taskprogress task="Service scan" time="1688073955" percent="0.00"/>
<taskprogress task="Service scan" time="1688073960" percent="0.00"/>
<taskprogress task="Service scan" time="1688073962" percent="0.00"/>
<taskprogress task="Service scan" time="1688073965" percent="0.00"/>
<taskprogress task="Service scan" time="1688073967" percent="0.00"/>
<taskprogress task="Service scan" time="1688073970" percent="0.00"/>
<taskprogress task="Service scan" time="1688073975" percent="0.00"/>
<taskprogress task="Service scan" time="1688073977" percent="0.00"/>
<taskprogress task="Service scan" time="1688073982" percent="0.00"/>
<taskprogress task="Service scan" time="1688073987" percent="0.00"/>
<taskprogress task="Service scan" time="1688073992" percent="0.00"/>
<taskprogress task="Service scan" time="1688073997" percent="0.00"/>
<taskprogress task="Service scan" time="1688074002" percent="0.00"/>
<taskprogress task="Service scan" time="1688074007" percent="0.00"/>
<taskprogress task="Service scan" time="1688074012" percent="0.00"/>
<taskprogress task="Service scan" time="1688074017" percent="0.00"/>
<taskprogress task="Service scan" time="1688074022" percent="0.00"/>
<taskprogress task="Service scan" time="1688074027" percent="100.00" remaining="0" etc="1688074027"/>
<taskprogress task="NSE" time="1688074028" percent="50.00" remaining="2" etc="1688074029"/>
<host starttime="1688073826" endtime="1688074028"><status state="up" reason="user-set" reason_ttl="0"/>
<address addr="10.5.2.105" addrtype="ipv4"/>
<hostnames>
</hostnames>
<ports><extraports state="filtered" count="65533">
<extrareasons reason="no-response" count="65533" proto="tcp" ports="1-1999,2001-5059,5061-65535"/>
</extraports>
<port protocol="tcp" portid="2000"><state state="open" reason="syn-ack" reason_ttl="64"/><service name="cisco-sccp" method="table" conf="3"/></port>
<port protocol="tcp" portid="5060"><state state="open" reason="syn-ack" reason_ttl="64"/><service name="sip" method="table" conf="3"/></port>
</ports>
<times srtt="48594" rttvar="3867" to="280000"/>
</host>
<runstats><finished time="1688074028" timestr="Thu Jun 29 15:27:08 2023" summary="Nmap done at Thu Jun 29 15:27:08 2023; 1 IP address (1 host up) scanned in 202.95 seconds" elapsed="202.95" exit="success"/><hosts up="1" down="0" total="1"/>
</runstats>
</nmaprun>
