<?xml version="1.0" encoding="UTF-8"?>
<!DOCTYPE nmaprun>
<?xml-stylesheet href="file:///C:/Program Files (x86)/Nmap/nmap.xsl" type="text/xsl"?>
<!-- Nmap 7.93 scan initiated Thu Jun 29 15:22:31 2023 as: &quot;C:\\Program Files (x86)\\Nmap\\nmap.exe&quot; -Pn -sS -p- -sV -n -&#45;min-rate 5432 -&#45;open -&#45;stats-every 3s -&#45;host-timeout 120m -&#45;initial-rtt-timeout 315ms -&#45;min-rtt-timeout 280ms -&#45;max-rtt-timeout 350ms -&#45;max-retries 1 -&#45;max-scan-delay 0 -oA outputs\\172.27.203.24 172.27.203.24 -->
<nmaprun scanner="nmap" args="&quot;C:\\Program Files (x86)\\Nmap\\nmap.exe&quot; -Pn -sS -p- -sV -n -&#45;min-rate 5432 -&#45;open -&#45;stats-every 3s -&#45;host-timeout 120m -&#45;initial-rtt-timeout 315ms -&#45;min-rtt-timeout 280ms -&#45;max-rtt-timeout 350ms -&#45;max-retries 1 -&#45;max-scan-delay 0 -oA outputs\\172.27.203.24 172.27.203.24" start="1688073751" startstr="Thu Jun 29 15:22:31 2023" version="7.93" xmloutputversion="1.05">
<scaninfo type="syn" protocol="tcp" numservices="65535" services="1-65535"/>
<verbose level="0"/>
<debugging level="0"/>
<taskprogress task="SYN Stealth Scan" time="1688073754" percent="15.87" remaining="16" etc="1688073770"/>
<taskprogress task="SYN Stealth Scan" time="1688073757" percent="35.48" remaining="11" etc="1688073768"/>
<taskprogress task="SYN Stealth Scan" time="1688073760" percent="54.83" remaining="8" etc="1688073767"/>
<taskprogress task="SYN Stealth Scan" time="1688073763" percent="74.35" remaining="5" etc="1688073767"/>
<taskprogress task="SYN Stealth Scan" time="1688073766" percent="93.49" remaining="2" etc="1688073767"/>
<taskprogress task="Service scan" time="1688073774" percent="7.32" remaining="76" etc="1688073850"/>
<taskprogress task="Service scan" time="1688073779" percent="48.78" remaining="12" etc="1688073791"/>
<taskprogress task="Service scan" time="1688073780" percent="48.78" remaining="13" etc="1688073793"/>
<taskprogress task="Service scan" time="1688073785" percent="48.78" remaining="18" etc="1688073803"/>
<taskprogress task="Service scan" time="1688073785" percent="51.22" remaining="17" etc="1688073801"/>
<taskprogress task="Service scan" time="1688073790" percent="51.22" remaining="21" etc="1688073811"/>
<taskprogress task="Service scan" time="1688073791" percent="58.54" remaining="17" etc="1688073807"/>
<taskprogress task="Service scan" time="1688073795" percent="58.54" remaining="20" etc="1688073814"/>
<taskprogress task="Service scan" time="1688073797" percent="75.61" remaining="10" etc="1688073806"/>
<taskprogress task="Service scan" time="1688073801" percent="78.05" remaining="10" etc="1688073810"/>
<taskprogress task="Service scan" time="1688073805" percent="78.05" remaining="11" etc="1688073815"/>
<taskprogress task="Service scan" time="1688073807" percent="78.05" remaining="11" etc="1688073818"/>
<taskprogress task="Service scan" time="1688073811" percent="80.49" remaining="11" etc="1688073821"/>
<taskprogress task="Service scan" time="1688073812" percent="80.49" remaining="11" etc="1688073823"/>
<taskprogress task="Service scan" time="1688073816" percent="80.49" remaining="12" etc="1688073828"/>
<taskprogress task="Service scan" time="1688073822" percent="80.49" remaining="14" etc="1688073835"/>
<taskprogress task="Service scan" time="1688073823" percent="80.49" remaining="14" etc="1688073836"/>
<taskprogress task="Service scan" time="1688073827" percent="80.49" remaining="15" etc="1688073841"/>
<taskprogress task="Service scan" time="1688073833" percent="97.56" remaining="2" etc="1688073835"/>
<taskprogress task="Service scan" time="1688073838" percent="97.56" remaining="2" etc="1688073840"/>
<taskprogress task="NSE" time="1688073839" percent="97.73" remaining="1" etc="1688073839"/>
<host starttime="1688073751" endtime="1688073841"><status state="up" reason="user-set" reason_ttl="0"/>
<address addr="172.27.203.24" addrtype="ipv4"/>
<hostnames>
</hostnames>
<ports><extraports state="closed" count="65493">
<extrareasons reason="reset" count="65493" proto="tcp" ports="1-79,81-112,114-134,136-138,140-444,446-1202,1209,1211-1299,1302-1307,1309,1311-1999,2001-2700,2702-3388,3390-5059,5061-5984,5986-14999,15007-15009,15013-15014,15016-33220,33222-47000,47002-49663,49667-49669,49672-49684,49686-49700,49702-50218,50220-65535"/>
</extraports>
<extraports state="filtered" count="1">
<extrareasons reason="no-response" count="1" proto="tcp" ports="113"/>
</extraports>
<port protocol="tcp" portid="80"><state state="open" reason="syn-ack" reason_ttl="126"/><service name="http" product="Microsoft IIS httpd" version="10.0" ostype="Windows" method="probed" conf="10"><cpe>cpe:/a:microsoft:internet_information_services:10.0</cpe><cpe>cpe:/o:microsoft:windows</cpe></service></port>
<port protocol="tcp" portid="135"><state state="open" reason="syn-ack" reason_ttl="126"/><service name="msrpc" product="Microsoft Windows RPC" ostype="Windows" method="probed" conf="10"><cpe>cpe:/o:microsoft:windows</cpe></service></port>
<port protocol="tcp" portid="139"><state state="open" reason="syn-ack" reason_ttl="126"/><service name="netbios-ssn" product="Microsoft Windows netbios-ssn" ostype="Windows" method="probed" conf="10"><cpe>cpe:/o:microsoft:windows</cpe></service></port>
<port protocol="tcp" portid="445"><state state="open" reason="syn-ack" reason_ttl="126"/><service name="microsoft-ds" product="Microsoft Windows Server 2008 R2 - 2012 microsoft-ds" extrainfo="workgroup: BANOBRAS" hostname="BNOTIKOSNET-B" ostype="Windows" method="probed" conf="10"><cpe>cpe:/o:microsoft:windows</cpe></service></port>
<port protocol="tcp" portid="1203"><state state="open" reason="syn-ack" reason_ttl="126"/><service name="mc-nmf" product=".NET Message Framing" ostype="Windows" method="probed" conf="10"><cpe>cpe:/o:microsoft:windows</cpe></service></port>
<port protocol="tcp" portid="1204"><state state="open" reason="syn-ack" reason_ttl="126"/><service name="mc-nmf" product=".NET Message Framing" ostype="Windows" method="probed" conf="10"><cpe>cpe:/o:microsoft:windows</cpe></service></port>
<port protocol="tcp" portid="1205"><state state="open" reason="syn-ack" reason_ttl="126"/><service name="mc-nmf" product=".NET Message Framing" ostype="Windows" method="probed" conf="10"><cpe>cpe:/o:microsoft:windows</cpe></service></port>
<port protocol="tcp" portid="1206"><state state="open" reason="syn-ack" reason_ttl="126"/><service name="mc-nmf" product=".NET Message Framing" ostype="Windows" method="probed" conf="10"><cpe>cpe:/o:microsoft:windows</cpe></service></port>
<port protocol="tcp" portid="1207"><state state="open" reason="syn-ack" reason_ttl="126"/><service name="mc-nmf" product=".NET Message Framing" ostype="Windows" method="probed" conf="10"><cpe>cpe:/o:microsoft:windows</cpe></service></port>
<port protocol="tcp" portid="1208"><state state="open" reason="syn-ack" reason_ttl="126"/><service name="mc-nmf" product=".NET Message Framing" ostype="Windows" method="probed" conf="10"><cpe>cpe:/o:microsoft:windows</cpe></service></port>
<port protocol="tcp" portid="1210"><state state="open" reason="syn-ack" reason_ttl="126"/><service name="mc-nmf" product=".NET Message Framing" ostype="Windows" method="probed" conf="10"><cpe>cpe:/o:microsoft:windows</cpe></service></port>
<port protocol="tcp" portid="1300"><state state="open" reason="syn-ack" reason_ttl="126"/><service name="mc-nmf" product=".NET Message Framing" ostype="Windows" method="probed" conf="10"><cpe>cpe:/o:microsoft:windows</cpe></service></port>
<port protocol="tcp" portid="1301"><state state="open" reason="syn-ack" reason_ttl="126"/><service name="mc-nmf" product=".NET Message Framing" ostype="Windows" method="probed" conf="10"><cpe>cpe:/o:microsoft:windows</cpe></service></port>
<port protocol="tcp" portid="1308"><state state="open" reason="syn-ack" reason_ttl="126"/><service name="mc-nmf" product=".NET Message Framing" ostype="Windows" method="probed" conf="10"><cpe>cpe:/o:microsoft:windows</cpe></service></port>
<port protocol="tcp" portid="1310"><state state="open" reason="syn-ack" reason_ttl="126"/><service name="mc-nmf" product=".NET Message Framing" ostype="Windows" method="probed" conf="10"><cpe>cpe:/o:microsoft:windows</cpe></service></port>
<port protocol="tcp" portid="2000"><state state="open" reason="syn-ack" reason_ttl="64"/><service name="tcpwrapped" method="probed" conf="8"/></port>
<port protocol="tcp" portid="2701"><state state="open" reason="syn-ack" reason_ttl="126"/><service name="cmrcservice" product="Microsoft Configuration Manager Remote Control service" extrainfo="CmRcService.exe" ostype="Windows" method="probed" conf="10"><cpe>cpe:/a:microsoft:systems_management_server</cpe><cpe>cpe:/o:microsoft:windows</cpe></service></port>
<port protocol="tcp" portid="3389"><state state="open" reason="syn-ack" reason_ttl="126"/><service name="ms-wbt-server" product="Microsoft Terminal Services" ostype="Windows" method="probed" conf="10"><cpe>cpe:/o:microsoft:windows</cpe></service></port>
<port protocol="tcp" portid="5060"><state state="open" reason="syn-ack" reason_ttl="64"/><service name="tcpwrapped" method="probed" conf="8"/></port>
<port protocol="tcp" portid="5985"><state state="open" reason="syn-ack" reason_ttl="126"/><service name="http" product="Microsoft HTTPAPI httpd" version="2.0" extrainfo="SSDP/UPnP" ostype="Windows" method="probed" conf="10"><cpe>cpe:/o:microsoft:windows</cpe></service></port>
<port protocol="tcp" portid="15000"><state state="open" reason="syn-ack" reason_ttl="126"/><service name="http" product="Microsoft HTTPAPI httpd" version="2.0" extrainfo="SSDP/UPnP" ostype="Windows" tunnel="ssl" method="probed" conf="10"><cpe>cpe:/o:microsoft:windows</cpe></service></port>
<port protocol="tcp" portid="15001"><state state="open" reason="syn-ack" reason_ttl="126"/><service name="http" product="Microsoft HTTPAPI httpd" version="2.0" extrainfo="SSDP/UPnP" ostype="Windows" tunnel="ssl" method="probed" conf="10"><cpe>cpe:/o:microsoft:windows</cpe></service></port>
<port protocol="tcp" portid="15002"><state state="open" reason="syn-ack" reason_ttl="126"/><service name="http" product="Microsoft HTTPAPI httpd" version="2.0" extrainfo="SSDP/UPnP" ostype="Windows" tunnel="ssl" method="probed" conf="10"><cpe>cpe:/o:microsoft:windows</cpe></service></port>
<port protocol="tcp" portid="15003"><state state="open" reason="syn-ack" reason_ttl="126"/><service name="http" product="Microsoft HTTPAPI httpd" version="2.0" extrainfo="SSDP/UPnP" ostype="Windows" tunnel="ssl" method="probed" conf="10"><cpe>cpe:/o:microsoft:windows</cpe></service></port>
<port protocol="tcp" portid="15004"><state state="open" reason="syn-ack" reason_ttl="126"/><service name="http" product="Microsoft HTTPAPI httpd" version="2.0" extrainfo="SSDP/UPnP" ostype="Windows" tunnel="ssl" method="probed" conf="10"><cpe>cpe:/o:microsoft:windows</cpe></service></port>
<port protocol="tcp" portid="15005"><state state="open" reason="syn-ack" reason_ttl="126"/><service name="http" product="Microsoft HTTPAPI httpd" version="2.0" extrainfo="SSDP/UPnP" ostype="Windows" tunnel="ssl" method="probed" conf="10"><cpe>cpe:/o:microsoft:windows</cpe></service></port>
<port protocol="tcp" portid="15006"><state state="open" reason="syn-ack" reason_ttl="126"/><service name="http" product="Microsoft HTTPAPI httpd" version="2.0" extrainfo="SSDP/UPnP" ostype="Windows" tunnel="ssl" method="probed" conf="10"><cpe>cpe:/o:microsoft:windows</cpe></service></port>
<port protocol="tcp" portid="15010"><state state="open" reason="syn-ack" reason_ttl="126"/><service name="http" product="Microsoft HTTPAPI httpd" version="2.0" extrainfo="SSDP/UPnP" ostype="Windows" tunnel="ssl" method="probed" conf="10"><cpe>cpe:/o:microsoft:windows</cpe></service></port>
<port protocol="tcp" portid="15011"><state state="open" reason="syn-ack" reason_ttl="126"/><service name="http" product="Microsoft HTTPAPI httpd" version="2.0" extrainfo="SSDP/UPnP" ostype="Windows" tunnel="ssl" method="probed" conf="10"><cpe>cpe:/o:microsoft:windows</cpe></service></port>
<port protocol="tcp" portid="15012"><state state="open" reason="syn-ack" reason_ttl="126"/><service name="http" product="Microsoft HTTPAPI httpd" version="2.0" extrainfo="SSDP/UPnP" ostype="Windows" tunnel="ssl" method="probed" conf="10"><cpe>cpe:/o:microsoft:windows</cpe></service></port>
<port protocol="tcp" portid="15015"><state state="open" reason="syn-ack" reason_ttl="126"/><service name="http" product="Microsoft HTTPAPI httpd" version="2.0" extrainfo="SSDP/UPnP" ostype="Windows" tunnel="ssl" method="probed" conf="10"><cpe>cpe:/o:microsoft:windows</cpe></service></port>
<port protocol="tcp" portid="33221"><state state="open" reason="syn-ack" reason_ttl="126"/><service name="unknown" servicefp="SF-Port33221-TCP:V=7.93%I=7%D=6/29%Time=649DF64F%P=i686-pc-windows-windows%r(giop,E,&quot;\x01\0\0\0\0\0\0\0\x02\0\0\0\x08\x02&quot;);" method="table" conf="3"/></port>
<port protocol="tcp" portid="47001"><state state="open" reason="syn-ack" reason_ttl="126"/><service name="http" product="Microsoft HTTPAPI httpd" version="2.0" extrainfo="SSDP/UPnP" ostype="Windows" method="probed" conf="10"><cpe>cpe:/o:microsoft:windows</cpe></service></port>
<port protocol="tcp" portid="49664"><state state="open" reason="syn-ack" reason_ttl="126"/><service name="msrpc" product="Microsoft Windows RPC" ostype="Windows" method="probed" conf="10"><cpe>cpe:/o:microsoft:windows</cpe></service></port>
<port protocol="tcp" portid="49665"><state state="open" reason="syn-ack" reason_ttl="126"/><service name="msrpc" product="Microsoft Windows RPC" ostype="Windows" method="probed" conf="10"><cpe>cpe:/o:microsoft:windows</cpe></service></port>
<port protocol="tcp" portid="49666"><state state="open" reason="syn-ack" reason_ttl="126"/><service name="msrpc" product="Microsoft Windows RPC" ostype="Windows" method="probed" conf="10"><cpe>cpe:/o:microsoft:windows</cpe></service></port>
<port protocol="tcp" portid="49670"><state state="open" reason="syn-ack" reason_ttl="126"/><service name="msrpc" product="Microsoft Windows RPC" ostype="Windows" method="probed" conf="10"><cpe>cpe:/o:microsoft:windows</cpe></service></port>
<port protocol="tcp" portid="49671"><state state="open" reason="syn-ack" reason_ttl="126"/><service name="msrpc" product="Microsoft Windows RPC" ostype="Windows" method="probed" conf="10"><cpe>cpe:/o:microsoft:windows</cpe></service></port>
<port protocol="tcp" portid="49685"><state state="open" reason="syn-ack" reason_ttl="126"/><service name="msrpc" product="Microsoft Windows RPC" ostype="Windows" method="probed" conf="10"><cpe>cpe:/o:microsoft:windows</cpe></service></port>
<port protocol="tcp" portid="49701"><state state="open" reason="syn-ack" reason_ttl="126"/><service name="msrpc" product="Microsoft Windows RPC" ostype="Windows" method="probed" conf="10"><cpe>cpe:/o:microsoft:windows</cpe></service></port>
<port protocol="tcp" portid="50219"><state state="open" reason="syn-ack" reason_ttl="126"/><service name="msrpc" product="Microsoft Windows RPC" ostype="Windows" method="probed" conf="10"><cpe>cpe:/o:microsoft:windows</cpe></service></port>
</ports>
<times srtt="1721" rttvar="558" to="280000"/>
</host>
<runstats><finished time="1688073841" timestr="Thu Jun 29 15:24:01 2023" summary="Nmap done at Thu Jun 29 15:24:01 2023; 1 IP address (1 host up) scanned in 89.71 seconds" elapsed="89.71" exit="success"/><hosts up="1" down="0" total="1"/>
</runstats>
</nmaprun>
