<?xml version="1.0" encoding="UTF-8"?>
<!DOCTYPE nmaprun>
<?xml-stylesheet href="file:///C:/Program Files (x86)/Nmap/nmap.xsl" type="text/xsl"?>
<!-- Nmap 7.93 scan initiated Thu Jun 29 15:30:20 2023 as: &quot;C:\\Program Files (x86)\\Nmap\\nmap.exe&quot; -Pn -sS -p- -sV -n -&#45;min-rate 5432 -&#45;open -&#45;stats-every 3s -&#45;host-timeout 120m -&#45;initial-rtt-timeout 315ms -&#45;min-rtt-timeout 280ms -&#45;max-rtt-timeout 350ms -&#45;max-retries 1 -&#45;max-scan-delay 0 -oA outputs\\172.17.201.55 172.17.201.55 -->
<nmaprun scanner="nmap" args="&quot;C:\\Program Files (x86)\\Nmap\\nmap.exe&quot; -Pn -sS -p- -sV -n -&#45;min-rate 5432 -&#45;open -&#45;stats-every 3s -&#45;host-timeout 120m -&#45;initial-rtt-timeout 315ms -&#45;min-rtt-timeout 280ms -&#45;max-rtt-timeout 350ms -&#45;max-retries 1 -&#45;max-scan-delay 0 -oA outputs\\172.17.201.55 172.17.201.55" start="1688074220" startstr="Thu Jun 29 15:30:20 2023" version="7.93" xmloutputversion="1.05">
<scaninfo type="syn" protocol="tcp" numservices="65535" services="1-65535"/>
<verbose level="0"/>
<debugging level="0"/>
<taskprogress task="SYN Stealth Scan" time="1688074223" percent="7.64" remaining="25" etc="1688074247"/>
<taskprogress task="SYN Stealth Scan" time="1688074226" percent="17.01" remaining="25" etc="1688074250"/>
<taskprogress task="SYN Stealth Scan" time="1688074229" percent="24.96" remaining="25" etc="1688074253"/>
<taskprogress task="SYN Stealth Scan" time="1688074232" percent="32.67" remaining="23" etc="1688074255"/>
<taskprogress task="SYN Stealth Scan" time="1688074235" percent="40.17" remaining="21" etc="1688074256"/>
<taskprogress task="SYN Stealth Scan" time="1688074238" percent="48.42" remaining="19" etc="1688074256"/>
<taskprogress task="SYN Stealth Scan" time="1688074241" percent="56.42" remaining="16" etc="1688074256"/>
<taskprogress task="SYN Stealth Scan" time="1688074244" percent="65.15" remaining="13" etc="1688074256"/>
<taskprogress task="SYN Stealth Scan" time="1688074247" percent="74.72" remaining="9" etc="1688074256"/>
<taskprogress task="SYN Stealth Scan" time="1688074250" percent="83.51" remaining="6" etc="1688074256"/>
<taskprogress task="SYN Stealth Scan" time="1688074253" percent="92.37" remaining="3" etc="1688074256"/>
<taskprogress task="SYN Stealth Scan" time="1688074256" percent="99.99" remaining="1" etc="1688074256"/>
<runstats><finished time="1688074257" timestr="Thu Jun 29 15:30:57 2023" summary="Nmap done at Thu Jun 29 15:30:57 2023; 1 IP address (1 host up) scanned in 36.30 seconds" elapsed="36.30" exit="success"/><hosts up="1" down="0" total="1"/>
</runstats>
</nmaprun>
