<?xml version="1.0" encoding="UTF-8"?>
<!DOCTYPE nmaprun>
<?xml-stylesheet href="file:///C:/Program Files (x86)/Nmap/nmap.xsl" type="text/xsl"?>
<!-- Nmap 7.93 scan initiated Thu Jun 29 15:20:15 2023 as: &quot;C:\\Program Files (x86)\\Nmap\\nmap.exe&quot; -Pn -sS -p- -sV -n -&#45;min-rate 5432 -&#45;open -&#45;stats-every 3s -&#45;host-timeout 120m -&#45;initial-rtt-timeout 315ms -&#45;min-rtt-timeout 280ms -&#45;max-rtt-timeout 350ms -&#45;max-retries 1 -&#45;max-scan-delay 0 -oA outputs\\172.17.206.200 172.17.206.200 -->
<nmaprun scanner="nmap" args="&quot;C:\\Program Files (x86)\\Nmap\\nmap.exe&quot; -Pn -sS -p- -sV -n -&#45;min-rate 5432 -&#45;open -&#45;stats-every 3s -&#45;host-timeout 120m -&#45;initial-rtt-timeout 315ms -&#45;min-rtt-timeout 280ms -&#45;max-rtt-timeout 350ms -&#45;max-retries 1 -&#45;max-scan-delay 0 -oA outputs\\172.17.206.200 172.17.206.200" start="1688073615" startstr="Thu Jun 29 15:20:15 2023" version="7.93" xmloutputversion="1.05">
<scaninfo type="syn" protocol="tcp" numservices="65535" services="1-65535"/>
<verbose level="0"/>
<debugging level="0"/>
<taskprogress task="SYN Stealth Scan" time="1688073618" percent="4.87" remaining="40" etc="1688073657"/>
<taskprogress task="SYN Stealth Scan" time="1688073621" percent="13.54" remaining="32" etc="1688073653"/>
<taskprogress task="SYN Stealth Scan" time="1688073624" percent="22.47" remaining="28" etc="1688073652"/>
<taskprogress task="SYN Stealth Scan" time="1688073627" percent="31.91" remaining="24" etc="1688073650"/>
<taskprogress task="SYN Stealth Scan" time="1688073630" percent="41.61" remaining="20" etc="1688073650"/>
<taskprogress task="SYN Stealth Scan" time="1688073633" percent="50.99" remaining="17" etc="1688073649"/>
<taskprogress task="SYN Stealth Scan" time="1688073636" percent="60.15" remaining="14" etc="1688073649"/>
<taskprogress task="SYN Stealth Scan" time="1688073639" percent="69.99" remaining="10" etc="1688073649"/>
<taskprogress task="SYN Stealth Scan" time="1688073642" percent="79.46" remaining="7" etc="1688073649"/>
<taskprogress task="SYN Stealth Scan" time="1688073645" percent="89.24" remaining="4" etc="1688073648"/>
<taskprogress task="SYN Stealth Scan" time="1688073648" percent="99.40" remaining="1" etc="1688073648"/>
<taskprogress task="Service scan" time="1688073655" percent="11.11" remaining="48" etc="1688073703"/>
<taskprogress task="Service scan" time="1688073660" percent="29.17" remaining="27" etc="1688073687"/>
<taskprogress task="Service scan" time="1688073661" percent="30.56" remaining="28" etc="1688073688"/>
<taskprogress task="Service scan" time="1688073665" percent="34.72" remaining="31" etc="1688073695"/>
<taskprogress task="Service scan" time="1688073666" percent="36.11" remaining="31" etc="1688073696"/>
<taskprogress task="Service scan" time="1688073670" percent="37.50" remaining="36" etc="1688073705"/>
<taskprogress task="Service scan" time="1688073672" percent="37.50" remaining="39" etc="1688073710"/>
<taskprogress task="Service scan" time="1688073676" percent="37.50" remaining="46" etc="1688073721"/>
<taskprogress task="Service scan" time="1688073678" percent="37.50" remaining="49" etc="1688073726"/>
<taskprogress task="Service scan" time="1688073681" percent="37.50" remaining="54" etc="1688073734"/>
<taskprogress task="Service scan" time="1688073685" percent="37.50" remaining="60" etc="1688073745"/>
<taskprogress task="Service scan" time="1688073687" percent="37.50" remaining="64" etc="1688073750"/>
<taskprogress task="Service scan" time="1688073690" percent="37.50" remaining="69" etc="1688073758"/>
<taskprogress task="Service scan" time="1688073693" percent="37.50" remaining="74" etc="1688073766"/>
<taskprogress task="Service scan" time="1688073696" percent="38.89" remaining="74" etc="1688073770"/>
<taskprogress task="Service scan" time="1688073700" percent="41.67" remaining="72" etc="1688073771"/>
<taskprogress task="Service scan" time="1688073702" percent="41.67" remaining="75" etc="1688073776"/>
<taskprogress task="Service scan" time="1688073706" percent="47.22" remaining="64" etc="1688073770"/>
<taskprogress task="Service scan" time="1688073708" percent="47.22" remaining="66" etc="1688073774"/>
<taskprogress task="Service scan" time="1688073712" percent="48.61" remaining="67" etc="1688073779"/>
<taskprogress task="Service scan" time="1688073714" percent="55.56" remaining="52" etc="1688073766"/>
<taskprogress task="Service scan" time="1688073717" percent="56.94" remaining="52" etc="1688073768"/>
<taskprogress task="Service scan" time="1688073721" percent="58.33" remaining="52" etc="1688073772"/>
<taskprogress task="Service scan" time="1688073723" percent="59.72" remaining="50" etc="1688073773"/>
<taskprogress task="Service scan" time="1688073727" percent="61.11" remaining="50" etc="1688073777"/>
<taskprogress task="Service scan" time="1688073729" percent="61.11" remaining="51" etc="1688073780"/>
<taskprogress task="Service scan" time="1688073734" percent="61.11" remaining="55" etc="1688073788"/>
<taskprogress task="Service scan" time="1688073736" percent="61.11" remaining="56" etc="1688073791"/>
<taskprogress task="Service scan" time="1688073739" percent="61.11" remaining="58" etc="1688073796"/>
<taskprogress task="Service scan" time="1688073741" percent="61.11" remaining="59" etc="1688073800"/>
<taskprogress task="Service scan" time="1688073744" percent="61.11" remaining="61" etc="1688073804"/>
<taskprogress task="Service scan" time="1688073749" percent="61.11" remaining="64" etc="1688073813"/>
<taskprogress task="Service scan" time="1688073751" percent="62.50" remaining="62" etc="1688073812"/>
<taskprogress task="Service scan" time="1688073754" percent="65.28" remaining="56" etc="1688073810"/>
<taskprogress task="Service scan" time="1688073757" percent="68.06" remaining="51" etc="1688073808"/>
<taskprogress task="Service scan" time="1688073759" percent="69.44" remaining="49" etc="1688073807"/>
<taskprogress task="Service scan" time="1688073763" percent="73.61" remaining="41" etc="1688073804"/>
<taskprogress task="Service scan" time="1688073765" percent="73.61" remaining="42" etc="1688073807"/>
<taskprogress task="Service scan" time="1688073768" percent="81.94" remaining="27" etc="1688073794"/>
<taskprogress task="Service scan" time="1688073772" percent="83.33" remaining="25" etc="1688073797"/>
<taskprogress task="Service scan" time="1688073775" percent="84.72" remaining="23" etc="1688073798"/>
<taskprogress task="Service scan" time="1688073777" percent="87.50" remaining="19" etc="1688073795"/>
<taskprogress task="Service scan" time="1688073781" percent="87.50" remaining="19" etc="1688073800"/>
<taskprogress task="Service scan" time="1688073783" percent="87.50" remaining="20" etc="1688073802"/>
<taskprogress task="Service scan" time="1688073787" percent="87.50" remaining="20" etc="1688073807"/>
<taskprogress task="Service scan" time="1688073790" percent="87.50" remaining="21" etc="1688073810"/>
<taskprogress task="Service scan" time="1688073792" percent="87.50" remaining="21" etc="1688073812"/>
<taskprogress task="Service scan" time="1688073796" percent="87.50" remaining="22" etc="1688073817"/>
<taskprogress task="Service scan" time="1688073800" percent="87.50" remaining="22" etc="1688073822"/>
<taskprogress task="Service scan" time="1688073802" percent="87.50" remaining="22" etc="1688073824"/>
<taskprogress task="Service scan" time="1688073805" percent="88.89" remaining="20" etc="1688073825"/>
<taskprogress task="Service scan" time="1688073810" percent="91.67" remaining="15" etc="1688073825"/>
<taskprogress task="Service scan" time="1688073811" percent="94.44" remaining="10" etc="1688073821"/>
<taskprogress task="Service scan" time="1688073818" percent="98.61" remaining="3" etc="1688073820"/>
<taskprogress task="Service scan" time="1688073823" percent="98.61" remaining="3" etc="1688073825"/>
<taskprogress task="Service scan" time="1688073828" percent="98.61" remaining="3" etc="1688073831"/>
<taskprogress task="Service scan" time="1688073833" percent="98.61" remaining="3" etc="1688073836"/>
<taskprogress task="Service scan" time="1688073838" percent="98.61" remaining="3" etc="1688073841"/>
<taskprogress task="Service scan" time="1688073843" percent="98.61" remaining="3" etc="1688073846"/>
<taskprogress task="Service scan" time="1688073848" percent="98.61" remaining="3" etc="1688073851"/>
<taskprogress task="Service scan" time="1688073853" percent="98.61" remaining="3" etc="1688073856"/>
<taskprogress task="Service scan" time="1688073858" percent="98.61" remaining="3" etc="1688073861"/>
<taskprogress task="Service scan" time="1688073863" percent="100.00" remaining="0" etc="1688073863"/>
<taskprogress task="NSE" time="1688073863" percent="99.71" remaining="0" etc="1688073863"/>
<taskprogress task="NSE" time="1688073866" percent="99.94" remaining="1" etc="1688073866"/>
<taskprogress task="NSE" time="1688073869" percent="99.94" remaining="1" etc="1688073869"/>
<host starttime="1688073616" endtime="1688073871"><status state="up" reason="user-set" reason_ttl="0"/>
<address addr="172.17.206.200" addrtype="ipv4"/>
<hostnames>
</hostnames>
<ports><extraports state="closed" count="65460">
<extrareasons reason="reset" count="65460" proto="tcp" ports="1-24,26-79,82-112,114-134,136-442,446-464,466-474,476-586,588-592,594-716,718-807,809-889,891-1800,1802-1999,2001-2102,2104,2106,2108-2524,2526-3388,3390-3799,3802,3804-3822,3824-3827,3829-3842,3844-3846,3848-3862,3864-3874,3876-5059,5061,5063-5064,5066-5984,5986-6000,6002-6004,6007,6010-6026,6028-6727,6729-8171,8173-9709,9711-22472,22474-29049,29051-31718,31720-33220,33222-34997,34999-37746,37748-40411,40413-42594,42596-43530,43532-47000,47002-53881,53883-53897,53899-53903,53905-53909,53911-53918,53920-53965,53967-53971,53974-53980,53982-53990,53992-53996,53998-54002,54004-54010,54012-54031,54033-54042,54044-54083,54085-54099,54101-55281,55283-57055,57057-64326,64328-64336,64338-65535"/>
</extraports>
<extraports state="filtered" count="3">
<extrareasons reason="no-response" count="3" proto="tcp" ports="113,29050,31719"/>
</extraports>
<port protocol="tcp" portid="25"><state state="open" reason="syn-ack" reason_ttl="124"/><service name="smtp" product="Microsoft Exchange smtpd" hostname="BNOPEXCASA05.banobras.gob.mx" ostype="Windows" method="probed" conf="10"><cpe>cpe:/a:microsoft:exchange_server</cpe><cpe>cpe:/o:microsoft:windows</cpe></service></port>
<port protocol="tcp" portid="80"><state state="open" reason="syn-ack" reason_ttl="124"/><service name="http" product="Microsoft IIS httpd" version="8.5" ostype="Windows" method="probed" conf="10"><cpe>cpe:/a:microsoft:internet_information_services:8.5</cpe><cpe>cpe:/o:microsoft:windows</cpe></service></port>
<port protocol="tcp" portid="81"><state state="open" reason="syn-ack" reason_ttl="124"/><service name="http" product="Microsoft IIS httpd" version="8.5" ostype="Windows" method="probed" conf="10"><cpe>cpe:/a:microsoft:internet_information_services:8.5</cpe><cpe>cpe:/o:microsoft:windows</cpe></service></port>
<port protocol="tcp" portid="135"><state state="open" reason="syn-ack" reason_ttl="124"/><service name="msrpc" product="Microsoft Windows RPC" ostype="Windows" method="probed" conf="10"><cpe>cpe:/o:microsoft:windows</cpe></service></port>
<port protocol="tcp" portid="443"><state state="open" reason="syn-ack" reason_ttl="124"/><service name="http" product="Microsoft IIS httpd" version="8.5" ostype="Windows" tunnel="ssl" method="probed" conf="10"><cpe>cpe:/a:microsoft:internet_information_services:8.5</cpe><cpe>cpe:/o:microsoft:windows</cpe></service></port>
<port protocol="tcp" portid="444"><state state="open" reason="syn-ack" reason_ttl="124"/><service name="http" product="Microsoft IIS httpd" version="8.5" ostype="Windows" tunnel="ssl" method="probed" conf="10"><cpe>cpe:/a:microsoft:internet_information_services:8.5</cpe><cpe>cpe:/o:microsoft:windows</cpe></service></port>
<port protocol="tcp" portid="445"><state state="open" reason="syn-ack" reason_ttl="124"/><service name="microsoft-ds" product="Microsoft Windows Server 2008 R2 - 2012 microsoft-ds" ostype="Windows Server 2008 R2 - 2012" method="probed" conf="10"><cpe>cpe:/o:microsoft:windows</cpe></service></port>
<port protocol="tcp" portid="465"><state state="open" reason="syn-ack" reason_ttl="124"/><service name="smtp" product="Microsoft Exchange smtpd" hostname="BNOPEXCASA05.banobras.gob.mx" ostype="Windows" method="probed" conf="10"><cpe>cpe:/a:microsoft:exchange_server</cpe><cpe>cpe:/o:microsoft:windows</cpe></service></port>
<port protocol="tcp" portid="475"><state state="open" reason="syn-ack" reason_ttl="124"/><service name="smtp" product="Microsoft Exchange smtpd" hostname="BNOPEXCASA05.banobras.gob.mx" ostype="Windows" method="probed" conf="10"><cpe>cpe:/a:microsoft:exchange_server</cpe><cpe>cpe:/o:microsoft:windows</cpe></service></port>
<port protocol="tcp" portid="587"><state state="open" reason="syn-ack" reason_ttl="124"/><service name="smtp" product="Microsoft Exchange smtpd" hostname="BNOPEXCASA05.banobras.gob.mx" ostype="Windows" method="probed" conf="10"><cpe>cpe:/a:microsoft:exchange_server</cpe><cpe>cpe:/o:microsoft:windows</cpe></service></port>
<port protocol="tcp" portid="593"><state state="open" reason="syn-ack" reason_ttl="124"/><service name="ncacn_http" product="Microsoft Windows RPC over HTTP" version="1.0" ostype="Windows" method="probed" conf="10"><cpe>cpe:/o:microsoft:windows</cpe></service></port>
<port protocol="tcp" portid="717"><state state="open" reason="syn-ack" reason_ttl="124"/><service name="smtp" product="Microsoft Exchange smtpd" hostname="BNOPEXCASA05.banobras.gob.mx" ostype="Windows" method="probed" conf="10"><cpe>cpe:/a:microsoft:exchange_server</cpe><cpe>cpe:/o:microsoft:windows</cpe></service></port>
<port protocol="tcp" portid="808"><state state="open" reason="syn-ack" reason_ttl="124"/><service name="ccproxy-http" method="table" conf="3"/></port>
<port protocol="tcp" portid="890"><state state="open" reason="syn-ack" reason_ttl="124"/><service name="mc-nmf" product=".NET Message Framing" ostype="Windows" method="probed" conf="10"><cpe>cpe:/o:microsoft:windows</cpe></service></port>
<port protocol="tcp" portid="1801"><state state="open" reason="syn-ack" reason_ttl="124"/><service name="msmq" method="table" conf="3"/></port>
<port protocol="tcp" portid="2000"><state state="open" reason="syn-ack" reason_ttl="64"/><service name="tcpwrapped" method="probed" conf="8"/></port>
<port protocol="tcp" portid="2103"><state state="open" reason="syn-ack" reason_ttl="124"/><service name="msrpc" product="Microsoft Windows RPC" ostype="Windows" method="probed" conf="10"><cpe>cpe:/o:microsoft:windows</cpe></service></port>
<port protocol="tcp" portid="2105"><state state="open" reason="syn-ack" reason_ttl="124"/><service name="msrpc" product="Microsoft Windows RPC" ostype="Windows" method="probed" conf="10"><cpe>cpe:/o:microsoft:windows</cpe></service></port>
<port protocol="tcp" portid="2107"><state state="open" reason="syn-ack" reason_ttl="124"/><service name="msrpc" product="Microsoft Windows RPC" ostype="Windows" method="probed" conf="10"><cpe>cpe:/o:microsoft:windows</cpe></service></port>
<port protocol="tcp" portid="2525"><state state="open" reason="syn-ack" reason_ttl="124"/><service name="smtp" product="Microsoft Exchange smtpd" hostname="BNOPEXCASA05.banobras.gob.mx" ostype="Windows" method="probed" conf="10"><cpe>cpe:/a:microsoft:exchange_server</cpe><cpe>cpe:/o:microsoft:windows</cpe></service></port>
<port protocol="tcp" portid="3389"><state state="open" reason="syn-ack" reason_ttl="124"/><service name="ms-wbt-server" tunnel="ssl" method="table" conf="3"/></port>
<port protocol="tcp" portid="3800"><state state="open" reason="syn-ack" reason_ttl="124"/><service name="http" product="Microsoft HTTPAPI httpd" version="2.0" extrainfo="SSDP/UPnP" ostype="Windows" method="probed" conf="10"><cpe>cpe:/o:microsoft:windows</cpe></service></port>
<port protocol="tcp" portid="3801"><state state="open" reason="syn-ack" reason_ttl="124"/><service name="mc-nmf" product=".NET Message Framing" ostype="Windows" method="probed" conf="10"><cpe>cpe:/o:microsoft:windows</cpe></service></port>
<port protocol="tcp" portid="3803"><state state="open" reason="syn-ack" reason_ttl="124"/><service name="mc-nmf" product=".NET Message Framing" ostype="Windows" method="probed" conf="10"><cpe>cpe:/o:microsoft:windows</cpe></service></port>
<port protocol="tcp" portid="3823"><state state="open" reason="syn-ack" reason_ttl="124"/><service name="mc-nmf" product=".NET Message Framing" ostype="Windows" method="probed" conf="10"><cpe>cpe:/o:microsoft:windows</cpe></service></port>
<port protocol="tcp" portid="3828"><state state="open" reason="syn-ack" reason_ttl="124"/><service name="mc-nmf" product=".NET Message Framing" ostype="Windows" method="probed" conf="10"><cpe>cpe:/o:microsoft:windows</cpe></service></port>
<port protocol="tcp" portid="3843"><state state="open" reason="syn-ack" reason_ttl="124"/><service name="mc-nmf" product=".NET Message Framing" ostype="Windows" method="probed" conf="10"><cpe>cpe:/o:microsoft:windows</cpe></service></port>
<port protocol="tcp" portid="3847"><state state="open" reason="syn-ack" reason_ttl="124"/><service name="mc-nmf" product=".NET Message Framing" ostype="Windows" method="probed" conf="10"><cpe>cpe:/o:microsoft:windows</cpe></service></port>
<port protocol="tcp" portid="3863"><state state="open" reason="syn-ack" reason_ttl="124"/><service name="mc-nmf" product=".NET Message Framing" ostype="Windows" method="probed" conf="10"><cpe>cpe:/o:microsoft:windows</cpe></service></port>
<port protocol="tcp" portid="3875"><state state="open" reason="syn-ack" reason_ttl="124"/><service name="msexchange-logcopier" product="Microsoft Exchange 2010 log copier" method="probed" conf="10"><cpe>cpe:/a:microsoft:exchange_server:2010</cpe></service></port>
<port protocol="tcp" portid="5060"><state state="open" reason="syn-ack" reason_ttl="64"/><service name="sip" method="table" conf="3"/></port>
<port protocol="tcp" portid="5062"><state state="open" reason="syn-ack" reason_ttl="124"/><service name="na-localise" method="table" conf="3"/></port>
<port protocol="tcp" portid="5065"><state state="open" reason="syn-ack" reason_ttl="124"/><service name="ca-2" method="table" conf="3"/></port>
<port protocol="tcp" portid="5985"><state state="open" reason="syn-ack" reason_ttl="124"/><service name="http" product="Microsoft HTTPAPI httpd" version="2.0" extrainfo="SSDP/UPnP" ostype="Windows" method="probed" conf="10"><cpe>cpe:/o:microsoft:windows</cpe></service></port>
<port protocol="tcp" portid="6001"><state state="open" reason="syn-ack" reason_ttl="124"/><service name="ncacn_http" product="Microsoft Windows RPC over HTTP" version="1.0" ostype="Windows" method="probed" conf="10"><cpe>cpe:/o:microsoft:windows</cpe></service></port>
<port protocol="tcp" portid="6005"><state state="open" reason="syn-ack" reason_ttl="124"/><service name="msrpc" product="Microsoft Windows RPC" ostype="Windows" method="probed" conf="10"><cpe>cpe:/o:microsoft:windows</cpe></service></port>
<port protocol="tcp" portid="6006"><state state="open" reason="syn-ack" reason_ttl="124"/><service name="msrpc" product="Microsoft Windows RPC" ostype="Windows" method="probed" conf="10"><cpe>cpe:/o:microsoft:windows</cpe></service></port>
<port protocol="tcp" portid="6008"><state state="open" reason="syn-ack" reason_ttl="124"/><service name="msrpc" product="Microsoft Windows RPC" ostype="Windows" method="probed" conf="10"><cpe>cpe:/o:microsoft:windows</cpe></service></port>
<port protocol="tcp" portid="6009"><state state="open" reason="syn-ack" reason_ttl="124"/><service name="msrpc" product="Microsoft Windows RPC" ostype="Windows" method="probed" conf="10"><cpe>cpe:/o:microsoft:windows</cpe></service></port>
<port protocol="tcp" portid="6027"><state state="open" reason="syn-ack" reason_ttl="124"/><service name="msrpc" product="Microsoft Windows RPC" ostype="Windows" method="probed" conf="10"><cpe>cpe:/o:microsoft:windows</cpe></service></port>
<port protocol="tcp" portid="6728"><state state="open" reason="syn-ack" reason_ttl="124"/></port>
<port protocol="tcp" portid="8172"><state state="open" reason="syn-ack" reason_ttl="124"/><service name="unknown" tunnel="ssl" method="table" conf="3"/></port>
<port protocol="tcp" portid="9710"><state state="open" reason="syn-ack" reason_ttl="124"/><service name="mc-nmf" product=".NET Message Framing" ostype="Windows" method="probed" conf="10"><cpe>cpe:/o:microsoft:windows</cpe></service></port>
<port protocol="tcp" portid="22473"><state state="open" reason="syn-ack" reason_ttl="124"/><service name="msrpc" product="Microsoft Windows RPC" ostype="Windows" method="probed" conf="10"><cpe>cpe:/o:microsoft:windows</cpe></service></port>
<port protocol="tcp" portid="33221"><state state="open" reason="syn-ack" reason_ttl="124"/><service name="unknown" servicefp="SF-Port33221-TCP:V=7.93%I=7%D=6/29%Time=649DF5E0%P=i686-pc-windows-windows%r(giop,30,&quot;\x01\0\0\0\0\0\0\0\$\0\0\0\x08\x02\x12\x2059c3fe615b3944e0bf05935c57faa167&quot;);" method="table" conf="3"/></port>
<port protocol="tcp" portid="34998"><state state="open" reason="syn-ack" reason_ttl="124"/><service name="msrpc" product="Microsoft Windows RPC" ostype="Windows" method="probed" conf="10"><cpe>cpe:/o:microsoft:windows</cpe></service></port>
<port protocol="tcp" portid="37747"><state state="open" reason="syn-ack" reason_ttl="124"/><service name="msrpc" product="Microsoft Windows RPC" ostype="Windows" method="probed" conf="10"><cpe>cpe:/o:microsoft:windows</cpe></service></port>
<port protocol="tcp" portid="40412"><state state="open" reason="syn-ack" reason_ttl="124"/><service name="msrpc" product="Microsoft Windows RPC" ostype="Windows" method="probed" conf="10"><cpe>cpe:/o:microsoft:windows</cpe></service></port>
<port protocol="tcp" portid="42595"><state state="open" reason="syn-ack" reason_ttl="124"/><service name="msrpc" product="Microsoft Windows RPC" ostype="Windows" method="probed" conf="10"><cpe>cpe:/o:microsoft:windows</cpe></service></port>
<port protocol="tcp" portid="43531"><state state="open" reason="syn-ack" reason_ttl="124"/><service name="msrpc" product="Microsoft Windows RPC" ostype="Windows" method="probed" conf="10"><cpe>cpe:/o:microsoft:windows</cpe></service></port>
<port protocol="tcp" portid="47001"><state state="open" reason="syn-ack" reason_ttl="124"/><service name="http" product="Microsoft HTTPAPI httpd" version="2.0" extrainfo="SSDP/UPnP" ostype="Windows" method="probed" conf="10"><cpe>cpe:/o:microsoft:windows</cpe></service></port>
<port protocol="tcp" portid="53882"><state state="open" reason="syn-ack" reason_ttl="124"/><service name="msrpc" product="Microsoft Windows RPC" ostype="Windows" method="probed" conf="10"><cpe>cpe:/o:microsoft:windows</cpe></service></port>
<port protocol="tcp" portid="53898"><state state="open" reason="syn-ack" reason_ttl="124"/><service name="msrpc" product="Microsoft Windows RPC" ostype="Windows" method="probed" conf="10"><cpe>cpe:/o:microsoft:windows</cpe></service></port>
<port protocol="tcp" portid="53904"><state state="open" reason="syn-ack" reason_ttl="124"/><service name="msrpc" product="Microsoft Windows RPC" ostype="Windows" method="probed" conf="10"><cpe>cpe:/o:microsoft:windows</cpe></service></port>
<port protocol="tcp" portid="53910"><state state="open" reason="syn-ack" reason_ttl="124"/><service name="msrpc" product="Microsoft Windows RPC" ostype="Windows" method="probed" conf="10"><cpe>cpe:/o:microsoft:windows</cpe></service></port>
<port protocol="tcp" portid="53919"><state state="open" reason="syn-ack" reason_ttl="124"/><service name="msrpc" product="Microsoft Windows RPC" ostype="Windows" method="probed" conf="10"><cpe>cpe:/o:microsoft:windows</cpe></service></port>
<port protocol="tcp" portid="53966"><state state="open" reason="syn-ack" reason_ttl="124"/><service name="msrpc" product="Microsoft Windows RPC" ostype="Windows" method="probed" conf="10"><cpe>cpe:/o:microsoft:windows</cpe></service></port>
<port protocol="tcp" portid="53972"><state state="open" reason="syn-ack" reason_ttl="124"/><service name="msrpc" product="Microsoft Windows RPC" ostype="Windows" method="probed" conf="10"><cpe>cpe:/o:microsoft:windows</cpe></service></port>
<port protocol="tcp" portid="53973"><state state="open" reason="syn-ack" reason_ttl="124"/><service name="msrpc" product="Microsoft Windows RPC" ostype="Windows" method="probed" conf="10"><cpe>cpe:/o:microsoft:windows</cpe></service></port>
<port protocol="tcp" portid="53981"><state state="open" reason="syn-ack" reason_ttl="124"/><service name="msrpc" product="Microsoft Windows RPC" ostype="Windows" method="probed" conf="10"><cpe>cpe:/o:microsoft:windows</cpe></service></port>
<port protocol="tcp" portid="53991"><state state="open" reason="syn-ack" reason_ttl="124"/><service name="msrpc" product="Microsoft Windows RPC" ostype="Windows" method="probed" conf="10"><cpe>cpe:/o:microsoft:windows</cpe></service></port>
<port protocol="tcp" portid="53997"><state state="open" reason="syn-ack" reason_ttl="124"/><service name="msrpc" product="Microsoft Windows RPC" ostype="Windows" method="probed" conf="10"><cpe>cpe:/o:microsoft:windows</cpe></service></port>
<port protocol="tcp" portid="54003"><state state="open" reason="syn-ack" reason_ttl="124"/><service name="msrpc" product="Microsoft Windows RPC" ostype="Windows" method="probed" conf="10"><cpe>cpe:/o:microsoft:windows</cpe></service></port>
<port protocol="tcp" portid="54011"><state state="open" reason="syn-ack" reason_ttl="124"/><service name="msrpc" product="Microsoft Windows RPC" ostype="Windows" method="probed" conf="10"><cpe>cpe:/o:microsoft:windows</cpe></service></port>
<port protocol="tcp" portid="54032"><state state="open" reason="syn-ack" reason_ttl="124"/><service name="msrpc" product="Microsoft Windows RPC" ostype="Windows" method="probed" conf="10"><cpe>cpe:/o:microsoft:windows</cpe></service></port>
<port protocol="tcp" portid="54043"><state state="open" reason="syn-ack" reason_ttl="124"/><service name="msrpc" product="Microsoft Windows RPC" ostype="Windows" method="probed" conf="10"><cpe>cpe:/o:microsoft:windows</cpe></service></port>
<port protocol="tcp" portid="54084"><state state="open" reason="syn-ack" reason_ttl="124"/><service name="msrpc" product="Microsoft Windows RPC" ostype="Windows" method="probed" conf="10"><cpe>cpe:/o:microsoft:windows</cpe></service></port>
<port protocol="tcp" portid="54100"><state state="open" reason="syn-ack" reason_ttl="124"/><service name="msrpc" product="Microsoft Windows RPC" ostype="Windows" method="probed" conf="10"><cpe>cpe:/o:microsoft:windows</cpe></service></port>
<port protocol="tcp" portid="55282"><state state="open" reason="syn-ack" reason_ttl="124"/></port>
<port protocol="tcp" portid="57056"><state state="open" reason="syn-ack" reason_ttl="124"/><service name="msrpc" product="Microsoft Windows RPC" ostype="Windows" method="probed" conf="10"><cpe>cpe:/o:microsoft:windows</cpe></service></port>
<port protocol="tcp" portid="64327"><state state="open" reason="syn-ack" reason_ttl="124"/><service name="msexchange-logcopier" product="Microsoft Exchange 2010 log copier" method="probed" conf="10"><cpe>cpe:/a:microsoft:exchange_server:2010</cpe></service></port>
<port protocol="tcp" portid="64337"><state state="open" reason="syn-ack" reason_ttl="124"/><service name="mc-nmf" product=".NET Message Framing" ostype="Windows" method="probed" conf="10"><cpe>cpe:/o:microsoft:windows</cpe></service></port>
</ports>
<times srtt="8992" rttvar="3457" to="280000"/>
</host>
<runstats><finished time="1688073871" timestr="Thu Jun 29 15:24:31 2023" summary="Nmap done at Thu Jun 29 15:24:31 2023; 1 IP address (1 host up) scanned in 256.12 seconds" elapsed="256.12" exit="success"/><hosts up="1" down="0" total="1"/>
</runstats>
</nmaprun>
