<?xml version="1.0" encoding="UTF-8"?>
<!DOCTYPE nmaprun>
<?xml-stylesheet href="file:///C:/Program Files (x86)/Nmap/nmap.xsl" type="text/xsl"?>
<!-- Nmap 7.93 scan initiated Thu Jun 29 15:20:15 2023 as: &quot;C:\\Program Files (x86)\\Nmap\\nmap.exe&quot; -Pn -sS -p- -sV -n -&#45;min-rate 5432 -&#45;open -&#45;stats-every 3s -&#45;host-timeout 120m -&#45;initial-rtt-timeout 315ms -&#45;min-rtt-timeout 280ms -&#45;max-rtt-timeout 350ms -&#45;max-retries 1 -&#45;max-scan-delay 0 -oA outputs\\172.17.202.14 172.17.202.14 -->
<nmaprun scanner="nmap" args="&quot;C:\\Program Files (x86)\\Nmap\\nmap.exe&quot; -Pn -sS -p- -sV -n -&#45;min-rate 5432 -&#45;open -&#45;stats-every 3s -&#45;host-timeout 120m -&#45;initial-rtt-timeout 315ms -&#45;min-rtt-timeout 280ms -&#45;max-rtt-timeout 350ms -&#45;max-retries 1 -&#45;max-scan-delay 0 -oA outputs\\172.17.202.14 172.17.202.14" start="1688073615" startstr="Thu Jun 29 15:20:15 2023" version="7.93" xmloutputversion="1.05">
<scaninfo type="syn" protocol="tcp" numservices="65535" services="1-65535"/>
<verbose level="0"/>
<debugging level="0"/>
<taskprogress task="SYN Stealth Scan" time="1688073618" percent="4.21" remaining="46" etc="1688073664"/>
<taskprogress task="SYN Stealth Scan" time="1688073621" percent="13.73" remaining="32" etc="1688073652"/>
<taskprogress task="SYN Stealth Scan" time="1688073624" percent="23.74" remaining="26" etc="1688073650"/>
<taskprogress task="SYN Stealth Scan" time="1688073627" percent="34.26" remaining="22" etc="1688073648"/>
<taskprogress task="SYN Stealth Scan" time="1688073630" percent="44.77" remaining="18" etc="1688073647"/>
<taskprogress task="SYN Stealth Scan" time="1688073633" percent="54.90" remaining="14" etc="1688073647"/>
<taskprogress task="SYN Stealth Scan" time="1688073636" percent="65.21" remaining="11" etc="1688073647"/>
<taskprogress task="SYN Stealth Scan" time="1688073639" percent="75.85" remaining="8" etc="1688073646"/>
<taskprogress task="SYN Stealth Scan" time="1688073642" percent="86.31" remaining="5" etc="1688073646"/>
<taskprogress task="SYN Stealth Scan" time="1688073645" percent="97.13" remaining="1" etc="1688073646"/>
<taskprogress task="Service scan" time="1688073652" percent="22.73" remaining="21" etc="1688073672"/>
<taskprogress task="Service scan" time="1688073652" percent="63.64" remaining="4" etc="1688073655"/>
<taskprogress task="Service scan" time="1688073657" percent="72.73" remaining="5" etc="1688073661"/>
<taskprogress task="Service scan" time="1688073662" percent="86.36" remaining="3" etc="1688073665"/>
<taskprogress task="Service scan" time="1688073663" percent="86.36" remaining="3" etc="1688073666"/>
<taskprogress task="Service scan" time="1688073665" percent="86.36" remaining="4" etc="1688073668"/>
<taskprogress task="Service scan" time="1688073668" percent="86.36" remaining="4" etc="1688073671"/>
<taskprogress task="Service scan" time="1688073671" percent="86.36" remaining="4" etc="1688073675"/>
<taskprogress task="Service scan" time="1688073677" percent="90.91" remaining="4" etc="1688073680"/>
<taskprogress task="Service scan" time="1688073679" percent="90.91" remaining="4" etc="1688073682"/>
<taskprogress task="Service scan" time="1688073682" percent="90.91" remaining="4" etc="1688073686"/>
<taskprogress task="Service scan" time="1688073684" percent="90.91" remaining="4" etc="1688073688"/>
<taskprogress task="Service scan" time="1688073687" percent="90.91" remaining="5" etc="1688073691"/>
<taskprogress task="Service scan" time="1688073689" percent="90.91" remaining="5" etc="1688073693"/>
<taskprogress task="Service scan" time="1688073697" percent="90.91" remaining="6" etc="1688073702"/>
<taskprogress task="Service scan" time="1688073699" percent="90.91" remaining="6" etc="1688073704"/>
<taskprogress task="Service scan" time="1688073703" percent="90.91" remaining="6" etc="1688073709"/>
<taskprogress task="Service scan" time="1688073704" percent="90.91" remaining="6" etc="1688073710"/>
<taskprogress task="Service scan" time="1688073708" percent="90.91" remaining="7" etc="1688073714"/>
<taskprogress task="Service scan" time="1688073714" percent="90.91" remaining="7" etc="1688073721"/>
<taskprogress task="Service scan" time="1688073719" percent="90.91" remaining="8" etc="1688073726"/>
<taskprogress task="Service scan" time="1688073724" percent="90.91" remaining="8" etc="1688073732"/>
<taskprogress task="Service scan" time="1688073729" percent="90.91" remaining="9" etc="1688073737"/>
<taskprogress task="Service scan" time="1688073730" percent="90.91" remaining="9" etc="1688073738"/>
<taskprogress task="Service scan" time="1688073734" percent="90.91" remaining="9" etc="1688073743"/>
<taskprogress task="Service scan" time="1688073739" percent="90.91" remaining="10" etc="1688073748"/>
<taskprogress task="Service scan" time="1688073741" percent="90.91" remaining="10" etc="1688073751"/>
<taskprogress task="Service scan" time="1688073744" percent="90.91" remaining="10" etc="1688073754"/>
<taskprogress task="Service scan" time="1688073746" percent="90.91" remaining="10" etc="1688073756"/>
<taskprogress task="Service scan" time="1688073749" percent="90.91" remaining="11" etc="1688073759"/>
<taskprogress task="Service scan" time="1688073757" percent="90.91" remaining="12" etc="1688073768"/>
<taskprogress task="Service scan" time="1688073760" percent="90.91" remaining="12" etc="1688073771"/>
<taskprogress task="Service scan" time="1688073762" percent="90.91" remaining="12" etc="1688073774"/>
<taskprogress task="Service scan" time="1688073765" percent="90.91" remaining="12" etc="1688073777"/>
<taskprogress task="Service scan" time="1688073767" percent="90.91" remaining="13" etc="1688073779"/>
<taskprogress task="Service scan" time="1688073770" percent="90.91" remaining="13" etc="1688073782"/>
<taskprogress task="Service scan" time="1688073776" percent="90.91" remaining="14" etc="1688073789"/>
<taskprogress task="Service scan" time="1688073777" percent="90.91" remaining="14" etc="1688073790"/>
<taskprogress task="Service scan" time="1688073781" percent="90.91" remaining="14" etc="1688073795"/>
<taskprogress task="Service scan" time="1688073787" percent="90.91" remaining="15" etc="1688073801"/>
<taskprogress task="Service scan" time="1688073792" percent="90.91" remaining="15" etc="1688073807"/>
<taskprogress task="Service scan" time="1688073797" percent="90.91" remaining="16" etc="1688073812"/>
<taskprogress task="Service scan" time="1688073798" percent="90.91" remaining="16" etc="1688073813"/>
<taskprogress task="Service scan" time="1688073802" percent="95.45" remaining="8" etc="1688073809"/>
<taskprogress task="Service scan" time="1688073808" percent="95.45" remaining="8" etc="1688073816"/>
<taskprogress task="Service scan" time="1688073813" percent="100.00" remaining="0" etc="1688073813"/>
<taskprogress task="NSE" time="1688073814" percent="99.89" remaining="1" etc="1688073814"/>
<taskprogress task="NSE" time="1688073817" percent="99.89" remaining="1" etc="1688073817"/>
<taskprogress task="NSE" time="1688073820" percent="99.89" remaining="1" etc="1688073820"/>
<host starttime="1688073616" endtime="1688073822"><status state="up" reason="user-set" reason_ttl="0"/>
<address addr="172.17.202.14" addrtype="ipv4"/>
<hostnames>
</hostnames>
<ports><extraports state="closed" count="65512">
<extrareasons reason="reset" count="65512" proto="tcp" ports="1-79,81-112,114-134,136-138,140-444,446-1024,1026,1029-1999,2001-3281,3283-3388,3390-3692,3694-4442,4444-5059,5061-5499,5501-5665,5667-6049,6051-7499,7501-9008,9010-9089,9091-12488,12490-41522,41524-47000,47002-65535"/>
</extraports>
<extraports state="filtered" count="1">
<extrareasons reason="no-response" count="1" proto="tcp" ports="113"/>
</extraports>
<port protocol="tcp" portid="80"><state state="open" reason="syn-ack" reason_ttl="124"/><service name="http" product="Microsoft IIS httpd" version="6.0" ostype="Windows" method="probed" conf="10"><cpe>cpe:/a:microsoft:internet_information_services:6.0</cpe><cpe>cpe:/o:microsoft:windows</cpe></service></port>
<port protocol="tcp" portid="135"><state state="open" reason="syn-ack" reason_ttl="124"/><service name="msrpc" product="Microsoft Windows RPC" ostype="Windows" method="probed" conf="10"><cpe>cpe:/o:microsoft:windows</cpe></service></port>
<port protocol="tcp" portid="139"><state state="open" reason="syn-ack" reason_ttl="124"/><service name="netbios-ssn" product="Microsoft Windows netbios-ssn" ostype="Windows" method="probed" conf="10"><cpe>cpe:/o:microsoft:windows</cpe></service></port>
<port protocol="tcp" portid="445"><state state="open" reason="syn-ack" reason_ttl="124"/><service name="microsoft-ds" product="Microsoft Windows 2003 or 2008 microsoft-ds" ostype="Windows" method="probed" conf="10"><cpe>cpe:/o:microsoft:windows_server_2003</cpe></service></port>
<port protocol="tcp" portid="1025"><state state="open" reason="syn-ack" reason_ttl="124"/><service name="msrpc" product="Microsoft Windows RPC" ostype="Windows" method="probed" conf="10"><cpe>cpe:/o:microsoft:windows</cpe></service></port>
<port protocol="tcp" portid="1027"><state state="open" reason="syn-ack" reason_ttl="124"/><service name="tcpwrapped" method="probed" conf="8"/></port>
<port protocol="tcp" portid="1028"><state state="open" reason="syn-ack" reason_ttl="124"/><service name="unknown" method="table" conf="3"/></port>
<port protocol="tcp" portid="2000"><state state="open" reason="syn-ack" reason_ttl="64"/><service name="tcpwrapped" method="probed" conf="8"/></port>
<port protocol="tcp" portid="3282"><state state="open" reason="syn-ack" reason_ttl="124"/><service name="http" product="Microsoft IIS httpd" version="6.0" ostype="Windows" method="probed" conf="10"><cpe>cpe:/a:microsoft:internet_information_services:6.0</cpe><cpe>cpe:/o:microsoft:windows</cpe></service></port>
<port protocol="tcp" portid="3389"><state state="open" reason="syn-ack" reason_ttl="124"/><service name="ms-wbt-server" product="Microsoft Terminal Service" ostype="Windows" method="probed" conf="10"><cpe>cpe:/o:microsoft:windows</cpe></service></port>
<port protocol="tcp" portid="3693"><state state="open" reason="syn-ack" reason_ttl="124"/><service name="easl" servicefp="SF-Port3693-TCP:V=7.93%I=7%D=6/29%Time=649DF5B4%P=i686-pc-windows-windows%r(NULL,19,&quot;11111Conecci\xf3n\x20completada&quot;)%r(GenericLines,44,&quot;11111Conecci\xf3n\x20completada22222El\x20reporte\x20no\x20se\x20proceso\x20completamente&quot;)%r(GetRequest,44,&quot;11111Conecci\xf3n\x20completada22222El\x20reporte\x20no\x20se\x20proceso\x20completamente&quot;)%r(HTTPOptions,44,&quot;11111Conecci\xf3n\x20completada22222El\x20reporte\x20no\x20se\x20proceso\x20completamente&quot;)%r(RTSPRequest,44,&quot;11111Conecci\xf3n\x20completada22222El\x20reporte\x20no\x20se\x20proceso\x20completamente&quot;)%r(RPCCheck,44,&quot;11111Conecci\xf3n\x20completada22222El\x20reporte\x20no\x20se\x20proceso\x20completamente&quot;)%r(DNSVersionBindReqTCP,44,&quot;11111Conecci\xf3n\x20completada22222El\x20reporte\x20no\x20se\x20proceso\x20completamente&quot;)%r(DNSStatusRequestTCP,44,&quot;11111Conecci\xf3n\x20completada22222El\x20reporte\x20no\x20se\x20proceso\x20completamente&quot;)%r(Help,44,&quot;11111Conecci\xf3n\x20completada22222El\x20reporte\x20no\x20se\x20proceso\x20completamente&quot;)%r(SSLSessionReq,44,&quot;11111Conecci\xf3n\x20completada22222El\x20reporte\x20no\x20se\x20proceso\x20completamente&quot;)%r(TerminalServerCookie,44,&quot;11111Conecci\xf3n\x20completada22222El\x20reporte\x20no\x20se\x20proceso\x20completamente&quot;)%r(TLSSessionReq,44,&quot;11111Conecci\xf3n\x20completada22222El\x20reporte\x20no\x20se\x20proceso\x20completamente&quot;)%r(Kerberos,44,&quot;11111Conecci\xf3n\x20completada22222El\x20reporte\x20no\x20se\x20proceso\x20completamente&quot;)%r(SMBProgNeg,44,&quot;11111Conecci\xf3n\x20completada22222El\x20reporte\x20no\x20se\x20proceso\x20completamente&quot;)%r(X11Probe,44,&quot;11111Conecci\xf3n\x20completada22222El\x20reporte\x20no\x20se\x20proceso\x20completamente&quot;)%r(FourOhFourRequest,44,&quot;11111Conecci\xf3n\x20completada22222El\x20reporte\x20no\x20se\x20proceso\x20completamente&quot;)%r(LPDString,44,&quot;11111Conecci\xf3n\x20completada22222El\x20reporte\x20no\x20se\x20proceso\x20completamente&quot;)%r(LDAPSearchReq,44,&quot;11111Conecci\xf3n\x20completada22222El\x20reporte\x20no\x20se\x20proceso\x20completamente&quot;)%r(LDAPBindReq,44,&quot;11111Conecci\xf3n\x20completada22222El\x20reporte\x20no\x20se\x20proceso\x20completamente&quot;);" method="table" conf="3"/></port>
<port protocol="tcp" portid="4443"><state state="open" reason="syn-ack" reason_ttl="124"/><service name="pharos" tunnel="ssl" method="table" conf="3"/></port>
<port protocol="tcp" portid="5060"><state state="open" reason="syn-ack" reason_ttl="64"/><service name="tcpwrapped" method="probed" conf="8"/></port>
<port protocol="tcp" portid="5500"><state state="open" reason="syn-ack" reason_ttl="124"/><service name="echo" method="probed" conf="10"/></port>
<port protocol="tcp" portid="5666"><state state="open" reason="syn-ack" reason_ttl="124"/><service name="tcpwrapped" method="probed" conf="8"/></port>
<port protocol="tcp" portid="6050"><state state="open" reason="syn-ack" reason_ttl="124"/><service name="arcserve" method="table" conf="3"/></port>
<port protocol="tcp" portid="7500"><state state="open" reason="syn-ack" reason_ttl="124"/><service name="echo" method="probed" conf="10"/></port>
<port protocol="tcp" portid="9009"><state state="open" reason="syn-ack" reason_ttl="124"/><service name="pichat" method="table" conf="3"/></port>
<port protocol="tcp" portid="9090"><state state="open" reason="syn-ack" reason_ttl="124"/><service name="http" product="Apache Tomcat" version="9.0.11" method="probed" conf="10"><cpe>cpe:/a:apache:tomcat:9.0.11</cpe></service></port>
<port protocol="tcp" portid="12489"><state state="open" reason="syn-ack" reason_ttl="124"/><service name="tcpwrapped" method="probed" conf="8"/></port>
<port protocol="tcp" portid="41523"><state state="open" reason="syn-ack" reason_ttl="124"/><service name="arcserve" product="ARCserve Discovery" hostname="BNOPCARTERA-A" method="probed" conf="10"><cpe>cpe:/a:ca:arcserve_client_agent</cpe></service></port>
<port protocol="tcp" portid="47001"><state state="open" reason="syn-ack" reason_ttl="124"/><service name="http" product="Microsoft IIS httpd" ostype="Windows" method="probed" conf="10"><cpe>cpe:/a:microsoft:internet_information_services</cpe><cpe>cpe:/o:microsoft:windows</cpe></service></port>
</ports>
<times srtt="10750" rttvar="4434" to="280000"/>
</host>
<runstats><finished time="1688073822" timestr="Thu Jun 29 15:23:42 2023" summary="Nmap done at Thu Jun 29 15:23:42 2023; 1 IP address (1 host up) scanned in 206.93 seconds" elapsed="206.93" exit="success"/><hosts up="1" down="0" total="1"/>
</runstats>
</nmaprun>
