<?xml version="1.0" encoding="UTF-8"?>
<!DOCTYPE nmaprun>
<?xml-stylesheet href="file:///C:/Program Files (x86)/Nmap/nmap.xsl" type="text/xsl"?>
<!-- Nmap 7.93 scan initiated Thu Jun 29 15:24:31 2023 as: &quot;C:\\Program Files (x86)\\Nmap\\nmap.exe&quot; -Pn -sS -p- -sV -n -&#45;min-rate 5432 -&#45;open -&#45;stats-every 3s -&#45;host-timeout 120m -&#45;initial-rtt-timeout 315ms -&#45;min-rtt-timeout 280ms -&#45;max-rtt-timeout 350ms -&#45;max-retries 1 -&#45;max-scan-delay 0 -oA outputs\\172.17.206.41 172.17.206.41 -->
<nmaprun scanner="nmap" args="&quot;C:\\Program Files (x86)\\Nmap\\nmap.exe&quot; -Pn -sS -p- -sV -n -&#45;min-rate 5432 -&#45;open -&#45;stats-every 3s -&#45;host-timeout 120m -&#45;initial-rtt-timeout 315ms -&#45;min-rtt-timeout 280ms -&#45;max-rtt-timeout 350ms -&#45;max-retries 1 -&#45;max-scan-delay 0 -oA outputs\\172.17.206.41 172.17.206.41" start="1688073871" startstr="Thu Jun 29 15:24:31 2023" version="7.93" xmloutputversion="1.05">
<scaninfo type="syn" protocol="tcp" numservices="65535" services="1-65535"/>
<verbose level="0"/>
<debugging level="0"/>
<taskprogress task="SYN Stealth Scan" time="1688073874" percent="7.08" remaining="27" etc="1688073900"/>
<taskprogress task="SYN Stealth Scan" time="1688073877" percent="16.43" remaining="26" etc="1688073902"/>
<taskprogress task="SYN Stealth Scan" time="1688073880" percent="25.38" remaining="24" etc="1688073904"/>
<taskprogress task="SYN Stealth Scan" time="1688073883" percent="33.67" remaining="22" etc="1688073905"/>
<taskprogress task="SYN Stealth Scan" time="1688073886" percent="41.13" remaining="21" etc="1688073906"/>
<taskprogress task="SYN Stealth Scan" time="1688073889" percent="48.40" remaining="19" etc="1688073907"/>
<taskprogress task="SYN Stealth Scan" time="1688073892" percent="55.59" remaining="16" etc="1688073908"/>
<taskprogress task="SYN Stealth Scan" time="1688073895" percent="62.43" remaining="14" etc="1688073909"/>
<taskprogress task="SYN Stealth Scan" time="1688073898" percent="69.72" remaining="12" etc="1688073909"/>
<taskprogress task="SYN Stealth Scan" time="1688073901" percent="77.33" remaining="9" etc="1688073909"/>
<taskprogress task="SYN Stealth Scan" time="1688073904" percent="85.02" remaining="6" etc="1688073910"/>
<taskprogress task="SYN Stealth Scan" time="1688073907" percent="92.93" remaining="3" etc="1688073910"/>
<taskprogress task="SYN Stealth Scan" time="1688073910" percent="99.99" remaining="1" etc="1688073910"/>
<taskprogress task="Service scan" time="1688073916" percent="15.79" remaining="32" etc="1688073948"/>
<taskprogress task="Service scan" time="1688073921" percent="47.37" remaining="13" etc="1688073933"/>
<taskprogress task="Service scan" time="1688073926" percent="47.37" remaining="18" etc="1688073944"/>
<taskprogress task="Service scan" time="1688073928" percent="47.37" remaining="20" etc="1688073948"/>
<taskprogress task="Service scan" time="1688073931" percent="47.37" remaining="24" etc="1688073954"/>
<taskprogress task="Service scan" time="1688073933" percent="47.37" remaining="26" etc="1688073959"/>
<taskprogress task="Service scan" time="1688073936" percent="47.37" remaining="29" etc="1688073965"/>
<taskprogress task="Service scan" time="1688073939" percent="47.37" remaining="33" etc="1688073971"/>
<taskprogress task="Service scan" time="1688073944" percent="47.37" remaining="38" etc="1688073982"/>
<taskprogress task="Service scan" time="1688073947" percent="52.63" remaining="34" etc="1688073980"/>
<taskprogress task="Service scan" time="1688073949" percent="52.63" remaining="36" etc="1688073984"/>
<taskprogress task="Service scan" time="1688073952" percent="52.63" remaining="38" etc="1688073990"/>
<taskprogress task="Service scan" time="1688073954" percent="52.63" remaining="40" etc="1688073994"/>
<taskprogress task="Service scan" time="1688073957" percent="52.63" remaining="43" etc="1688073999"/>
<taskprogress task="Service scan" time="1688073962" percent="52.63" remaining="47" etc="1688074009"/>
<taskprogress task="Service scan" time="1688073964" percent="52.63" remaining="49" etc="1688074013"/>
<taskprogress task="Service scan" time="1688073967" percent="84.21" remaining="11" etc="1688073978"/>
<taskprogress task="Service scan" time="1688073969" percent="84.21" remaining="12" etc="1688073980"/>
<taskprogress task="Service scan" time="1688073974" percent="84.21" remaining="12" etc="1688073986"/>
<taskprogress task="Service scan" time="1688073975" percent="84.21" remaining="13" etc="1688073987"/>
<taskprogress task="Service scan" time="1688073979" percent="84.21" remaining="13" etc="1688073992"/>
<taskprogress task="Service scan" time="1688073981" percent="84.21" remaining="14" etc="1688073994"/>
<taskprogress task="Service scan" time="1688073984" percent="84.21" remaining="14" etc="1688073998"/>
<taskprogress task="Service scan" time="1688073989" percent="89.47" remaining="10" etc="1688073998"/>
<taskprogress task="Service scan" time="1688073992" percent="89.47" remaining="10" etc="1688074002"/>
<taskprogress task="Service scan" time="1688073994" percent="89.47" remaining="10" etc="1688074004"/>
<taskprogress task="Service scan" time="1688073997" percent="89.47" remaining="11" etc="1688074007"/>
<taskprogress task="Service scan" time="1688073999" percent="89.47" remaining="11" etc="1688074009"/>
<taskprogress task="Service scan" time="1688074004" percent="89.47" remaining="12" etc="1688074015"/>
<taskprogress task="Service scan" time="1688074007" percent="89.47" remaining="12" etc="1688074018"/>
<taskprogress task="Service scan" time="1688074009" percent="89.47" remaining="12" etc="1688074021"/>
<taskprogress task="Service scan" time="1688074012" percent="89.47" remaining="12" etc="1688074024"/>
<taskprogress task="Service scan" time="1688074014" percent="89.47" remaining="13" etc="1688074026"/>
<taskprogress task="Service scan" time="1688074019" percent="89.47" remaining="13" etc="1688074032"/>
<taskprogress task="Service scan" time="1688074022" percent="89.47" remaining="14" etc="1688074035"/>
<taskprogress task="Service scan" time="1688074027" percent="89.47" remaining="14" etc="1688074041"/>
<taskprogress task="Service scan" time="1688074032" percent="89.47" remaining="15" etc="1688074046"/>
<taskprogress task="Service scan" time="1688074037" percent="89.47" remaining="15" etc="1688074052"/>
<taskprogress task="Service scan" time="1688074042" percent="89.47" remaining="16" etc="1688074058"/>
<taskprogress task="Service scan" time="1688074047" percent="89.47" remaining="17" etc="1688074063"/>
<taskprogress task="Service scan" time="1688074052" percent="89.47" remaining="17" etc="1688074069"/>
<taskprogress task="Service scan" time="1688074057" percent="89.47" remaining="18" etc="1688074074"/>
<taskprogress task="Service scan" time="1688074062" percent="89.47" remaining="18" etc="1688074080"/>
<taskprogress task="Service scan" time="1688074067" percent="94.74" remaining="9" etc="1688074076"/>
<taskprogress task="Service scan" time="1688074072" percent="100.00" remaining="0" etc="1688074072"/>
<taskprogress task="NSE" time="1688074072" percent="99.39" remaining="0" etc="1688074072"/>
<taskprogress task="NSE" time="1688074075" percent="99.39" remaining="1" etc="1688074075"/>
<taskprogress task="NSE" time="1688074078" percent="99.39" remaining="1" etc="1688074078"/>
<taskprogress task="NSE" time="1688074081" percent="99.76" remaining="1" etc="1688074081"/>
<taskprogress task="NSE" time="1688074084" percent="99.76" remaining="1" etc="1688074084"/>
<taskprogress task="NSE" time="1688074087" percent="99.88" remaining="1" etc="1688074087"/>
<taskprogress task="NSE" time="1688074090" percent="99.88" remaining="1" etc="1688074090"/>
<taskprogress task="NSE" time="1688074093" percent="86.84" remaining="0" etc="1688074093"/>
<taskprogress task="NSE" time="1688074096" percent="97.37" remaining="1" etc="1688074096"/>
<taskprogress task="NSE" time="1688074099" percent="97.37" remaining="1" etc="1688074099"/>
<host starttime="1688073872" endtime="1688074100"><status state="up" reason="user-set" reason_ttl="0"/>
<address addr="172.17.206.41" addrtype="ipv4"/>
<hostnames>
</hostnames>
<ports><extraports state="filtered" count="65516">
<extrareasons reason="no-response" count="65516" proto="tcp" ports="1-79,81-134,136-138,140-442,444,446-1999,2001-2700,2702-3388,3390-5059,5061-5503,5505-5665,5667-5984,5986-12488,12490-33220,33222-49153,49155-49167,49169-49190,49192-49201,49203-51991,51993-65535"/>
</extraports>
<port protocol="tcp" portid="80"><state state="open" reason="syn-ack" reason_ttl="124"/><service name="http" product="Microsoft IIS httpd" version="8.5" ostype="Windows" method="probed" conf="10"><cpe>cpe:/a:microsoft:internet_information_services:8.5</cpe><cpe>cpe:/o:microsoft:windows</cpe></service></port>
<port protocol="tcp" portid="135"><state state="open" reason="syn-ack" reason_ttl="124"/><service name="msrpc" product="Microsoft Windows RPC" ostype="Windows" method="probed" conf="10"><cpe>cpe:/o:microsoft:windows</cpe></service></port>
<port protocol="tcp" portid="139"><state state="open" reason="syn-ack" reason_ttl="124"/><service name="netbios-ssn" product="Microsoft Windows netbios-ssn" ostype="Windows" method="probed" conf="10"><cpe>cpe:/o:microsoft:windows</cpe></service></port>
<port protocol="tcp" portid="443"><state state="open" reason="syn-ack" reason_ttl="124"/><service name="https" tunnel="ssl" method="table" conf="3"/></port>
<port protocol="tcp" portid="445"><state state="open" reason="syn-ack" reason_ttl="124"/><service name="microsoft-ds" product="Microsoft Windows Server 2008 R2 - 2012 microsoft-ds" ostype="Windows Server 2008 R2 - 2012" method="probed" conf="10"><cpe>cpe:/o:microsoft:windows</cpe></service></port>
<port protocol="tcp" portid="2000"><state state="open" reason="syn-ack" reason_ttl="64"/><service name="cisco-sccp" method="table" conf="3"/></port>
<port protocol="tcp" portid="2701"><state state="open" reason="syn-ack" reason_ttl="124"/><service name="cmrcservice" product="Microsoft Configuration Manager Remote Control service" extrainfo="CmRcService.exe" ostype="Windows" method="probed" conf="10"><cpe>cpe:/a:microsoft:systems_management_server</cpe><cpe>cpe:/o:microsoft:windows</cpe></service></port>
<port protocol="tcp" portid="3389"><state state="open" reason="syn-ack" reason_ttl="124"/><service name="ms-wbt-server" tunnel="ssl" method="table" conf="3"/></port>
<port protocol="tcp" portid="5060"><state state="open" reason="syn-ack" reason_ttl="64"/><service name="sip" method="table" conf="3"/></port>
<port protocol="tcp" portid="5504"><state state="open" reason="syn-ack" reason_ttl="124"/><service name="msrpc" product="Microsoft Windows RPC" ostype="Windows" method="probed" conf="10"><cpe>cpe:/o:microsoft:windows</cpe></service></port>
<port protocol="tcp" portid="5666"><state state="open" reason="syn-ack" reason_ttl="124"/><service name="tcpwrapped" method="probed" conf="8"/></port>
<port protocol="tcp" portid="5985"><state state="open" reason="syn-ack" reason_ttl="124"/><service name="http" product="Microsoft HTTPAPI httpd" version="2.0" extrainfo="SSDP/UPnP" ostype="Windows" method="probed" conf="10"><cpe>cpe:/o:microsoft:windows</cpe></service></port>
<port protocol="tcp" portid="12489"><state state="open" reason="syn-ack" reason_ttl="124"/><service name="tcpwrapped" method="probed" conf="8"/></port>
<port protocol="tcp" portid="33221"><state state="open" reason="syn-ack" reason_ttl="124"/><service name="unknown" servicefp="SF-Port33221-TCP:V=7.93%I=7%D=6/29%Time=649DF6D9%P=i686-pc-windows-windows%r(giop,30,&quot;\x01\0\0\0\0\0\0\0\$\0\0\0\x08\x02\x12\x20da14d63e542a44e8a975a703af2a4ebb&quot;);" method="table" conf="3"/></port>
<port protocol="tcp" portid="49154"><state state="open" reason="syn-ack" reason_ttl="124"/><service name="msrpc" product="Microsoft Windows RPC" ostype="Windows" method="probed" conf="10"><cpe>cpe:/o:microsoft:windows</cpe></service></port>
<port protocol="tcp" portid="49168"><state state="open" reason="syn-ack" reason_ttl="124"/><service name="msrpc" product="Microsoft Windows RPC" ostype="Windows" method="probed" conf="10"><cpe>cpe:/o:microsoft:windows</cpe></service></port>
<port protocol="tcp" portid="49191"><state state="open" reason="syn-ack" reason_ttl="124"/><service name="msrpc" product="Microsoft Windows RPC" ostype="Windows" method="probed" conf="10"><cpe>cpe:/o:microsoft:windows</cpe></service></port>
<port protocol="tcp" portid="49202"><state state="open" reason="syn-ack" reason_ttl="124"/><service name="msrpc" product="Microsoft Windows RPC" ostype="Windows" method="probed" conf="10"><cpe>cpe:/o:microsoft:windows</cpe></service></port>
<port protocol="tcp" portid="51992"><state state="open" reason="syn-ack" reason_ttl="124"/><service name="msrpc" product="Microsoft Windows RPC" ostype="Windows" method="probed" conf="10"><cpe>cpe:/o:microsoft:windows</cpe></service></port>
</ports>
<times srtt="38158" rttvar="14639" to="280000"/>
</host>
<runstats><finished time="1688074100" timestr="Thu Jun 29 15:28:20 2023" summary="Nmap done at Thu Jun 29 15:28:20 2023; 1 IP address (1 host up) scanned in 229.03 seconds" elapsed="229.03" exit="success"/><hosts up="1" down="0" total="1"/>
</runstats>
</nmaprun>
