<?xml version="1.0" encoding="UTF-8"?>
<!DOCTYPE nmaprun>
<?xml-stylesheet href="file:///C:/Program Files (x86)/Nmap/nmap.xsl" type="text/xsl"?>
<!-- Nmap 7.93 scan initiated Thu Jun 29 15:23:42 2023 as: &quot;C:\\Program Files (x86)\\Nmap\\nmap.exe&quot; -Pn -sS -p- -sV -n -&#45;min-rate 5432 -&#45;open -&#45;stats-every 3s -&#45;host-timeout 120m -&#45;initial-rtt-timeout 315ms -&#45;min-rtt-timeout 280ms -&#45;max-rtt-timeout 350ms -&#45;max-retries 1 -&#45;max-scan-delay 0 -oA outputs\\172.17.203.10 172.17.203.10 -->
<nmaprun scanner="nmap" args="&quot;C:\\Program Files (x86)\\Nmap\\nmap.exe&quot; -Pn -sS -p- -sV -n -&#45;min-rate 5432 -&#45;open -&#45;stats-every 3s -&#45;host-timeout 120m -&#45;initial-rtt-timeout 315ms -&#45;min-rtt-timeout 280ms -&#45;max-rtt-timeout 350ms -&#45;max-retries 1 -&#45;max-scan-delay 0 -oA outputs\\172.17.203.10 172.17.203.10" start="1688073822" startstr="Thu Jun 29 15:23:42 2023" version="7.93" xmloutputversion="1.05">
<scaninfo type="syn" protocol="tcp" numservices="65535" services="1-65535"/>
<verbose level="0"/>
<debugging level="0"/>
<taskprogress task="SYN Stealth Scan" time="1688073825" percent="8.54" remaining="33" etc="1688073857"/>
<taskprogress task="SYN Stealth Scan" time="1688073828" percent="18.49" remaining="27" etc="1688073854"/>
<taskprogress task="SYN Stealth Scan" time="1688073831" percent="27.60" remaining="24" etc="1688073855"/>
<taskprogress task="SYN Stealth Scan" time="1688073834" percent="36.96" remaining="21" etc="1688073854"/>
<taskprogress task="SYN Stealth Scan" time="1688073837" percent="45.49" remaining="18" etc="1688073855"/>
<taskprogress task="SYN Stealth Scan" time="1688073840" percent="53.71" remaining="16" etc="1688073856"/>
<taskprogress task="SYN Stealth Scan" time="1688073843" percent="60.56" remaining="14" etc="1688073857"/>
<taskprogress task="SYN Stealth Scan" time="1688073846" percent="67.33" remaining="12" etc="1688073858"/>
<taskprogress task="SYN Stealth Scan" time="1688073849" percent="73.95" remaining="10" etc="1688073859"/>
<taskprogress task="SYN Stealth Scan" time="1688073852" percent="80.65" remaining="8" etc="1688073859"/>
<taskprogress task="SYN Stealth Scan" time="1688073855" percent="87.18" remaining="5" etc="1688073860"/>
<taskprogress task="SYN Stealth Scan" time="1688073858" percent="93.17" remaining="3" etc="1688073861"/>
<taskprogress task="SYN Stealth Scan" time="1688073861" percent="99.32" remaining="1" etc="1688073861"/>
<taskprogress task="Service scan" time="1688073868" percent="0.00"/>
<taskprogress task="Service scan" time="1688073873" percent="0.00"/>
<taskprogress task="Service scan" time="1688073878" percent="0.00"/>
<taskprogress task="Service scan" time="1688073880" percent="0.00"/>
<taskprogress task="Service scan" time="1688073883" percent="0.00"/>
<taskprogress task="Service scan" time="1688073885" percent="0.00"/>
<taskprogress task="Service scan" time="1688073888" percent="0.00"/>
<taskprogress task="Service scan" time="1688073890" percent="0.00"/>
<taskprogress task="Service scan" time="1688073895" percent="0.00"/>
<taskprogress task="Service scan" time="1688073898" percent="0.00"/>
<taskprogress task="Service scan" time="1688073900" percent="0.00"/>
<taskprogress task="Service scan" time="1688073903" percent="0.00"/>
<taskprogress task="Service scan" time="1688073905" percent="0.00"/>
<taskprogress task="Service scan" time="1688073910" percent="0.00"/>
<taskprogress task="Service scan" time="1688073913" percent="0.00"/>
<taskprogress task="Service scan" time="1688073918" percent="0.00"/>
<taskprogress task="Service scan" time="1688073923" percent="0.00"/>
<taskprogress task="Service scan" time="1688073925" percent="0.00"/>
<taskprogress task="Service scan" time="1688073928" percent="0.00"/>
<taskprogress task="Service scan" time="1688073930" percent="0.00"/>
<taskprogress task="Service scan" time="1688073933" percent="0.00"/>
<taskprogress task="Service scan" time="1688073935" percent="0.00"/>
<taskprogress task="Service scan" time="1688073940" percent="0.00"/>
<taskprogress task="Service scan" time="1688073943" percent="0.00"/>
<taskprogress task="Service scan" time="1688073945" percent="0.00"/>
<taskprogress task="Service scan" time="1688073948" percent="0.00"/>
<taskprogress task="Service scan" time="1688073950" percent="0.00"/>
<taskprogress task="Service scan" time="1688073955" percent="0.00"/>
<taskprogress task="Service scan" time="1688073958" percent="0.00"/>
<taskprogress task="Service scan" time="1688073960" percent="0.00"/>
<taskprogress task="Service scan" time="1688073963" percent="0.00"/>
<taskprogress task="Service scan" time="1688073965" percent="0.00"/>
<taskprogress task="Service scan" time="1688073970" percent="0.00"/>
<taskprogress task="Service scan" time="1688073973" percent="0.00"/>
<taskprogress task="Service scan" time="1688073978" percent="0.00"/>
<taskprogress task="Service scan" time="1688073983" percent="0.00"/>
<taskprogress task="Service scan" time="1688073988" percent="0.00"/>
<taskprogress task="Service scan" time="1688073993" percent="0.00"/>
<taskprogress task="Service scan" time="1688073998" percent="0.00"/>
<taskprogress task="Service scan" time="1688074003" percent="0.00"/>
<taskprogress task="Service scan" time="1688074008" percent="0.00"/>
<taskprogress task="Service scan" time="1688074013" percent="0.00"/>
<taskprogress task="Service scan" time="1688074018" percent="0.00"/>
<taskprogress task="Service scan" time="1688074023" percent="100.00" remaining="0" etc="1688074023"/>
<taskprogress task="NSE" time="1688074023" percent="50.00" remaining="0" etc="1688074023"/>
<host starttime="1688073822" endtime="1688074024"><status state="up" reason="user-set" reason_ttl="0"/>
<address addr="172.17.203.10" addrtype="ipv4"/>
<hostnames>
</hostnames>
<ports><extraports state="filtered" count="65533">
<extrareasons reason="no-response" count="65533" proto="tcp" ports="1-1999,2001-5059,5061-65535"/>
</extraports>
<port protocol="tcp" portid="2000"><state state="open" reason="syn-ack" reason_ttl="64"/><service name="cisco-sccp" method="table" conf="3"/></port>
<port protocol="tcp" portid="5060"><state state="open" reason="syn-ack" reason_ttl="64"/><service name="sip" method="table" conf="3"/></port>
</ports>
<times srtt="49546" rttvar="2066" to="280000"/>
</host>
<runstats><finished time="1688074024" timestr="Thu Jun 29 15:27:04 2023" summary="Nmap done at Thu Jun 29 15:27:04 2023; 1 IP address (1 host up) scanned in 202.21 seconds" elapsed="202.21" exit="success"/><hosts up="1" down="0" total="1"/>
</runstats>
</nmaprun>
