<?xml version="1.0" encoding="UTF-8"?>
<!DOCTYPE nmaprun>
<?xml-stylesheet href="file:///C:/Program Files (x86)/Nmap/nmap.xsl" type="text/xsl"?>
<!-- Nmap 7.93 scan initiated Thu Jun 29 15:20:16 2023 as: &quot;C:\\Program Files (x86)\\Nmap\\nmap.exe&quot; -Pn -sS -p- -sV -n -&#45;min-rate 5432 -&#45;open -&#45;stats-every 3s -&#45;host-timeout 120m -&#45;initial-rtt-timeout 315ms -&#45;min-rtt-timeout 280ms -&#45;max-rtt-timeout 350ms -&#45;max-retries 1 -&#45;max-scan-delay 0 -oA outputs\\172.17.213.18 172.17.213.18 -->
<nmaprun scanner="nmap" args="&quot;C:\\Program Files (x86)\\Nmap\\nmap.exe&quot; -Pn -sS -p- -sV -n -&#45;min-rate 5432 -&#45;open -&#45;stats-every 3s -&#45;host-timeout 120m -&#45;initial-rtt-timeout 315ms -&#45;min-rtt-timeout 280ms -&#45;max-rtt-timeout 350ms -&#45;max-retries 1 -&#45;max-scan-delay 0 -oA outputs\\172.17.213.18 172.17.213.18" start="1688073616" startstr="Thu Jun 29 15:20:16 2023" version="7.93" xmloutputversion="1.05">
<scaninfo type="syn" protocol="tcp" numservices="65535" services="1-65535"/>
<verbose level="0"/>
<debugging level="0"/>
<taskprogress task="SYN Stealth Scan" time="1688073618" percent="5.55" remaining="18" etc="1688073635"/>
<taskprogress task="SYN Stealth Scan" time="1688073621" percent="15.43" remaining="22" etc="1688073643"/>
<taskprogress task="SYN Stealth Scan" time="1688073624" percent="25.86" remaining="21" etc="1688073644"/>
<taskprogress task="SYN Stealth Scan" time="1688073627" percent="36.33" remaining="18" etc="1688073645"/>
<taskprogress task="SYN Stealth Scan" time="1688073630" percent="46.78" remaining="15" etc="1688073645"/>
<taskprogress task="SYN Stealth Scan" time="1688073633" percent="56.92" remaining="13" etc="1688073645"/>
<taskprogress task="SYN Stealth Scan" time="1688073636" percent="67.57" remaining="10" etc="1688073645"/>
<taskprogress task="SYN Stealth Scan" time="1688073639" percent="77.94" remaining="7" etc="1688073645"/>
<taskprogress task="SYN Stealth Scan" time="1688073642" percent="88.24" remaining="4" etc="1688073645"/>
<taskprogress task="SYN Stealth Scan" time="1688073645" percent="99.11" remaining="1" etc="1688073645"/>
<taskprogress task="Service scan" time="1688073652" percent="5.88" remaining="96" etc="1688073748"/>
<taskprogress task="Service scan" time="1688073657" percent="26.47" remaining="31" etc="1688073688"/>
<taskprogress task="Service scan" time="1688073658" percent="29.41" remaining="29" etc="1688073687"/>
<taskprogress task="Service scan" time="1688073662" percent="29.41" remaining="39" etc="1688073700"/>
<taskprogress task="Service scan" time="1688073663" percent="32.35" remaining="36" etc="1688073699"/>
<taskprogress task="Service scan" time="1688073667" percent="35.29" remaining="39" etc="1688073705"/>
<taskprogress task="Service scan" time="1688073670" percent="35.29" remaining="44" etc="1688073714"/>
<taskprogress task="Service scan" time="1688073673" percent="35.29" remaining="50" etc="1688073723"/>
<taskprogress task="Service scan" time="1688073676" percent="35.29" remaining="56" etc="1688073731"/>
<taskprogress task="Service scan" time="1688073678" percent="35.29" remaining="59" etc="1688073737"/>
<taskprogress task="Service scan" time="1688073683" percent="35.29" remaining="68" etc="1688073751"/>
<taskprogress task="Service scan" time="1688073684" percent="35.29" remaining="70" etc="1688073754"/>
<taskprogress task="Service scan" time="1688073688" percent="38.24" remaining="68" etc="1688073756"/>
<taskprogress task="Service scan" time="1688073690" percent="38.24" remaining="72" etc="1688073761"/>
<taskprogress task="Service scan" time="1688073694" percent="38.24" remaining="78" etc="1688073772"/>
<taskprogress task="Service scan" time="1688073697" percent="67.65" remaining="25" etc="1688073721"/>
<taskprogress task="Service scan" time="1688073701" percent="67.65" remaining="27" etc="1688073727"/>
<taskprogress task="Service scan" time="1688073703" percent="73.53" remaining="21" etc="1688073724"/>
<taskprogress task="Service scan" time="1688073706" percent="73.53" remaining="22" etc="1688073728"/>
<taskprogress task="Service scan" time="1688073711" percent="85.29" remaining="12" etc="1688073722"/>
<taskprogress task="Service scan" time="1688073712" percent="88.24" remaining="9" etc="1688073721"/>
<taskprogress task="Service scan" time="1688073717" percent="88.24" remaining="10" etc="1688073726"/>
<taskprogress task="Service scan" time="1688073718" percent="91.18" remaining="7" etc="1688073725"/>
<taskprogress task="Service scan" time="1688073722" percent="94.12" remaining="5" etc="1688073727"/>
<taskprogress task="Service scan" time="1688073725" percent="94.12" remaining="5" etc="1688073730"/>
<taskprogress task="Service scan" time="1688073727" percent="94.12" remaining="6" etc="1688073732"/>
<taskprogress task="Service scan" time="1688073730" percent="94.12" remaining="6" etc="1688073735"/>
<taskprogress task="Service scan" time="1688073734" percent="94.12" remaining="6" etc="1688073740"/>
<taskprogress task="Service scan" time="1688073739" percent="94.12" remaining="6" etc="1688073745"/>
<taskprogress task="Service scan" time="1688073740" percent="94.12" remaining="6" etc="1688073746"/>
<taskprogress task="Service scan" time="1688073744" percent="97.06" remaining="3" etc="1688073747"/>
<taskprogress task="Service scan" time="1688073749" percent="97.06" remaining="4" etc="1688073752"/>
<taskprogress task="NSE" time="1688073750" percent="97.54" remaining="1" etc="1688073750"/>
<host starttime="1688073617" endtime="1688073751"><status state="up" reason="user-set" reason_ttl="0"/>
<address addr="172.17.213.18" addrtype="ipv4"/>
<hostnames>
</hostnames>
<ports><extraports state="closed" count="65500">
<extrareasons reason="reset" count="65500" proto="tcp" ports="1-79,81-112,114-134,136-138,140-444,446-1204,1206-1999,2001-2024,2027-3388,3390-4117,4119-5059,5061-5984,5986-14999,15007-15009,15011,15013-15014,15016-33220,33222-47000,47002-47999,48001-49663,49666,49669-49670,49672-49689,49691-49704,49706-49708,49710-49739,49741-65535"/>
</extraports>
<extraports state="filtered" count="1">
<extrareasons reason="no-response" count="1" proto="tcp" ports="113"/>
</extraports>
<port protocol="tcp" portid="80"><state state="open" reason="syn-ack" reason_ttl="124"/><service name="http" product="Microsoft IIS httpd" version="10.0" ostype="Windows" method="probed" conf="10"><cpe>cpe:/a:microsoft:internet_information_services:10.0</cpe><cpe>cpe:/o:microsoft:windows</cpe></service></port>
<port protocol="tcp" portid="135"><state state="open" reason="syn-ack" reason_ttl="124"/><service name="msrpc" product="Microsoft Windows RPC" ostype="Windows" method="probed" conf="10"><cpe>cpe:/o:microsoft:windows</cpe></service></port>
<port protocol="tcp" portid="139"><state state="open" reason="syn-ack" reason_ttl="124"/><service name="netbios-ssn" product="Microsoft Windows netbios-ssn" ostype="Windows" method="probed" conf="10"><cpe>cpe:/o:microsoft:windows</cpe></service></port>
<port protocol="tcp" portid="445"><state state="open" reason="syn-ack" reason_ttl="124"/><service name="microsoft-ds" method="table" conf="3"/></port>
<port protocol="tcp" portid="1205"><state state="open" reason="syn-ack" reason_ttl="124"/><service name="mc-nmf" product=".NET Message Framing" ostype="Windows" method="probed" conf="10"><cpe>cpe:/o:microsoft:windows</cpe></service></port>
<port protocol="tcp" portid="2000"><state state="open" reason="syn-ack" reason_ttl="64"/><service name="tcpwrapped" method="probed" conf="8"/></port>
<port protocol="tcp" portid="2025"><state state="open" reason="syn-ack" reason_ttl="124"/><service name="http" product="Microsoft HTTPAPI httpd" version="2.0" extrainfo="SSDP/UPnP" ostype="Windows" tunnel="ssl" method="probed" conf="10"><cpe>cpe:/o:microsoft:windows</cpe></service></port>
<port protocol="tcp" portid="2026"><state state="open" reason="syn-ack" reason_ttl="124"/><service name="http" product="Microsoft HTTPAPI httpd" version="2.0" extrainfo="SSDP/UPnP" ostype="Windows" tunnel="ssl" method="probed" conf="10"><cpe>cpe:/o:microsoft:windows</cpe></service></port>
<port protocol="tcp" portid="3389"><state state="open" reason="syn-ack" reason_ttl="124"/><service name="ms-wbt-server" product="Microsoft Terminal Services" ostype="Windows" method="probed" conf="10"><cpe>cpe:/o:microsoft:windows</cpe></service></port>
<port protocol="tcp" portid="4118"><state state="open" reason="syn-ack" reason_ttl="124"/><service name="netscript" tunnel="ssl" method="table" conf="3"/></port>
<port protocol="tcp" portid="5060"><state state="open" reason="syn-ack" reason_ttl="64"/><service name="tcpwrapped" method="probed" conf="8"/></port>
<port protocol="tcp" portid="5985"><state state="open" reason="syn-ack" reason_ttl="124"/><service name="http" product="Microsoft HTTPAPI httpd" version="2.0" extrainfo="SSDP/UPnP" ostype="Windows" method="probed" conf="10"><cpe>cpe:/o:microsoft:windows</cpe></service></port>
<port protocol="tcp" portid="15000"><state state="open" reason="syn-ack" reason_ttl="124"/><service name="http" product="Microsoft HTTPAPI httpd" version="2.0" extrainfo="SSDP/UPnP" ostype="Windows" tunnel="ssl" method="probed" conf="10"><cpe>cpe:/o:microsoft:windows</cpe></service></port>
<port protocol="tcp" portid="15001"><state state="open" reason="syn-ack" reason_ttl="124"/><service name="http" product="Microsoft HTTPAPI httpd" version="2.0" extrainfo="SSDP/UPnP" ostype="Windows" tunnel="ssl" method="probed" conf="10"><cpe>cpe:/o:microsoft:windows</cpe></service></port>
<port protocol="tcp" portid="15002"><state state="open" reason="syn-ack" reason_ttl="124"/><service name="http" product="Microsoft HTTPAPI httpd" version="2.0" extrainfo="SSDP/UPnP" ostype="Windows" tunnel="ssl" method="probed" conf="10"><cpe>cpe:/o:microsoft:windows</cpe></service></port>
<port protocol="tcp" portid="15003"><state state="open" reason="syn-ack" reason_ttl="124"/><service name="http" product="Microsoft HTTPAPI httpd" version="2.0" extrainfo="SSDP/UPnP" ostype="Windows" tunnel="ssl" method="probed" conf="10"><cpe>cpe:/o:microsoft:windows</cpe></service></port>
<port protocol="tcp" portid="15004"><state state="open" reason="syn-ack" reason_ttl="124"/><service name="http" product="Microsoft HTTPAPI httpd" version="2.0" extrainfo="SSDP/UPnP" ostype="Windows" tunnel="ssl" method="probed" conf="10"><cpe>cpe:/o:microsoft:windows</cpe></service></port>
<port protocol="tcp" portid="15005"><state state="open" reason="syn-ack" reason_ttl="124"/><service name="http" product="Microsoft HTTPAPI httpd" version="2.0" extrainfo="SSDP/UPnP" ostype="Windows" tunnel="ssl" method="probed" conf="10"><cpe>cpe:/o:microsoft:windows</cpe></service></port>
<port protocol="tcp" portid="15006"><state state="open" reason="syn-ack" reason_ttl="124"/><service name="http" product="Microsoft HTTPAPI httpd" version="2.0" extrainfo="SSDP/UPnP" ostype="Windows" tunnel="ssl" method="probed" conf="10"><cpe>cpe:/o:microsoft:windows</cpe></service></port>
<port protocol="tcp" portid="15010"><state state="open" reason="syn-ack" reason_ttl="124"/><service name="http" product="Microsoft HTTPAPI httpd" version="2.0" extrainfo="SSDP/UPnP" ostype="Windows" tunnel="ssl" method="probed" conf="10"><cpe>cpe:/o:microsoft:windows</cpe></service></port>
<port protocol="tcp" portid="15012"><state state="open" reason="syn-ack" reason_ttl="124"/><service name="http" product="Microsoft HTTPAPI httpd" version="2.0" extrainfo="SSDP/UPnP" ostype="Windows" tunnel="ssl" method="probed" conf="10"><cpe>cpe:/o:microsoft:windows</cpe></service></port>
<port protocol="tcp" portid="15015"><state state="open" reason="syn-ack" reason_ttl="124"/><service name="http" product="Microsoft HTTPAPI httpd" version="2.0" extrainfo="SSDP/UPnP" ostype="Windows" tunnel="ssl" method="probed" conf="10"><cpe>cpe:/o:microsoft:windows</cpe></service></port>
<port protocol="tcp" portid="33221"><state state="open" reason="syn-ack" reason_ttl="124"/><service name="unknown" servicefp="SF-Port33221-TCP:V=7.93%I=7%D=6/29%Time=649DF5D6%P=i686-pc-windows-windows%r(giop,30,&quot;\x01\0\0\0\0\0\0\0\$\0\0\0\x08\x02\x12\x2065a4eb4fd4ad4161ac7e189961824530&quot;);" method="table" conf="3"/></port>
<port protocol="tcp" portid="47001"><state state="open" reason="syn-ack" reason_ttl="124"/><service name="http" product="Microsoft HTTPAPI httpd" version="2.0" extrainfo="SSDP/UPnP" ostype="Windows" method="probed" conf="10"><cpe>cpe:/o:microsoft:windows</cpe></service></port>
<port protocol="tcp" portid="48000"><state state="open" reason="syn-ack" reason_ttl="124"/><service name="nimcontroller" method="table" conf="3"/></port>
<port protocol="tcp" portid="49664"><state state="open" reason="syn-ack" reason_ttl="124"/><service name="msrpc" product="Microsoft Windows RPC" ostype="Windows" method="probed" conf="10"><cpe>cpe:/o:microsoft:windows</cpe></service></port>
<port protocol="tcp" portid="49665"><state state="open" reason="syn-ack" reason_ttl="124"/><service name="msrpc" product="Microsoft Windows RPC" ostype="Windows" method="probed" conf="10"><cpe>cpe:/o:microsoft:windows</cpe></service></port>
<port protocol="tcp" portid="49667"><state state="open" reason="syn-ack" reason_ttl="124"/><service name="msrpc" product="Microsoft Windows RPC" ostype="Windows" method="probed" conf="10"><cpe>cpe:/o:microsoft:windows</cpe></service></port>
<port protocol="tcp" portid="49668"><state state="open" reason="syn-ack" reason_ttl="124"/><service name="msrpc" product="Microsoft Windows RPC" ostype="Windows" method="probed" conf="10"><cpe>cpe:/o:microsoft:windows</cpe></service></port>
<port protocol="tcp" portid="49671"><state state="open" reason="syn-ack" reason_ttl="124"/><service name="msrpc" product="Microsoft Windows RPC" ostype="Windows" method="probed" conf="10"><cpe>cpe:/o:microsoft:windows</cpe></service></port>
<port protocol="tcp" portid="49690"><state state="open" reason="syn-ack" reason_ttl="124"/><service name="msrpc" product="Microsoft Windows RPC" ostype="Windows" method="probed" conf="10"><cpe>cpe:/o:microsoft:windows</cpe></service></port>
<port protocol="tcp" portid="49705"><state state="open" reason="syn-ack" reason_ttl="124"/><service name="msrpc" product="Microsoft Windows RPC" ostype="Windows" method="probed" conf="10"><cpe>cpe:/o:microsoft:windows</cpe></service></port>
<port protocol="tcp" portid="49709"><state state="open" reason="syn-ack" reason_ttl="124"/><service name="msrpc" product="Microsoft Windows RPC" ostype="Windows" method="probed" conf="10"><cpe>cpe:/o:microsoft:windows</cpe></service></port>
<port protocol="tcp" portid="49740"><state state="open" reason="syn-ack" reason_ttl="124"/><service name="msrpc" product="Microsoft Windows RPC" ostype="Windows" method="probed" conf="10"><cpe>cpe:/o:microsoft:windows</cpe></service></port>
</ports>
<times srtt="13819" rttvar="4965" to="280000"/>
</host>
<runstats><finished time="1688073751" timestr="Thu Jun 29 15:22:31 2023" summary="Nmap done at Thu Jun 29 15:22:31 2023; 1 IP address (1 host up) scanned in 135.39 seconds" elapsed="135.39" exit="success"/><hosts up="1" down="0" total="1"/>
</runstats>
</nmaprun>
