<?xml version="1.0" encoding="UTF-8"?>
<!DOCTYPE nmaprun>
<?xml-stylesheet href="file:///C:/Program Files (x86)/Nmap/nmap.xsl" type="text/xsl"?>
<!-- Nmap 7.93 scan initiated Thu Jun 29 15:21:49 2023 as: &quot;C:\\Program Files (x86)\\Nmap\\nmap.exe&quot; -Pn -sS -p- -sV -n -&#45;min-rate 5432 -&#45;open -&#45;stats-every 3s -&#45;host-timeout 120m -&#45;initial-rtt-timeout 315ms -&#45;min-rtt-timeout 280ms -&#45;max-rtt-timeout 350ms -&#45;max-retries 1 -&#45;max-scan-delay 0 -oA outputs\\172.17.208.8 172.17.208.8 -->
<nmaprun scanner="nmap" args="&quot;C:\\Program Files (x86)\\Nmap\\nmap.exe&quot; -Pn -sS -p- -sV -n -&#45;min-rate 5432 -&#45;open -&#45;stats-every 3s -&#45;host-timeout 120m -&#45;initial-rtt-timeout 315ms -&#45;min-rtt-timeout 280ms -&#45;max-rtt-timeout 350ms -&#45;max-retries 1 -&#45;max-scan-delay 0 -oA outputs\\172.17.208.8 172.17.208.8" start="1688073709" startstr="Thu Jun 29 15:21:49 2023" version="7.93" xmloutputversion="1.05">
<scaninfo type="syn" protocol="tcp" numservices="65535" services="1-65535"/>
<verbose level="0"/>
<debugging level="0"/>
<taskprogress task="SYN Stealth Scan" time="1688073712" percent="15.58" remaining="11" etc="1688073723"/>
<taskprogress task="SYN Stealth Scan" time="1688073715" percent="34.53" remaining="10" etc="1688073724"/>
<taskprogress task="SYN Stealth Scan" time="1688073718" percent="50.29" remaining="8" etc="1688073726"/>
<taskprogress task="SYN Stealth Scan" time="1688073721" percent="67.46" remaining="6" etc="1688073726"/>
<taskprogress task="SYN Stealth Scan" time="1688073724" percent="84.89" remaining="3" etc="1688073726"/>
<taskprogress task="Service scan" time="1688073733" percent="20.00" remaining="24" etc="1688073757"/>
<taskprogress task="Service scan" time="1688073738" percent="33.33" remaining="22" etc="1688073760"/>
<taskprogress task="Service scan" time="1688073743" percent="53.33" remaining="14" etc="1688073757"/>
<taskprogress task="Service scan" time="1688073744" percent="53.33" remaining="15" etc="1688073759"/>
<taskprogress task="Service scan" time="1688073748" percent="53.33" remaining="19" etc="1688073766"/>
<taskprogress task="Service scan" time="1688073751" percent="60.00" remaining="16" etc="1688073767"/>
<taskprogress task="Service scan" time="1688073753" percent="60.00" remaining="18" etc="1688073770"/>
<taskprogress task="Service scan" time="1688073756" percent="60.00" remaining="20" etc="1688073775"/>
<taskprogress task="Service scan" time="1688073761" percent="66.67" remaining="18" etc="1688073778"/>
<taskprogress task="Service scan" time="1688073763" percent="73.33" remaining="14" etc="1688073776"/>
<taskprogress task="Service scan" time="1688073766" percent="73.33" remaining="15" etc="1688073780"/>
<taskprogress task="Service scan" time="1688073768" percent="73.33" remaining="15" etc="1688073783"/>
<taskprogress task="Service scan" time="1688073771" percent="73.33" remaining="17" etc="1688073787"/>
<taskprogress task="Service scan" time="1688073776" percent="73.33" remaining="18" etc="1688073794"/>
<taskprogress task="Service scan" time="1688073781" percent="73.33" remaining="20" etc="1688073801"/>
<taskprogress task="Service scan" time="1688073786" percent="73.33" remaining="22" etc="1688073807"/>
<taskprogress task="Service scan" time="1688073791" percent="73.33" remaining="24" etc="1688073814"/>
<taskprogress task="Service scan" time="1688073796" percent="80.00" remaining="18" etc="1688073813"/>
<taskprogress task="Service scan" time="1688073801" percent="80.00" remaining="19" etc="1688073820"/>
<taskprogress task="Service scan" time="1688073806" percent="80.00" remaining="20" etc="1688073826"/>
<taskprogress task="Service scan" time="1688073811" percent="93.33" remaining="6" etc="1688073817"/>
<taskprogress task="Service scan" time="1688073816" percent="93.33" remaining="7" etc="1688073822"/>
<taskprogress task="Service scan" time="1688073821" percent="93.33" remaining="7" etc="1688073828"/>
<taskprogress task="Service scan" time="1688073826" percent="93.33" remaining="8" etc="1688073833"/>
<taskprogress task="Service scan" time="1688073833" percent="93.33" remaining="8" etc="1688073841"/>
<taskprogress task="Service scan" time="1688073838" percent="93.33" remaining="8" etc="1688073846"/>
<taskprogress task="Service scan" time="1688073843" percent="93.33" remaining="9" etc="1688073851"/>
<taskprogress task="Service scan" time="1688073848" percent="93.33" remaining="9" etc="1688073857"/>
<taskprogress task="Service scan" time="1688073853" percent="93.33" remaining="10" etc="1688073862"/>
<taskprogress task="Service scan" time="1688073858" percent="93.33" remaining="10" etc="1688073867"/>
<taskprogress task="Service scan" time="1688073864" percent="93.33" remaining="10" etc="1688073874"/>
<taskprogress task="Service scan" time="1688073869" percent="93.33" remaining="11" etc="1688073879"/>
<taskprogress task="Service scan" time="1688073874" percent="93.33" remaining="11" etc="1688073885"/>
<taskprogress task="Service scan" time="1688073879" percent="93.33" remaining="11" etc="1688073890"/>
<taskprogress task="Service scan" time="1688073884" percent="100.00" remaining="0" etc="1688073884"/>
<taskprogress task="NSE" time="1688073884" percent="99.53" remaining="0" etc="1688073884"/>
<taskprogress task="NSE" time="1688073887" percent="99.69" remaining="1" etc="1688073887"/>
<taskprogress task="NSE" time="1688073890" percent="99.69" remaining="1" etc="1688073890"/>
<host starttime="1688073710" endtime="1688073892"><status state="up" reason="user-set" reason_ttl="0"/>
<address addr="172.17.208.8" addrtype="ipv4"/>
<hostnames>
</hostnames>
<ports><extraports state="closed" count="65519">
<extrareasons reason="reset" count="65519" proto="tcp" ports="1-21,23-110,112,114-1526,1528-1999,2001-3871,3873-5059,5061-8399,8401-8402,8404-17184,17186-28404,28406-33220,33222-41335,41337-47631,47633-48085,48087-53061,53063-65535"/>
</extraports>
<extraports state="filtered" count="1">
<extrareasons reason="no-response" count="1" proto="tcp" ports="113"/>
</extraports>
<port protocol="tcp" portid="22"><state state="open" reason="syn-ack" reason_ttl="60"/><service name="ssh" product="OpenSSH" version="7.4" extrainfo="protocol 2.0" method="probed" conf="10"><cpe>cpe:/a:openbsd:openssh:7.4</cpe></service></port>
<port protocol="tcp" portid="111"><state state="open" reason="syn-ack" reason_ttl="60"/><service name="rpcbind" version="2-4" extrainfo="RPC #100000" method="probed" conf="10"/></port>
<port protocol="tcp" portid="1527"><state state="open" reason="syn-ack" reason_ttl="60"/><service name="oracle-tns" product="Oracle TNS listener" version="11.2.0.4.0" extrainfo="unauthorized" method="probed" conf="10"><cpe>cpe:/a:oracle:database_server:11.2.0.4.0</cpe></service></port>
<port protocol="tcp" portid="2000"><state state="open" reason="syn-ack" reason_ttl="64"/><service name="tcpwrapped" method="probed" conf="8"/></port>
<port protocol="tcp" portid="3872"><state state="open" reason="syn-ack" reason_ttl="60"/><service name="http" product="Jetty" version="9.2.11 or older" tunnel="ssl" method="probed" conf="10"><cpe>cpe:/a:eclipse:jetty</cpe></service></port>
<port protocol="tcp" portid="5060"><state state="open" reason="syn-ack" reason_ttl="64"/><service name="tcpwrapped" method="probed" conf="8"/></port>
<port protocol="tcp" portid="8400"><state state="open" reason="syn-ack" reason_ttl="60"/><service name="cvd" method="table" conf="3"/></port>
<port protocol="tcp" portid="8403"><state state="open" reason="syn-ack" reason_ttl="60"/><service name="admind" method="table" conf="3"/></port>
<port protocol="tcp" portid="17185"><state state="open" reason="syn-ack" reason_ttl="60"/><service name="soundsvirtual" servicefp="SF-Port17185-TCP:V=7.93%I=7%D=6/29%Time=649DF619%P=i686-pc-windows-windows%r(RPCCheck,24,&quot;\0\0\x10\x03\t\0\x01\x03\t\0\0\0\0\0\xff\xe8\0\0\0\x0c\0\x01\0\x04\0\0\0\x02\0\0\0\0\0\0\0\x02&quot;)%r(DNSVersionBindReqTCP,24,&quot;\0\0\x10\x03\t\0\x01\x03\t\0\0\0\0\0\xff\xe8\0\0\0\x0c\0\x01\0\x04\0\0\0\x02\0\0\0\0\0\0\0\x02&quot;)%r(SSLSessionReq,24,&quot;\0\0\x10\x03\t\0\x01\x03\t\0\0\0\0\0\xff\xe8\0\0\0\x0c\0\x01\0\x04\0\0\0\x02\0\0\0\0\0\0\0\x02&quot;)%r(TerminalServerCookie,24,&quot;\0\0\x10\x03\t\0\x01\x03\t\0\0\0\0\0\xff\xe8\0\0\0\x0c\0\x01\0\x04\0\0\0\x02\0\0\0\0\0\0\0\x02&quot;)%r(TLSSessionReq,24,&quot;\0\0\x10\x03\t\0\x01\x03\t\0\0\0\0\0\xff\xe8\0\0\0\x0c\0\x01\0\x04\0\0\0\x02\0\0\0\0\0\0\0\x02&quot;)%r(Kerberos,24,&quot;\0\0\x10\x03\t\0\x01\x03\t\0\0\0\0\0\xff\xe8\0\0\0\x0c\0\x01\0\x04\0\0\0\x02\0\0\0\0\0\0\0\x02&quot;)%r(SMBProgNeg,24,&quot;\0\0\x10\x03\t\0\x01\x03\t\0\0\0\0\0\xff\xe8\0\0\0\x0c\0\x01\0\x04\0\0\0\x02\0\0\0\0\0\0\0\x02&quot;)%r(FourOhFourRequest,24,&quot;\0\0\x10\x03\t\0\x01\x03\t\0\0\0\0\0\xff\xe8\0\0\0\x0c\0\x01\0\x04\0\0\0\x02\0\0\0\0\0\0\0\x02&quot;)%r(LDAPSearchReq,24,&quot;\0\0\x10\x03\t\0\x01\x03\t\0\0\0\0\0\xff\xe8\0\0\0\x0c\0\x01\0\x04\0\0\0\x02\0\0\0\0\0\0\0\x02&quot;)%r(SIPOptions,24,&quot;\0\0\x10\x03\t\0\x01\x03\t\0\0\0\0\0\xff\xe8\0\0\0\x0c\0\x01\0\x04\0\0\0\x02\0\0\0\0\0\0\0\x02&quot;)%r(NotesRPC,24,&quot;\0\0\x10\x03\t\0\x01\x03\t\0\0\0\0\0\xff\xe8\0\0\0\x0c\0\x01\0\x04\0\0\0\x02\0\0\0\0\0\0\0\x02&quot;)%r(WMSRequest,24,&quot;\0\0\x10\x03\t\0\x01\x03\t\0\0\0\0\0\xff\xe8\0\0\0\x0c\0\x01\0\x04\0\0\0\x02\0\0\0\0\0\0\0\x02&quot;)%r(oracle-tns,24,&quot;\0\0\x10\x03\t\0\x01\x03\t\0\0\0\0\0\xff\xe8\0\0\0\x0c\0\x01\0\x04\0\0\0\x02\0\0\0\0\0\0\0\x02&quot;)%r(ms-sql-s,24,&quot;\0\0\x10\x03\t\0\x01\x03\t\0\0\0\0\0\xff\xe8\0\0\0\x0c\0\x01\0\x04\0\0\0\x02\0\0\0\0\0\0\0\x02&quot;)%r(giop,24,&quot;\0\0\x10\x03\t\0\x01\x03\t\0\0\0\0\0\xff\xe8\0\0\0\x0c\0\x01\0\x04\0\0\0\x02\0\0\0\0\0\0\0\x02&quot;);" method="table" conf="3"/></port>
<port protocol="tcp" portid="28405"><state state="open" reason="syn-ack" reason_ttl="60"/></port>
<port protocol="tcp" portid="33221"><state state="open" reason="syn-ack" reason_ttl="60"/><service name="unknown" servicefp="SF-Port33221-TCP:V=7.93%I=7%D=6/29%Time=649DF621%P=i686-pc-windows-windows%r(giop,30,&quot;\x01\0\0\0\0\0\0\0\$\0\0\0\x08\x02\x12\x205c7a78f3c8574fa18d4f342dc6b647a5&quot;);" method="table" conf="3"/></port>
<port protocol="tcp" portid="41336"><state state="open" reason="syn-ack" reason_ttl="60"/></port>
<port protocol="tcp" portid="47632"><state state="open" reason="syn-ack" reason_ttl="60"/><service name="unknown" servicefp="SF-Port47632-TCP:V=7.93%I=7%D=6/29%Time=649DF60F%P=i686-pc-windows-windows%r(DNSVersionBindReqTCP,18,&quot;\0\x18\0\0\x02\0\0\0\x014\0\0\x08\0\x7f\xff\x01\0\0\0\0\x18A\x01&quot;)%r(oracle-tns,18,&quot;\0\x18\0\0\x02\0\0\0\x014\0\0\x08\0\x7f\xff\x01\0\0\0\0\x18A\x01&quot;);" method="table" conf="3"/></port>
<port protocol="tcp" portid="48086"><state state="open" reason="syn-ack" reason_ttl="60"/></port>
<port protocol="tcp" portid="53062"><state state="open" reason="syn-ack" reason_ttl="60"/><service name="unknown" servicefp="SF-Port53062-TCP:V=7.93%I=7%D=6/29%Time=649DF619%P=i686-pc-windows-windows%r(RPCCheck,24,&quot;\0\0\x10\x03\t\0\x01\x03\t\0\0\0\0\0\xff\xe8\0\0\0\x0c\0\x01\0\x04\0\0\0\x02\0\0\0\0\0\0\0\x02&quot;)%r(DNSVersionBindReqTCP,24,&quot;\0\0\x10\x03\t\0\x01\x03\t\0\0\0\0\0\xff\xe8\0\0\0\x0c\0\x01\0\x04\0\0\0\x02\0\0\0\0\0\0\0\x02&quot;)%r(SSLSessionReq,24,&quot;\0\0\x10\x03\t\0\x01\x03\t\0\0\0\0\0\xff\xe8\0\0\0\x0c\0\x01\0\x04\0\0\0\x02\0\0\0\0\0\0\0\x02&quot;)%r(TerminalServerCookie,24,&quot;\0\0\x10\x03\t\0\x01\x03\t\0\0\0\0\0\xff\xe8\0\0\0\x0c\0\x01\0\x04\0\0\0\x02\0\0\0\0\0\0\0\x02&quot;)%r(TLSSessionReq,24,&quot;\0\0\x10\x03\t\0\x01\x03\t\0\0\0\0\0\xff\xe8\0\0\0\x0c\0\x01\0\x04\0\0\0\x02\0\0\0\0\0\0\0\x02&quot;)%r(Kerberos,24,&quot;\0\0\x10\x03\t\0\x01\x03\t\0\0\0\0\0\xff\xe8\0\0\0\x0c\0\x01\0\x04\0\0\0\x02\0\0\0\0\0\0\0\x02&quot;)%r(SMBProgNeg,24,&quot;\0\0\x10\x03\t\0\x01\x03\t\0\0\0\0\0\xff\xe8\0\0\0\x0c\0\x01\0\x04\0\0\0\x02\0\0\0\0\0\0\0\x02&quot;)%r(FourOhFourRequest,24,&quot;\0\0\x10\x03\t\0\x01\x03\t\0\0\0\0\0\xff\xe8\0\0\0\x0c\0\x01\0\x04\0\0\0\x02\0\0\0\0\0\0\0\x02&quot;)%r(LDAPSearchReq,24,&quot;\0\0\x10\x03\t\0\x01\x03\t\0\0\0\0\0\xff\xe8\0\0\0\x0c\0\x01\0\x04\0\0\0\x02\0\0\0\0\0\0\0\x02&quot;)%r(SIPOptions,24,&quot;\0\0\x10\x03\t\0\x01\x03\t\0\0\0\0\0\xff\xe8\0\0\0\x0c\0\x01\0\x04\0\0\0\x02\0\0\0\0\0\0\0\x02&quot;)%r(NotesRPC,24,&quot;\0\0\x10\x03\t\0\x01\x03\t\0\0\0\0\0\xff\xe8\0\0\0\x0c\0\x01\0\x04\0\0\0\x02\0\0\0\0\0\0\0\x02&quot;)%r(WMSRequest,24,&quot;\0\0\x10\x03\t\0\x01\x03\t\0\0\0\0\0\xff\xe8\0\0\0\x0c\0\x01\0\x04\0\0\0\x02\0\0\0\0\0\0\0\x02&quot;)%r(oracle-tns,24,&quot;\0\0\x10\x03\t\0\x01\x03\t\0\0\0\0\0\xff\xe8\0\0\0\x0c\0\x01\0\x04\0\0\0\x02\0\0\0\0\0\0\0\x02&quot;)%r(ms-sql-s,24,&quot;\0\0\x10\x03\t\0\x01\x03\t\0\0\0\0\0\xff\xe8\0\0\0\x0c\0\x01\0\x04\0\0\0\x02\0\0\0\0\0\0\0\x02&quot;)%r(giop,24,&quot;\0\0\x10\x03\t\0\x01\x03\t\0\0\0\0\0\xff\xe8\0\0\0\x0c\0\x01\0\x04\0\0\0\x02\0\0\0\0\0\0\0\x02&quot;);" method="table" conf="3"/></port>
</ports>
<times srtt="9293" rttvar="2514" to="280000"/>
</host>
<runstats><finished time="1688073892" timestr="Thu Jun 29 15:24:52 2023" summary="Nmap done at Thu Jun 29 15:24:52 2023; 1 IP address (1 host up) scanned in 182.51 seconds" elapsed="182.51" exit="success"/><hosts up="1" down="0" total="1"/>
</runstats>
</nmaprun>
