<?xml version="1.0" encoding="UTF-8"?>
<!DOCTYPE nmaprun>
<?xml-stylesheet href="file:///C:/Program Files (x86)/Nmap/nmap.xsl" type="text/xsl"?>
<!-- Nmap 7.93 scan initiated Thu Jun 29 15:28:20 2023 as: &quot;C:\\Program Files (x86)\\Nmap\\nmap.exe&quot; -Pn -sS -p- -sV -n -&#45;min-rate 5432 -&#45;open -&#45;stats-every 3s -&#45;host-timeout 120m -&#45;initial-rtt-timeout 315ms -&#45;min-rtt-timeout 280ms -&#45;max-rtt-timeout 350ms -&#45;max-retries 1 -&#45;max-scan-delay 0 -oA outputs\\172.17.207.92 172.17.207.92 -->
<nmaprun scanner="nmap" args="&quot;C:\\Program Files (x86)\\Nmap\\nmap.exe&quot; -Pn -sS -p- -sV -n -&#45;min-rate 5432 -&#45;open -&#45;stats-every 3s -&#45;host-timeout 120m -&#45;initial-rtt-timeout 315ms -&#45;min-rtt-timeout 280ms -&#45;max-rtt-timeout 350ms -&#45;max-retries 1 -&#45;max-scan-delay 0 -oA outputs\\172.17.207.92 172.17.207.92" start="1688074100" startstr="Thu Jun 29 15:28:20 2023" version="7.93" xmloutputversion="1.05">
<scaninfo type="syn" protocol="tcp" numservices="65535" services="1-65535"/>
<verbose level="0"/>
<debugging level="0"/>
<taskprogress task="SYN Stealth Scan" time="1688074103" percent="14.88" remaining="12" etc="1688074114"/>
<taskprogress task="SYN Stealth Scan" time="1688074106" percent="30.56" remaining="12" etc="1688074117"/>
<taskprogress task="SYN Stealth Scan" time="1688074109" percent="45.50" remaining="10" etc="1688074119"/>
<taskprogress task="SYN Stealth Scan" time="1688074112" percent="60.46" remaining="8" etc="1688074119"/>
<taskprogress task="SYN Stealth Scan" time="1688074115" percent="75.87" remaining="5" etc="1688074119"/>
<taskprogress task="SYN Stealth Scan" time="1688074118" percent="91.12" remaining="2" etc="1688074120"/>
<taskprogress task="Service scan" time="1688074126" percent="15.00" remaining="34" etc="1688074160"/>
<taskprogress task="Service scan" time="1688074127" percent="45.00" remaining="9" etc="1688074136"/>
<taskprogress task="Service scan" time="1688074131" percent="55.00" remaining="10" etc="1688074140"/>
<taskprogress task="Service scan" time="1688074136" percent="85.00" remaining="3" etc="1688074139"/>
<taskprogress task="Service scan" time="1688074137" percent="85.00" remaining="4" etc="1688074140"/>
<taskprogress task="Service scan" time="1688074141" percent="85.00" remaining="4" etc="1688074145"/>
<taskprogress task="Service scan" time="1688074143" percent="85.00" remaining="5" etc="1688074147"/>
<taskprogress task="Service scan" time="1688074146" percent="85.00" remaining="5" etc="1688074151"/>
<taskprogress task="Service scan" time="1688074149" percent="85.00" remaining="6" etc="1688074154"/>
<taskprogress task="Service scan" time="1688074153" percent="85.00" remaining="6" etc="1688074159"/>
<taskprogress task="Service scan" time="1688074158" percent="90.00" remaining="5" etc="1688074162"/>
<taskprogress task="Service scan" time="1688074159" percent="90.00" remaining="5" etc="1688074163"/>
<taskprogress task="Service scan" time="1688074163" percent="90.00" remaining="5" etc="1688074168"/>
<taskprogress task="Service scan" time="1688074165" percent="90.00" remaining="6" etc="1688074170"/>
<taskprogress task="Service scan" time="1688074168" percent="90.00" remaining="6" etc="1688074173"/>
<taskprogress task="Service scan" time="1688074171" percent="90.00" remaining="6" etc="1688074177"/>
<taskprogress task="Service scan" time="1688074177" percent="90.00" remaining="7" etc="1688074183"/>
<taskprogress task="Service scan" time="1688074178" percent="90.00" remaining="7" etc="1688074184"/>
<taskprogress task="Service scan" time="1688074182" percent="90.00" remaining="7" etc="1688074189"/>
<taskprogress task="Service scan" time="1688074187" percent="90.00" remaining="8" etc="1688074194"/>
<taskprogress task="Service scan" time="1688074188" percent="95.00" remaining="4" etc="1688074192"/>
<taskprogress task="Service scan" time="1688074193" percent="95.00" remaining="4" etc="1688074197"/>
<taskprogress task="Service scan" time="1688074198" percent="95.00" remaining="5" etc="1688074202"/>
<taskprogress task="Service scan" time="1688074203" percent="95.00" remaining="5" etc="1688074207"/>
<taskprogress task="Service scan" time="1688074208" percent="95.00" remaining="5" etc="1688074213"/>
<taskprogress task="Service scan" time="1688074218" percent="100.00" remaining="0" etc="1688074218"/>
<taskprogress task="NSE" time="1688074219" percent="97.21" remaining="1" etc="1688074219"/>
<taskprogress task="NSE" time="1688074222" percent="99.30" remaining="1" etc="1688074222"/>
<taskprogress task="NSE" time="1688074225" percent="56.82" remaining="1" etc="1688074226"/>
<host starttime="1688074101" endtime="1688074226"><status state="up" reason="user-set" reason_ttl="0"/>
<address addr="172.17.207.92" addrtype="ipv4"/>
<hostnames>
</hostnames>
<ports><extraports state="closed" count="65514">
<extrareasons reason="reset" count="65514" proto="tcp" ports="1-21,23-110,112,114-1999,2001-5059,5061-5556,5558-7000,7002,7006-7573,7575-10522,10524-22635,22637-26924,26926-30691,30693-33220,33222-35754,35756-47999,48002-48006,48009-65535"/>
</extraports>
<extraports state="filtered" count="1">
<extrareasons reason="no-response" count="1" proto="tcp" ports="113"/>
</extraports>
<port protocol="tcp" portid="22"><state state="open" reason="syn-ack" reason_ttl="60"/><service name="ssh" product="OpenSSH" version="7.4" extrainfo="protocol 2.0" method="probed" conf="10"><cpe>cpe:/a:openbsd:openssh:7.4</cpe></service></port>
<port protocol="tcp" portid="111"><state state="open" reason="syn-ack" reason_ttl="60"/><service name="rpcbind" method="probed" conf="10"/></port>
<port protocol="tcp" portid="2000"><state state="open" reason="syn-ack" reason_ttl="64"/><service name="tcpwrapped" method="probed" conf="8"/></port>
<port protocol="tcp" portid="5060"><state state="open" reason="syn-ack" reason_ttl="64"/><service name="tcpwrapped" method="probed" conf="8"/></port>
<port protocol="tcp" portid="5557"><state state="open" reason="syn-ack" reason_ttl="60"/><service name="farenet" servicefp="SF-Port5557-TCP:V=7.93%T=SSL%I=7%D=6/29%Time=649DF79F%P=i686-pc-windows-windows%r(GetRequest,3E,&quot;\0:-ERR\x20Error\x20reading\x20from\x20socket:\x20Unknown\x20protocol\x20exception\0\0&quot;)%r(HTTPOptions,3E,&quot;\0:-ERR\x20Error\x20reading\x20from\x20socket:\x20Unknown\x20protocol\x20exception\0\0&quot;)%r(RTSPRequest,3E,&quot;\0:-ERR\x20Error\x20reading\x20from\x20socket:\x20Unknown\x20protocol\x20exception\0\0&quot;)%r(RPCCheck,3E,&quot;\0:-ERR\x20Error\x20reading\x20from\x20socket:\x20Unknown\x20protocol\x20exception\0\0&quot;)%r(Help,3E,&quot;\0:-ERR\x20Error\x20reading\x20from\x20socket:\x20Unknown\x20protocol\x20exception\0\0&quot;)%r(SSLSessionReq,3E,&quot;\0:-ERR\x20Error\x20reading\x20from\x20socket:\x20Unknown\x20protocol\x20exception\0\0&quot;)%r(TLSSessionReq,3E,&quot;\0:-ERR\x20Error\x20reading\x20from\x20socket:\x20Unknown\x20protocol\x20exception\0\0&quot;)%r(Kerberos,AE,&quot;\0\xaa-ERR\x20Error\x20reading\x20from\x20socket:\x20Received\x20java\.io\.IOException\x20but\x20without\x20detailed\x20error\x20message\.\x20Please\x20enable\x20Node\x20Manager\x20debug\x20to\x20see\x20the\x20full\x20stack\x20trace\x20if\x20necessary\0\0&quot;)%r(SMBProgNeg,AE,&quot;\0\xaa-ERR\x20Error\x20reading\x20from\x20socket:\x20Received\x20java\.io\.IOException\x20but\x20without\x20detailed\x20error\x20message\.\x20Please\x20enable\x20Node\x20Manager\x20debug\x20to\x20see\x20the\x20full\x20stack\x20trace\x20if\x20necessary\0\0&quot;)%r(X11Probe,3E,&quot;\0:-ERR\x20Error\x20reading\x20from\x20socket:\x20Unknown\x20protocol\x20exception\0\0&quot;)%r(FourOhFourRequest,3E,&quot;\0:-ERR\x20Error\x20reading\x20from\x20socket:\x20Unknown\x20protocol\x20exception\0\0&quot;)%r(LDAPSearchReq,3E,&quot;\0:-ERR\x20Error\x20reading\x20from\x20socket:\x20Unknown\x20protocol\x20exception\0\0&quot;)%r(LDAPBindReq,3E,&quot;\0:-ERR\x20Error\x20reading\x20from\x20socket:\x20Unknown\x20protocol\x20exception\0\0&quot;)%r(SIPOptions,3E,&quot;\0:-ERR\x20Error\x20reading\x20from\x20socket:\x20Unknown\x20protocol\x20exception\0\0&quot;)%r(LANDesk-RC,3E,&quot;\0:-ERR\x20Error\x20reading\x20from\x20socket:\x20Unknown\x20protocol\x20exception\0\0&quot;)%r(NCP,3E,&quot;\0:-ERR\x20Error\x20reading\x20from\x20socket:\x20Unknown\x20protocol\x20exception\0\0&quot;);" tunnel="ssl" method="table" conf="3"/></port>
<port protocol="tcp" portid="7001"><state state="open" reason="syn-ack" reason_ttl="60"/><service name="http" product="Oracle WebLogic admin httpd" method="probed" conf="10"><cpe>cpe:/a:oracle:weblogic_server</cpe></service></port>
<port protocol="tcp" portid="7003"><state state="open" reason="syn-ack" reason_ttl="60"/><service name="http" product="Oracle WebLogic admin httpd" method="probed" conf="10"><cpe>cpe:/a:oracle:weblogic_server</cpe></service></port>
<port protocol="tcp" portid="7004"><state state="open" reason="syn-ack" reason_ttl="60"/><service name="http" product="Oracle WebLogic admin httpd" method="probed" conf="10"><cpe>cpe:/a:oracle:weblogic_server</cpe></service></port>
<port protocol="tcp" portid="7005"><state state="open" reason="syn-ack" reason_ttl="60"/><service name="afs3-volser" servicefp="SF-Port7005-TCP:V=7.93%I=7%D=6/29%Time=649DF793%P=i686-pc-windows-windows%r(GetRequest,272,&quot;HTTP/1\.1\x20200\x20OK\r\nConnection:\x20close\r\nDate:\x20Thu,\x2029\x20Jun\x202023\x2021:28:51\x20GMT\r\nContent-Length:\x20293\r\nContent-Type:\x20text/html;\x20charset=ISO-8859-1\r\nX-ORACLE-DMS-ECID:\x20e552c981-40f9-4cc0-aab9-8cfcac437631-0001ad61\r\nX-ORACLE-DMS-RID:\x200\r\nSet-Cookie:\x20JSESSIONID=MjoJDxips8R17U8bn8_S9Mzku9gLmDUpyiucK5AsTbpWqkF9xlm-!972127544;\x20path=/;\x20HttpOnly\r\n\r\n&lt;html&gt;\r\n&lt;head&gt;\r\n&lt;meta\x20http-equiv=\&quot;Refresh\&quot;\r\n\tcontent=\&quot;3;url=/Banobras/Tecnico/NotificacionEmail\&quot;&gt;\r\n&lt;/head&gt;\r\n\r\n&lt;body&gt;\r\n\t&lt;p&gt;\r\n\t\tRedireccionando\x20en\x20tres\x20segundos\.\x20En\x20caso\x20contrario,\x20puedes\x20acceder\r\n\t\thaciendo\x20click\x20&lt;a\x20href=\&quot;/Banobras/Tecnico/NotificacionEmail\&quot;&gt;aqui&lt;/a&gt;\r\n\t&lt;/p&gt;\r\n&lt;/body&gt;\r\n&lt;/html&gt;\r\n&quot;)%r(HTTPOptions,272,&quot;HTTP/1\.1\x20200\x20OK\r\nConnection:\x20close\r\nDate:\x20Thu,\x2029\x20Jun\x202023\x2021:28:51\x20GMT\r\nContent-Length:\x20293\r\nContent-Type:\x20text/html;\x20charset=ISO-8859-1\r\nX-ORACLE-DMS-ECID:\x20e552c981-40f9-4cc0-aab9-8cfcac437631-0001ad62\r\nX-ORACLE-DMS-RID:\x200\r\nSet-Cookie:\x20JSESSIONID=1LgJDxjL2zf3PjEfyK0PSawz3ot2YGdZz8yatAdLlKGllVwnhhGd!972127544;\x20path=/;\x20HttpOnly\r\n\r\n&lt;html&gt;\r\n&lt;head&gt;\r\n&lt;meta\x20http-equiv=\&quot;Refresh\&quot;\r\n\tcontent=\&quot;3;url=/Banobras/Tecnico/NotificacionEmail\&quot;&gt;\r\n&lt;/head&gt;\r\n\r\n&lt;body&gt;\r\n\t&lt;p&gt;\r\n\t\tRedireccionando\x20en\x20tres\x20segundos\.\x20En\x20caso\x20contrario,\x20puedes\x20acceder\r\n\t\thaciendo\x20click\x20&lt;a\x20href=\&quot;/Banobras/Tecnico/NotificacionEmail\&quot;&gt;aqui&lt;/a&gt;\r\n\t&lt;/p&gt;\r\n&lt;/body&gt;\r\n&lt;/html&gt;\r\n&quot;)%r(RTSPRequest,54D,&quot;HTTP/1\.1\x20505\x20HTTP\x20Version\x20not\x20supported\r\nConnection:\x20close\r\nDate:\x20Thu,\x2029\x20Jun\x202023\x2021:28:51\x20GMT\r\nContent-Length:\x201196\r\nContent-Type:\x20text/html;\x20charset=UTF-8\r\n\r\n&lt;!DOCTYPE\x20HTML\x20PUBLIC\x20\&quot;-//W3C//DTD\x20HTML\x204\.0\x20Draft//EN\&quot;&gt;\n&lt;HTML&gt;\n&lt;HEAD&gt;\n&lt;TITLE&gt;Error\x20505-&#45;HTTP\x20Version\x20not\x20supported&lt;/TITLE&gt;\n&lt;/HEAD&gt;\n&lt;BODY\x20bgcolor=\&quot;white\&quot;&gt;\n&lt;FONT\x20FACE=Helvetica&gt;&lt;BR\x20CLEAR=all&gt;\n&lt;TABLE\x20border=0\x20cellspacing=5&gt;&lt;TR&gt;&lt;TD&gt;&lt;BR\x20CLEAR=all&gt;\n&lt;FONT\x20FACE=\&quot;Helvetica\&quot;\x20COLOR=\&quot;black\&quot;\x20SIZE=\&quot;3\&quot;&gt;&lt;H2&gt;Error\x20505-&#45;HTTP\x20Version\x20not\x20supported&lt;/H2&gt;\n&lt;/FONT&gt;&lt;/TD&gt;&lt;/TR&gt;\n&lt;/TABLE&gt;\n&lt;TABLE\x20border=0\x20width=100%\x20cellpadding=10&gt;&lt;TR&gt;&lt;TD\x20VALIGN=top\x20WIDTH=100%\x20BGCOLOR=white&gt;&lt;FONT\x20FACE=\&quot;Courier\x20New\&quot;&gt;&lt;FONT\x20FACE=\&quot;Helvetica\&quot;\x20SIZE=\&quot;3\&quot;&gt;&lt;H3&gt;From\x20RFC\x202068\x20&lt;i&gt;Hypertext\x20Transfer\x20Protocol\x20-&#45;\x20HTTP/1\.1&lt;/i&gt;:&lt;/H3&gt;\n&lt;/FONT&gt;&lt;FONT\x20FACE=\&quot;Helvetica\&quot;\x20SIZE=\&quot;3\&quot;&gt;&lt;H4&gt;10\.5\.6\x20505\x20HTTP\x20Version\x20Not\x20Supported&lt;/H4&gt;\n&lt;/FONT&gt;&lt;P&gt;&lt;FONT\x20FACE=\&quot;Courier\x20New\&quot;&gt;The\x20server\x20does\x20not\x20support,\x20or\x20refuses\x20t&quot;);" method="table" conf="3"/></port>
<port protocol="tcp" portid="7574"><state state="open" reason="syn-ack" reason_ttl="60"/><service name="coherence" method="table" conf="3"/></port>
<port protocol="tcp" portid="10523"><state state="open" reason="syn-ack" reason_ttl="60"/></port>
<port protocol="tcp" portid="22636"><state state="open" reason="syn-ack" reason_ttl="60"/><service name="java-rmi" product="Java RMI" method="probed" conf="10"/></port>
<port protocol="tcp" portid="26925"><state state="open" reason="syn-ack" reason_ttl="60"/></port>
<port protocol="tcp" portid="30692"><state state="open" reason="syn-ack" reason_ttl="60"/><service name="java-rmi" product="Java RMI" method="probed" conf="10"/></port>
<port protocol="tcp" portid="33221"><state state="open" reason="syn-ack" reason_ttl="60"/><service name="unknown" servicefp="SF-Port33221-TCP:V=7.93%I=7%D=6/29%Time=649DF7AA%P=i686-pc-windows-windows%r(giop,30,&quot;\x01\0\0\0\0\0\0\0\$\0\0\0\x08\x02\x12\x2090248aa2b61d44baabf069803b6e5a53&quot;);" method="table" conf="3"/></port>
<port protocol="tcp" portid="35755"><state state="open" reason="syn-ack" reason_ttl="60"/></port>
<port protocol="tcp" portid="48000"><state state="open" reason="syn-ack" reason_ttl="60"/><service name="nimcontroller" method="table" conf="3"/></port>
<port protocol="tcp" portid="48001"><state state="open" reason="syn-ack" reason_ttl="60"/><service name="nimspooler" method="table" conf="3"/></port>
<port protocol="tcp" portid="48007"><state state="open" reason="syn-ack" reason_ttl="60"/></port>
<port protocol="tcp" portid="48008"><state state="open" reason="syn-ack" reason_ttl="60"/><service name="unknown" tunnel="ssl" method="table" conf="3"/></port>
</ports>
<times srtt="10564" rttvar="2067" to="280000"/>
</host>
<runstats><finished time="1688074226" timestr="Thu Jun 29 15:30:26 2023" summary="Nmap done at Thu Jun 29 15:30:26 2023; 1 IP address (1 host up) scanned in 126.14 seconds" elapsed="126.14" exit="success"/><hosts up="1" down="0" total="1"/>
</runstats>
</nmaprun>
