<?xml version="1.0" encoding="UTF-8"?>
<!DOCTYPE nmaprun>
<?xml-stylesheet href="file:///C:/Program Files (x86)/Nmap/nmap.xsl" type="text/xsl"?>
<!-- Nmap 7.93 scan initiated Thu Jun 29 15:27:58 2023 as: &quot;C:\\Program Files (x86)\\Nmap\\nmap.exe&quot; -Pn -sS -p- -sV -n -&#45;min-rate 5432 -&#45;open -&#45;stats-every 3s -&#45;host-timeout 120m -&#45;initial-rtt-timeout 315ms -&#45;min-rtt-timeout 280ms -&#45;max-rtt-timeout 350ms -&#45;max-retries 1 -&#45;max-scan-delay 0 -oA outputs\\172.17.213.17 172.17.213.17 -->
<nmaprun scanner="nmap" args="&quot;C:\\Program Files (x86)\\Nmap\\nmap.exe&quot; -Pn -sS -p- -sV -n -&#45;min-rate 5432 -&#45;open -&#45;stats-every 3s -&#45;host-timeout 120m -&#45;initial-rtt-timeout 315ms -&#45;min-rtt-timeout 280ms -&#45;max-rtt-timeout 350ms -&#45;max-retries 1 -&#45;max-scan-delay 0 -oA outputs\\172.17.213.17 172.17.213.17" start="1688074078" startstr="Thu Jun 29 15:27:58 2023" version="7.93" xmloutputversion="1.05">
<scaninfo type="syn" protocol="tcp" numservices="65535" services="1-65535"/>
<verbose level="0"/>
<debugging level="0"/>
<taskprogress task="SYN Stealth Scan" time="1688074081" percent="11.55" remaining="23" etc="1688074104"/>
<taskprogress task="SYN Stealth Scan" time="1688074084" percent="26.94" remaining="17" etc="1688074100"/>
<taskprogress task="SYN Stealth Scan" time="1688074087" percent="41.94" remaining="13" etc="1688074099"/>
<taskprogress task="SYN Stealth Scan" time="1688074090" percent="57.28" remaining="9" etc="1688074099"/>
<taskprogress task="SYN Stealth Scan" time="1688074093" percent="73.24" remaining="6" etc="1688074098"/>
<taskprogress task="SYN Stealth Scan" time="1688074096" percent="88.49" remaining="3" etc="1688074098"/>
<taskprogress task="Service scan" time="1688074104" percent="10.00" remaining="54" etc="1688074158"/>
<taskprogress task="Service scan" time="1688074109" percent="40.00" remaining="17" etc="1688074126"/>
<taskprogress task="Service scan" time="1688074114" percent="45.00" remaining="20" etc="1688074134"/>
<taskprogress task="Service scan" time="1688074117" percent="45.00" remaining="24" etc="1688074140"/>
<taskprogress task="Service scan" time="1688074119" percent="45.00" remaining="26" etc="1688074145"/>
<taskprogress task="Service scan" time="1688074122" percent="45.00" remaining="30" etc="1688074151"/>
<taskprogress task="Service scan" time="1688074124" percent="45.00" remaining="32" etc="1688074156"/>
<taskprogress task="Service scan" time="1688074127" percent="45.00" remaining="36" etc="1688074162"/>
<taskprogress task="Service scan" time="1688074132" percent="45.00" remaining="42" etc="1688074174"/>
<taskprogress task="Service scan" time="1688074137" percent="50.00" remaining="40" etc="1688074176"/>
<taskprogress task="Service scan" time="1688074142" percent="50.00" remaining="44" etc="1688074186"/>
<taskprogress task="Service scan" time="1688074147" percent="50.00" remaining="50" etc="1688074196"/>
<taskprogress task="Service scan" time="1688074152" percent="50.00" remaining="54" etc="1688074206"/>
<host starttime="1688074079" endtime="1688074152"><status state="up" reason="user-set" reason_ttl="0"/>
<address addr="172.17.213.17" addrtype="ipv4"/>
<hostnames>
</hostnames>
<ports><extraports state="closed" count="65513">
<extrareasons reason="reset" count="65513" proto="tcp" ports="1-112,114-134,136-138,140-444,446-1432,1434-1999,2001-3388,3390-5059,5061-5984,5986-33220,33222-47000,47002-49663,49666-49668,49671-49672,49674-49699,49701-49702,49704-49706,49708-58778,58780-60046,60048-61169,61171-65535"/>
</extraports>
<extraports state="filtered" count="2">
<extrareasons reason="no-response" count="2" proto="tcp" ports="113,61170"/>
</extraports>
<port protocol="tcp" portid="135"><state state="open" reason="syn-ack" reason_ttl="124"/><service name="msrpc" product="Microsoft Windows RPC" ostype="Windows" method="probed" conf="10"><cpe>cpe:/o:microsoft:windows</cpe></service></port>
<port protocol="tcp" portid="139"><state state="open" reason="syn-ack" reason_ttl="124"/><service name="netbios-ssn" product="Microsoft Windows netbios-ssn" ostype="Windows" method="probed" conf="10"><cpe>cpe:/o:microsoft:windows</cpe></service></port>
<port protocol="tcp" portid="445"><state state="open" reason="syn-ack" reason_ttl="124"/><service name="microsoft-ds" method="table" conf="3"/></port>
<port protocol="tcp" portid="1433"><state state="open" reason="syn-ack" reason_ttl="124"/><service name="ms-sql-s" product="Microsoft SQL Server 2019" version="15.00.2000" method="probed" conf="10"><cpe>cpe:/a:microsoft:sql_server:2019</cpe></service></port>
<port protocol="tcp" portid="2000"><state state="open" reason="syn-ack" reason_ttl="64"/><service name="tcpwrapped" method="probed" conf="8"/></port>
<port protocol="tcp" portid="3389"><state state="open" reason="syn-ack" reason_ttl="124"/><service name="ms-wbt-server" product="Microsoft Terminal Services" ostype="Windows" method="probed" conf="10"><cpe>cpe:/o:microsoft:windows</cpe></service></port>
<port protocol="tcp" portid="5060"><state state="open" reason="syn-ack" reason_ttl="64"/><service name="tcpwrapped" method="probed" conf="8"/></port>
<port protocol="tcp" portid="5985"><state state="open" reason="syn-ack" reason_ttl="124"/><service name="http" product="Microsoft HTTPAPI httpd" version="2.0" extrainfo="SSDP/UPnP" ostype="Windows" method="probed" conf="10"><cpe>cpe:/o:microsoft:windows</cpe></service></port>
<port protocol="tcp" portid="33221"><state state="open" reason="syn-ack" reason_ttl="124"/><service name="unknown" servicefp="SF-Port33221-TCP:V=7.93%I=7%D=6/29%Time=649DF794%P=i686-pc-windows-windows%r(giop,30,&quot;\x01\0\0\0\0\0\0\0\$\0\0\0\x08\x02\x12\x206e003f17473440849e09b9c113e35f31&quot;);" method="table" conf="3"/></port>
<port protocol="tcp" portid="47001"><state state="open" reason="syn-ack" reason_ttl="124"/><service name="http" product="Microsoft HTTPAPI httpd" version="2.0" extrainfo="SSDP/UPnP" ostype="Windows" method="probed" conf="10"><cpe>cpe:/o:microsoft:windows</cpe></service></port>
<port protocol="tcp" portid="49664"><state state="open" reason="syn-ack" reason_ttl="124"/><service name="msrpc" product="Microsoft Windows RPC" ostype="Windows" method="probed" conf="10"><cpe>cpe:/o:microsoft:windows</cpe></service></port>
<port protocol="tcp" portid="49665"><state state="open" reason="syn-ack" reason_ttl="124"/><service name="msrpc" product="Microsoft Windows RPC" ostype="Windows" method="probed" conf="10"><cpe>cpe:/o:microsoft:windows</cpe></service></port>
<port protocol="tcp" portid="49669"><state state="open" reason="syn-ack" reason_ttl="124"/><service name="msrpc" product="Microsoft Windows RPC" ostype="Windows" method="probed" conf="10"><cpe>cpe:/o:microsoft:windows</cpe></service></port>
<port protocol="tcp" portid="49670"><state state="open" reason="syn-ack" reason_ttl="124"/><service name="msrpc" product="Microsoft Windows RPC" ostype="Windows" method="probed" conf="10"><cpe>cpe:/o:microsoft:windows</cpe></service></port>
<port protocol="tcp" portid="49673"><state state="open" reason="syn-ack" reason_ttl="124"/><service name="msrpc" product="Microsoft Windows RPC" ostype="Windows" method="probed" conf="10"><cpe>cpe:/o:microsoft:windows</cpe></service></port>
<port protocol="tcp" portid="49700"><state state="open" reason="syn-ack" reason_ttl="124"/><service name="msrpc" product="Microsoft Windows RPC" ostype="Windows" method="probed" conf="10"><cpe>cpe:/o:microsoft:windows</cpe></service></port>
<port protocol="tcp" portid="49703"><state state="open" reason="syn-ack" reason_ttl="124"/><service name="msrpc" product="Microsoft Windows RPC" ostype="Windows" method="probed" conf="10"><cpe>cpe:/o:microsoft:windows</cpe></service></port>
<port protocol="tcp" portid="49707"><state state="open" reason="syn-ack" reason_ttl="124"/><service name="msrpc" product="Microsoft Windows RPC" ostype="Windows" method="probed" conf="10"><cpe>cpe:/o:microsoft:windows</cpe></service></port>
<port protocol="tcp" portid="58779"><state state="open" reason="syn-ack" reason_ttl="124"/><service name="msrpc" product="Microsoft Windows RPC" ostype="Windows" method="probed" conf="10"><cpe>cpe:/o:microsoft:windows</cpe></service></port>
<port protocol="tcp" portid="60047"><state state="open" reason="syn-ack" reason_ttl="124"/><service name="msrpc" product="Microsoft Windows RPC" ostype="Windows" method="probed" conf="10"><cpe>cpe:/o:microsoft:windows</cpe></service></port>
</ports>
<times srtt="8893" rttvar="3287" to="280000"/>
</host>
<runstats><finished time="1688074152" timestr="Thu Jun 29 15:29:12 2023" summary="Nmap done at Thu Jun 29 15:29:12 2023; 1 IP address (1 host up) scanned in 74.43 seconds" elapsed="74.43" exit="success"/><hosts up="1" down="0" total="1"/>
</runstats>
</nmaprun>
