<?xml version="1.0" encoding="UTF-8"?>
<!DOCTYPE nmaprun>
<?xml-stylesheet href="file:///C:/Program Files (x86)/Nmap/nmap.xsl" type="text/xsl"?>
<!-- Nmap 7.93 scan initiated Thu Jun 29 15:27:09 2023 as: &quot;C:\\Program Files (x86)\\Nmap\\nmap.exe&quot; -Pn -sS -p- -sV -n -&#45;min-rate 5432 -&#45;open -&#45;stats-every 3s -&#45;host-timeout 120m -&#45;initial-rtt-timeout 315ms -&#45;min-rtt-timeout 280ms -&#45;max-rtt-timeout 350ms -&#45;max-retries 1 -&#45;max-scan-delay 0 -oA outputs\\172.17.201.36 172.17.201.36 -->
<nmaprun scanner="nmap" args="&quot;C:\\Program Files (x86)\\Nmap\\nmap.exe&quot; -Pn -sS -p- -sV -n -&#45;min-rate 5432 -&#45;open -&#45;stats-every 3s -&#45;host-timeout 120m -&#45;initial-rtt-timeout 315ms -&#45;min-rtt-timeout 280ms -&#45;max-rtt-timeout 350ms -&#45;max-retries 1 -&#45;max-scan-delay 0 -oA outputs\\172.17.201.36 172.17.201.36" start="1688074029" startstr="Thu Jun 29 15:27:09 2023" version="7.93" xmloutputversion="1.05">
<scaninfo type="syn" protocol="tcp" numservices="65535" services="1-65535"/>
<verbose level="0"/>
<debugging level="0"/>
<taskprogress task="SYN Stealth Scan" time="1688074031" percent="6.50" remaining="29" etc="1688074060"/>
<taskprogress task="SYN Stealth Scan" time="1688074034" percent="14.69" remaining="30" etc="1688074063"/>
<taskprogress task="SYN Stealth Scan" time="1688074037" percent="22.88" remaining="27" etc="1688074064"/>
<taskprogress task="SYN Stealth Scan" time="1688074040" percent="31.13" remaining="25" etc="1688074064"/>
<taskprogress task="SYN Stealth Scan" time="1688074043" percent="40.13" remaining="21" etc="1688074064"/>
<taskprogress task="SYN Stealth Scan" time="1688074046" percent="49.64" remaining="18" etc="1688074063"/>
<taskprogress task="SYN Stealth Scan" time="1688074049" percent="59.15" remaining="14" etc="1688074063"/>
<taskprogress task="SYN Stealth Scan" time="1688074052" percent="68.94" remaining="11" etc="1688074062"/>
<taskprogress task="SYN Stealth Scan" time="1688074055" percent="78.34" remaining="8" etc="1688074062"/>
<taskprogress task="SYN Stealth Scan" time="1688074058" percent="87.77" remaining="5" etc="1688074062"/>
<taskprogress task="SYN Stealth Scan" time="1688074061" percent="97.13" remaining="1" etc="1688074062"/>
<taskprogress task="Service scan" time="1688074069" percent="0.00"/>
<taskprogress task="Service scan" time="1688074074" percent="0.00"/>
<taskprogress task="Service scan" time="1688074079" percent="0.00"/>
<taskprogress task="Service scan" time="1688074081" percent="0.00"/>
<taskprogress task="Service scan" time="1688074084" percent="0.00"/>
<taskprogress task="Service scan" time="1688074087" percent="0.00"/>
<taskprogress task="Service scan" time="1688074089" percent="0.00"/>
<taskprogress task="Service scan" time="1688074092" percent="0.00"/>
<taskprogress task="Service scan" time="1688074097" percent="0.00"/>
<taskprogress task="Service scan" time="1688074099" percent="0.00"/>
<taskprogress task="Service scan" time="1688074102" percent="0.00"/>
<taskprogress task="Service scan" time="1688074104" percent="0.00"/>
<taskprogress task="Service scan" time="1688074107" percent="0.00"/>
<taskprogress task="Service scan" time="1688074112" percent="0.00"/>
<taskprogress task="Service scan" time="1688074114" percent="0.00"/>
<taskprogress task="Service scan" time="1688074119" percent="0.00"/>
<taskprogress task="Service scan" time="1688074124" percent="0.00"/>
<taskprogress task="Service scan" time="1688074127" percent="0.00"/>
<taskprogress task="Service scan" time="1688074129" percent="0.00"/>
<taskprogress task="Service scan" time="1688074132" percent="0.00"/>
<taskprogress task="Service scan" time="1688074134" percent="0.00"/>
<taskprogress task="Service scan" time="1688074137" percent="0.00"/>
<taskprogress task="Service scan" time="1688074142" percent="0.00"/>
<taskprogress task="Service scan" time="1688074144" percent="0.00"/>
<taskprogress task="Service scan" time="1688074147" percent="0.00"/>
<taskprogress task="Service scan" time="1688074149" percent="0.00"/>
<taskprogress task="Service scan" time="1688074152" percent="0.00"/>
<taskprogress task="Service scan" time="1688074157" percent="0.00"/>
<taskprogress task="Service scan" time="1688074159" percent="0.00"/>
<taskprogress task="Service scan" time="1688074162" percent="0.00"/>
<taskprogress task="Service scan" time="1688074164" percent="0.00"/>
<taskprogress task="Service scan" time="1688074167" percent="0.00"/>
<taskprogress task="Service scan" time="1688074172" percent="0.00"/>
<taskprogress task="Service scan" time="1688074174" percent="0.00"/>
<taskprogress task="Service scan" time="1688074179" percent="0.00"/>
<taskprogress task="Service scan" time="1688074184" percent="0.00"/>
<taskprogress task="Service scan" time="1688074189" percent="0.00"/>
<taskprogress task="Service scan" time="1688074194" percent="0.00"/>
<taskprogress task="Service scan" time="1688074199" percent="0.00"/>
<taskprogress task="Service scan" time="1688074204" percent="0.00"/>
<taskprogress task="Service scan" time="1688074209" percent="0.00"/>
<taskprogress task="Service scan" time="1688074219" percent="50.00" remaining="156" etc="1688074375"/>
<taskprogress task="NSE" time="1688074220" percent="50.00" remaining="2" etc="1688074221"/>
<host starttime="1688074029" endtime="1688074220"><status state="up" reason="user-set" reason_ttl="0"/>
<address addr="172.17.201.36" addrtype="ipv4"/>
<hostnames>
</hostnames>
<ports><extraports state="filtered" count="65533">
<extrareasons reason="no-response" count="65533" proto="tcp" ports="1-1999,2001-5059,5061-65535"/>
</extraports>
<port protocol="tcp" portid="2000"><state state="open" reason="syn-ack" reason_ttl="64"/><service name="cisco-sccp" method="table" conf="3"/></port>
<port protocol="tcp" portid="5060"><state state="open" reason="syn-ack" reason_ttl="64"/><service name="sip" method="table" conf="3"/></port>
</ports>
<times srtt="48958" rttvar="2086" to="280000"/>
</host>
<runstats><finished time="1688074220" timestr="Thu Jun 29 15:30:20 2023" summary="Nmap done at Thu Jun 29 15:30:20 2023; 1 IP address (1 host up) scanned in 191.80 seconds" elapsed="191.80" exit="success"/><hosts up="1" down="0" total="1"/>
</runstats>
</nmaprun>
