<?xml version="1.0" encoding="UTF-8"?>
<!DOCTYPE nmaprun>
<?xml-stylesheet href="file:///C:/Program Files (x86)/Nmap/nmap.xsl" type="text/xsl"?>
<!-- Nmap 7.93 scan initiated Thu Jun 29 15:24:52 2023 as: &quot;C:\\Program Files (x86)\\Nmap\\nmap.exe&quot; -Pn -sS -p- -sV -n -&#45;min-rate 5432 -&#45;open -&#45;stats-every 3s -&#45;host-timeout 120m -&#45;initial-rtt-timeout 315ms -&#45;min-rtt-timeout 280ms -&#45;max-rtt-timeout 350ms -&#45;max-retries 1 -&#45;max-scan-delay 0 -oA outputs\\172.17.211.30 172.17.211.30 -->
<nmaprun scanner="nmap" args="&quot;C:\\Program Files (x86)\\Nmap\\nmap.exe&quot; -Pn -sS -p- -sV -n -&#45;min-rate 5432 -&#45;open -&#45;stats-every 3s -&#45;host-timeout 120m -&#45;initial-rtt-timeout 315ms -&#45;min-rtt-timeout 280ms -&#45;max-rtt-timeout 350ms -&#45;max-retries 1 -&#45;max-scan-delay 0 -oA outputs\\172.17.211.30 172.17.211.30" start="1688073892" startstr="Thu Jun 29 15:24:52 2023" version="7.93" xmloutputversion="1.05">
<scaninfo type="syn" protocol="tcp" numservices="65535" services="1-65535"/>
<verbose level="0"/>
<debugging level="0"/>
<taskprogress task="SYN Stealth Scan" time="1688073895" percent="10.48" remaining="18" etc="1688073912"/>
<taskprogress task="SYN Stealth Scan" time="1688073898" percent="25.77" remaining="15" etc="1688073912"/>
<taskprogress task="SYN Stealth Scan" time="1688073901" percent="41.23" remaining="12" etc="1688073912"/>
<taskprogress task="SYN Stealth Scan" time="1688073904" percent="57.23" remaining="9" etc="1688073912"/>
<taskprogress task="SYN Stealth Scan" time="1688073907" percent="73.15" remaining="6" etc="1688073912"/>
<taskprogress task="SYN Stealth Scan" time="1688073910" percent="89.11" remaining="3" etc="1688073912"/>
<taskprogress task="Service scan" time="1688073917" percent="15.22" remaining="28" etc="1688073945"/>
<taskprogress task="Service scan" time="1688073918" percent="15.22" remaining="34" etc="1688073951"/>
<taskprogress task="Service scan" time="1688073921" percent="36.96" remaining="16" etc="1688073936"/>
<taskprogress task="Service scan" time="1688073924" percent="43.48" remaining="16" etc="1688073940"/>
<taskprogress task="Service scan" time="1688073927" percent="47.83" remaining="17" etc="1688073943"/>
<taskprogress task="Service scan" time="1688073930" percent="52.17" remaining="17" etc="1688073947"/>
<taskprogress task="Service scan" time="1688073933" percent="54.35" remaining="18" etc="1688073951"/>
<taskprogress task="Service scan" time="1688073936" percent="56.52" remaining="19" etc="1688073954"/>
<taskprogress task="Service scan" time="1688073939" percent="58.70" remaining="19" etc="1688073958"/>
<taskprogress task="Service scan" time="1688073942" percent="65.22" remaining="16" etc="1688073958"/>
<taskprogress task="Service scan" time="1688073945" percent="65.22" remaining="18" etc="1688073963"/>
<taskprogress task="Service scan" time="1688073948" percent="69.57" remaining="16" etc="1688073964"/>
<taskprogress task="Service scan" time="1688073951" percent="71.74" remaining="16" etc="1688073966"/>
<taskprogress task="Service scan" time="1688073954" percent="71.74" remaining="17" etc="1688073971"/>
<taskprogress task="Service scan" time="1688073957" percent="76.09" remaining="15" etc="1688073971"/>
<taskprogress task="Service scan" time="1688073960" percent="78.26" remaining="14" etc="1688073973"/>
<taskprogress task="Service scan" time="1688073963" percent="80.43" remaining="13" etc="1688073975"/>
<taskprogress task="Service scan" time="1688073966" percent="80.43" remaining="14" etc="1688073979"/>
<taskprogress task="Service scan" time="1688073969" percent="80.43" remaining="14" etc="1688073983"/>
<taskprogress task="Service scan" time="1688073972" percent="80.43" remaining="15" etc="1688073987"/>
<taskprogress task="Service scan" time="1688073975" percent="80.43" remaining="16" etc="1688073990"/>
<taskprogress task="Service scan" time="1688073978" percent="80.43" remaining="17" etc="1688073994"/>
<taskprogress task="Service scan" time="1688073981" percent="80.43" remaining="17" etc="1688073998"/>
<taskprogress task="Service scan" time="1688073984" percent="80.43" remaining="18" etc="1688074002"/>
<taskprogress task="Service scan" time="1688073987" percent="80.43" remaining="19" etc="1688074005"/>
<taskprogress task="Service scan" time="1688073990" percent="80.43" remaining="19" etc="1688074009"/>
<taskprogress task="Service scan" time="1688073993" percent="80.43" remaining="20" etc="1688074013"/>
<taskprogress task="Service scan" time="1688073996" percent="80.43" remaining="21" etc="1688074016"/>
<taskprogress task="Service scan" time="1688073999" percent="82.61" remaining="19" etc="1688074017"/>
<taskprogress task="Service scan" time="1688074003" percent="82.61" remaining="20" etc="1688074022"/>
<taskprogress task="Service scan" time="1688074005" percent="82.61" remaining="20" etc="1688074025"/>
<taskprogress task="Service scan" time="1688074008" percent="82.61" remaining="21" etc="1688074028"/>
<taskprogress task="Service scan" time="1688074011" percent="84.78" remaining="18" etc="1688074029"/>
<taskprogress task="Service scan" time="1688074014" percent="84.78" remaining="19" etc="1688074032"/>
<taskprogress task="Service scan" time="1688074017" percent="91.30" remaining="10" etc="1688074027"/>
<taskprogress task="Service scan" time="1688074020" percent="93.48" remaining="8" etc="1688074028"/>
<taskprogress task="Service scan" time="1688074023" percent="93.48" remaining="8" etc="1688074031"/>
<taskprogress task="Service scan" time="1688074026" percent="93.48" remaining="8" etc="1688074034"/>
<taskprogress task="Service scan" time="1688074030" percent="93.48" remaining="9" etc="1688074038"/>
<taskprogress task="Service scan" time="1688074033" percent="93.48" remaining="9" etc="1688074041"/>
<taskprogress task="Service scan" time="1688074035" percent="93.48" remaining="9" etc="1688074044"/>
<taskprogress task="Service scan" time="1688074038" percent="93.48" remaining="9" etc="1688074047"/>
<taskprogress task="Service scan" time="1688074041" percent="93.48" remaining="10" etc="1688074050"/>
<taskprogress task="Service scan" time="1688074045" percent="93.48" remaining="10" etc="1688074054"/>
<taskprogress task="Service scan" time="1688074048" percent="95.65" remaining="7" etc="1688074054"/>
<taskprogress task="Service scan" time="1688074050" percent="95.65" remaining="7" etc="1688074056"/>
<taskprogress task="Service scan" time="1688074053" percent="95.65" remaining="7" etc="1688074059"/>
<taskprogress task="Service scan" time="1688074058" percent="95.65" remaining="7" etc="1688074065"/>
<taskprogress task="Service scan" time="1688074060" percent="95.65" remaining="7" etc="1688074067"/>
<taskprogress task="Service scan" time="1688074063" percent="95.65" remaining="7" etc="1688074070"/>
<taskprogress task="Service scan" time="1688074065" percent="97.83" remaining="4" etc="1688074068"/>
<taskprogress task="Service scan" time="1688074068" percent="100.00" remaining="0" etc="1688074068"/>
<taskprogress task="NSE" time="1688074071" percent="99.80" remaining="1" etc="1688074071"/>
<taskprogress task="NSE" time="1688074074" percent="99.85" remaining="1" etc="1688074074"/>
<taskprogress task="NSE" time="1688074077" percent="71.88" remaining="1" etc="1688074077"/>
<host starttime="1688073893" endtime="1688074078"><status state="up" reason="user-set" reason_ttl="0"/>
<address addr="172.17.211.30" addrtype="ipv4"/>
<hostnames>
</hostnames>
<ports><extraports state="closed" count="65488">
<extrareasons reason="reset" count="65488" proto="tcp" ports="1-21,23-110,112,114-1127,1130-1520,1522-1999,2001-3200,3202-3300,3302-3900,3902-5059,5061-8100,8102-8399,8401-8402,8404-8999,9002,9004-15221,15223-15931,15933-17800,17802-18173,18175-23043,23045-23538,23540-26632,26634-28864,28866-33220,33222-39999,40003-40079,40081-40402,40404-40407,40409-49999,50001-50003,50005-50006,50008-50012,50015-50019,50021-50024,50026-50029,50031-50034,50036-50112,50115-59812,59814-64481,64483-64991,64993-64998,65000-65535"/>
</extraports>
<extraports state="filtered" count="1">
<extrareasons reason="no-response" count="1" proto="tcp" ports="113"/>
</extraports>
<port protocol="tcp" portid="22"><state state="open" reason="syn-ack" reason_ttl="60"/><service name="ssh" product="OpenSSH" version="7.4" extrainfo="protocol 2.0" method="probed" conf="10"><cpe>cpe:/a:openbsd:openssh:7.4</cpe></service></port>
<port protocol="tcp" portid="111"><state state="open" reason="syn-ack" reason_ttl="60"/><service name="rpcbind" version="2-4" extrainfo="RPC #100000" method="probed" conf="10"/></port>
<port protocol="tcp" portid="1128"><state state="open" reason="syn-ack" reason_ttl="60"/><service name="saphostctrl" servicefp="SF-Port1128-TCP:V=7.93%I=7%D=6/29%Time=649DF6C3%P=i686-pc-windows-windows%r(GetRequest,AF,&quot;HTTP/1\.1\x20301\x20Moved\x20Permanently\r\nLocation:\x20/sapmc/sapmc\.html\?SID=SAP&amp;NR=99&amp;HOST=bopabappop\r\nServer:\x20SAP\x20Host\x20Agent\r\nContent-Type:\x20text/xml;\x20charset=utf-8\r\nConnection:\x20close\r\n\r\n&quot;)%r(RTSPRequest,3A7,&quot;HTTP/1\.1\x20400\x20Bad\x20Request\r\nServer:\x20SAP\x20Host\x20Agent\r\nContent-Type:\x20text/xml;\x20charset=utf-8\r\nContent-Length:\x20804\r\nConnection:\x20close\r\n\r\n&lt;\?xml\x20version=\&quot;1\.0\&quot;\x20encoding=\&quot;UTF-8\&quot;\?&gt;&lt;SOAP-ENV:Envelope\x20xmlns:SOAP-ENV=\&quot;http://schemas\.xmlsoap\.org/soap/envelope/\&quot;\x20xmlns:SOAP-ENC=\&quot;http://schemas\.xmlsoap\.org/soap/encoding/\&quot;\x20xmlns:xsi=\&quot;http://www\.w3\.org/2001/XMLSchema-instance\&quot;\x20xmlns:xsd=\&quot;http://www\.w3\.org/2001/XMLSchema\&quot;\x20xmlns:SAPControl=\&quot;urn:SAPControl\&quot;\x20xmlns:SAPCCMS=\&quot;urn:SAPCCMS\&quot;\x20xmlns:SAPHostControl=\&quot;urn:SAPHostControl\&quot;\x20xmlns:SAPLandscapeService=\&quot;urn:SAPLandscapeService\&quot;\x20xmlns:SAPMetricService=\&quot;urn:SAPMetricService\&quot;\x20xmlns:SAPOscol=\&quot;urn:SAPOscol\&quot;\x20xmlns:SAPDSR=\&quot;urn:SAPDSR\&quot;&gt;&lt;SOAP-ENV:Body&gt;&lt;SOAP-ENV:Fault\x20SOAP-ENV:encodingStyle=\&quot;http://schemas\.xmlsoap\.org/soap/encoding/\&quot;&gt;&lt;faultcode&gt;SOAP-ENV:Client&lt;/faultcode&gt;&lt;faultstring&gt;HTTP\x20Error:\x20&apos;Bad\x20Request&apos;&lt;/faultstring&gt;&lt;SOAP-ENV:Code&gt;&lt;/SOAP-ENV:Code&gt;&lt;/SOAP-ENV:Fault&gt;&lt;&quot;)%r(FourOhFourRequest,6C,&quot;HTTP/1\.1\x20404\x20Not\x20Found\r\nServer:\x20SAP\x20Host\x20Agent\r\nContent-Type:\x20text/xml;\x20charset=utf-8\r\nConnection:\x20close\r\n\r\n&quot;)%r(SIPOptions,3A7,&quot;HTTP/1\.1\x20400\x20Bad\x20Request\r\nServer:\x20SAP\x20Host\x20Agent\r\nContent-Type:\x20text/xml;\x20charset=utf-8\r\nContent-Length:\x20804\r\nConnection:\x20close\r\n\r\n&lt;\?xml\x20version=\&quot;1\.0\&quot;\x20encoding=\&quot;UTF-8\&quot;\?&gt;&lt;SOAP-ENV:Envelope\x20xmlns:SOAP-ENV=\&quot;http://schemas\.xmlsoap\.org/soap/envelope/\&quot;\x20xmlns:SOAP-ENC=\&quot;http://schemas\.xmlsoap\.org/soap/encoding/\&quot;\x20xmlns:xsi=\&quot;http://www\.w3\.org/2001/XMLSchema-instance\&quot;\x20xmlns:xsd=\&quot;http://www\.w3\.org/2001/XMLSchema\&quot;\x20xmlns:SAPControl=\&quot;urn:SAPControl\&quot;\x20xmlns:SAPCCMS=\&quot;urn:SAPCCMS\&quot;\x20xmlns:SAPHostControl=\&quot;urn:SAPHostControl\&quot;\x20xmlns:SAPLandscapeService=\&quot;urn:SAPLandscapeService\&quot;\x20xmlns:SAPMetricService=\&quot;urn:SAPMetricService\&quot;\x20xmlns:SAPOscol=\&quot;urn:SAPOscol\&quot;\x20xmlns:SAPDSR=\&quot;urn:SAPDSR\&quot;&gt;&lt;SOAP-ENV:Body&gt;&lt;SOAP-ENV:Fault\x20SOAP-ENV:encodingStyle=\&quot;http://schemas\.xmlsoap\.org/soap/encoding/\&quot;&gt;&lt;faultcode&gt;SOAP-ENV:Client&lt;/faultcode&gt;&lt;faultstring&gt;HTTP\x20Error:\x20&apos;Bad\x20Request&apos;&lt;/faultstring&gt;&lt;SOAP-ENV:Code&gt;&lt;/SOAP-ENV:Code&gt;&lt;/SOAP-ENV:Fault&gt;&lt;&quot;);" method="table" conf="3"/></port>
<port protocol="tcp" portid="1129"><state state="open" reason="syn-ack" reason_ttl="60"/><service name="saphostctrls" servicefp="SF-Port1129-TCP:V=7.93%T=SSL%I=7%D=6/29%Time=649DF71F%P=i686-pc-windows-windows%r(SIPOptions,3A7,&quot;HTTP/1\.1\x20400\x20Bad\x20Request\r\nServer:\x20SAP\x20Host\x20Agent\r\nContent-Type:\x20text/xml;\x20charset=utf-8\r\nContent-Length:\x20804\r\nConnection:\x20close\r\n\r\n&lt;\?xml\x20version=\&quot;1\.0\&quot;\x20encoding=\&quot;UTF-8\&quot;\?&gt;&lt;SOAP-ENV:Envelope\x20xmlns:SOAP-ENV=\&quot;http://schemas\.xmlsoap\.org/soap/envelope/\&quot;\x20xmlns:SOAP-ENC=\&quot;http://schemas\.xmlsoap\.org/soap/encoding/\&quot;\x20xmlns:xsi=\&quot;http://www\.w3\.org/2001/XMLSchema-instance\&quot;\x20xmlns:xsd=\&quot;http://www\.w3\.org/2001/XMLSchema\&quot;\x20xmlns:SAPControl=\&quot;urn:SAPControl\&quot;\x20xmlns:SAPCCMS=\&quot;urn:SAPCCMS\&quot;\x20xmlns:SAPHostControl=\&quot;urn:SAPHostControl\&quot;\x20xmlns:SAPLandscapeService=\&quot;urn:SAPLandscapeService\&quot;\x20xmlns:SAPMetricService=\&quot;urn:SAPMetricService\&quot;\x20xmlns:SAPOscol=\&quot;urn:SAPOscol\&quot;\x20xmlns:SAPDSR=\&quot;urn:SAPDSR\&quot;&gt;&lt;SOAP-ENV:Body&gt;&lt;SOAP-ENV:Fault\x20SOAP-ENV:encodingStyle=\&quot;http://schemas\.xmlsoap\.org/soap/encoding/\&quot;&gt;&lt;faultcode&gt;SOAP-ENV:Client&lt;/faultcode&gt;&lt;faultstring&gt;HTTP\x20Error:\x20&apos;Bad\x20Request&apos;&lt;/faultstring&gt;&lt;SOAP-ENV:Code&gt;&lt;/SOAP-ENV:Code&gt;&lt;/SOAP-ENV:Fault&gt;&lt;&quot;);" tunnel="ssl" method="table" conf="3"/></port>
<port protocol="tcp" portid="1521"><state state="open" reason="syn-ack" reason_ttl="60"/><service name="oracle-tns" product="Oracle TNS listener" version="12.2.0.1.0" extrainfo="unauthorized" method="probed" conf="10"><cpe>cpe:/a:oracle:database_server:12.2.0.1.0</cpe></service></port>
<port protocol="tcp" portid="2000"><state state="open" reason="syn-ack" reason_ttl="64"/><service name="tcpwrapped" method="probed" conf="8"/></port>
<port protocol="tcp" portid="3201"><state state="open" reason="syn-ack" reason_ttl="60"/><service name="cpq-tasksmart" method="table" conf="3"/></port>
<port protocol="tcp" portid="3301"><state state="open" reason="syn-ack" reason_ttl="60"/><service name="tarantool" method="table" conf="3"/></port>
<port protocol="tcp" portid="3901"><state state="open" reason="syn-ack" reason_ttl="60"/><service name="nimsh" method="table" conf="3"/></port>
<port protocol="tcp" portid="5060"><state state="open" reason="syn-ack" reason_ttl="64"/><service name="tcpwrapped" method="probed" conf="8"/></port>
<port protocol="tcp" portid="8101"><state state="open" reason="syn-ack" reason_ttl="60"/><service name="http" product="SAP Message Server httpd" version="release 753" method="probed" conf="10"/></port>
<port protocol="tcp" portid="8400"><state state="open" reason="syn-ack" reason_ttl="60"/><service name="cvd" method="table" conf="3"/></port>
<port protocol="tcp" portid="8403"><state state="open" reason="syn-ack" reason_ttl="60"/><service name="admind" method="table" conf="3"/></port>
<port protocol="tcp" portid="9000"><state state="open" reason="syn-ack" reason_ttl="60"/><service name="tcpwrapped" method="probed" conf="8"/></port>
<port protocol="tcp" portid="9001"><state state="open" reason="syn-ack" reason_ttl="60"/><service name="tcpwrapped" method="probed" conf="8"/></port>
<port protocol="tcp" portid="9003"><state state="open" reason="syn-ack" reason_ttl="60"/><service name="unknown" method="table" conf="3"/></port>
<port protocol="tcp" portid="15222"><state state="open" reason="syn-ack" reason_ttl="60"/></port>
<port protocol="tcp" portid="15932"><state state="open" reason="syn-ack" reason_ttl="60"/><service name="tcpwrapped" method="probed" conf="8"/></port>
<port protocol="tcp" portid="17801"><state state="open" reason="syn-ack" reason_ttl="60"/><service name="unknown" method="table" conf="3"/></port>
<port protocol="tcp" portid="18174"><state state="open" reason="syn-ack" reason_ttl="60"/></port>
<port protocol="tcp" portid="23044"><state state="open" reason="syn-ack" reason_ttl="60"/></port>
<port protocol="tcp" portid="23539"><state state="open" reason="syn-ack" reason_ttl="60"/></port>
<port protocol="tcp" portid="26633"><state state="open" reason="syn-ack" reason_ttl="60"/><service name="tcpwrapped" method="probed" conf="8"/></port>
<port protocol="tcp" portid="28865"><state state="open" reason="syn-ack" reason_ttl="60"/></port>
<port protocol="tcp" portid="33221"><state state="open" reason="syn-ack" reason_ttl="60"/><service name="unknown" servicefp="SF-Port33221-TCP:V=7.93%I=7%D=6/29%Time=649DF6DA%P=i686-pc-windows-windows%r(giop,30,&quot;\x01\0\0\0\0\0\0\0\$\0\0\0\x08\x02\x12\x20656a32a940e74a66b9c9d17b33efe3bc&quot;);" method="table" conf="3"/></port>
<port protocol="tcp" portid="40000"><state state="open" reason="syn-ack" reason_ttl="60"/><service name="safetynetp" method="table" conf="3"/></port>
<port protocol="tcp" portid="40001"><state state="open" reason="syn-ack" reason_ttl="60"/><service name="unknown" method="table" conf="3"/></port>
<port protocol="tcp" portid="40002"><state state="open" reason="syn-ack" reason_ttl="60"/><service name="unknown" method="table" conf="3"/></port>
<port protocol="tcp" portid="40080"><state state="open" reason="syn-ack" reason_ttl="60"/><service name="http" product="SAP Internet Graphics Server httpd" method="probed" conf="10"/></port>
<port protocol="tcp" portid="40403"><state state="open" reason="syn-ack" reason_ttl="60"/></port>
<port protocol="tcp" portid="40408"><state state="open" reason="syn-ack" reason_ttl="60"/><service name="unknown" servicefp="SF-Port40408-TCP:V=7.93%I=7%D=6/29%Time=649DF6D9%P=i686-pc-windows-windows%r(RPCCheck,24,&quot;\0\0\x10\x03\t\0\x01\x03\t\0\0\0\0\0\xff\xe8\0\0\0\x0c\0\x01\0\x04\0\0\0\x02\0\0\0\0\0\0\0\x02&quot;)%r(DNSVersionBindReqTCP,24,&quot;\0\0\x10\x03\t\0\x01\x03\t\0\0\0\0\0\xff\xe8\0\0\0\x0c\0\x01\0\x04\0\0\0\x02\0\0\0\0\0\0\0\x02&quot;)%r(SSLSessionReq,24,&quot;\0\0\x10\x03\t\0\x01\x03\t\0\0\0\0\0\xff\xe8\0\0\0\x0c\0\x01\0\x04\0\0\0\x02\0\0\0\0\0\0\0\x02&quot;)%r(TerminalServerCookie,24,&quot;\0\0\x10\x03\t\0\x01\x03\t\0\0\0\0\0\xff\xe8\0\0\0\x0c\0\x01\0\x04\0\0\0\x02\0\0\0\0\0\0\0\x02&quot;)%r(TLSSessionReq,24,&quot;\0\0\x10\x03\t\0\x01\x03\t\0\0\0\0\0\xff\xe8\0\0\0\x0c\0\x01\0\x04\0\0\0\x02\0\0\0\0\0\0\0\x02&quot;)%r(Kerberos,24,&quot;\0\0\x10\x03\t\0\x01\x03\t\0\0\0\0\0\xff\xe8\0\0\0\x0c\0\x01\0\x04\0\0\0\x02\0\0\0\0\0\0\0\x02&quot;)%r(SMBProgNeg,24,&quot;\0\0\x10\x03\t\0\x01\x03\t\0\0\0\0\0\xff\xe8\0\0\0\x0c\0\x01\0\x04\0\0\0\x02\0\0\0\0\0\0\0\x02&quot;)%r(FourOhFourRequest,24,&quot;\0\0\x10\x03\t\0\x01\x03\t\0\0\0\0\0\xff\xe8\0\0\0\x0c\0\x01\0\x04\0\0\0\x02\0\0\0\0\0\0\0\x02&quot;)%r(LDAPSearchReq,24,&quot;\0\0\x10\x03\t\0\x01\x03\t\0\0\0\0\0\xff\xe8\0\0\0\x0c\0\x01\0\x04\0\0\0\x02\0\0\0\0\0\0\0\x02&quot;)%r(SIPOptions,24,&quot;\0\0\x10\x03\t\0\x01\x03\t\0\0\0\0\0\xff\xe8\0\0\0\x0c\0\x01\0\x04\0\0\0\x02\0\0\0\0\0\0\0\x02&quot;)%r(NotesRPC,24,&quot;\0\0\x10\x03\t\0\x01\x03\t\0\0\0\0\0\xff\xe8\0\0\0\x0c\0\x01\0\x04\0\0\0\x02\0\0\0\0\0\0\0\x02&quot;)%r(WMSRequest,24,&quot;\0\0\x10\x03\t\0\x01\x03\t\0\0\0\0\0\xff\xe8\0\0\0\x0c\0\x01\0\x04\0\0\0\x02\0\0\0\0\0\0\0\x02&quot;)%r(oracle-tns,24,&quot;\0\0\x10\x03\t\0\x01\x03\t\0\0\0\0\0\xff\xe8\0\0\0\x0c\0\x01\0\x04\0\0\0\x02\0\0\0\0\0\0\0\x02&quot;)%r(ms-sql-s,24,&quot;\0\0\x10\x03\t\0\x01\x03\t\0\0\0\0\0\xff\xe8\0\0\0\x0c\0\x01\0\x04\0\0\0\x02\0\0\0\0\0\0\0\x02&quot;)%r(giop,24,&quot;\0\0\x10\x03\t\0\x01\x03\t\0\0\0\0\0\xff\xe8\0\0\0\x0c\0\x01\0\x04\0\0\0\x02\0\0\0\0\0\0\0\x02&quot;);" method="table" conf="3"/></port>
<port protocol="tcp" portid="50000"><state state="open" reason="syn-ack" reason_ttl="60"/><service name="http" product="SAP WebDispatcher" method="probed" conf="10"><cpe>cpe:/a:sap:web_dispatcher</cpe></service></port>
<port protocol="tcp" portid="50004"><state state="open" reason="syn-ack" reason_ttl="60"/></port>
<port protocol="tcp" portid="50007"><state state="open" reason="syn-ack" reason_ttl="60"/><service name="giop" servicefp="SF-Port50007-TCP:V=7.93%I=7%D=6/29%Time=649DF6E5%P=i686-pc-windows-windows%r(giop,4C,&quot;GIOP\x01\0\0\x01\0\0\0@\0\0\0\0\0\0\0\x01\0\0\0\x02\0\0\0&apos;IDL:omg\.org/CORBA/OBJECT_NOT_EXIST:1\.0\0\0\0\0\0\x01\0\0\0\x02&quot;);" method="probed" conf="10"/></port>
<port protocol="tcp" portid="50013"><state state="open" reason="syn-ack" reason_ttl="60"/><service name="soap" product="gSOAP" version="2.8" method="probed" conf="10"><cpe>cpe:/a:genivia:gsoap:2.8</cpe></service></port>
<port protocol="tcp" portid="50014"><state state="open" reason="syn-ack" reason_ttl="60"/><service name="soap" product="gSOAP" version="2.8" tunnel="ssl" method="probed" conf="10"><cpe>cpe:/a:genivia:gsoap:2.8</cpe></service></port>
<port protocol="tcp" portid="50020"><state state="open" reason="syn-ack" reason_ttl="60"/><service name="unknown" servicefp="SF-Port50020-TCP:V=7.93%I=7%D=6/29%Time=649DF6C6%P=i686-pc-windows-windows%r(NULL,2F,&quot;SAP_Cluster_Manager\xff\xff\xff\xfd\0\x7f\&quot;\xae\0\0\x01\x88\xe6\x8d\xfa\x82\xff\xff\xff\xff\0\0\0\0\x06\xc4\xa0\x94&quot;)%r(GenericLines,2F,&quot;SAP_Cluster_Manager\xff\xff\xff\xfd\0\x7f\&quot;\xae\0\0\x01\x88\xe6\x8d\xfa\x82\xff\xff\xff\xff\0\0\0\0\x06\xc4\xa0\x94&quot;)%r(GetRequest,2F,&quot;SAP_Cluster_Manager\xff\xff\xff\xfd\0\x7f\&quot;\xae\0\0\x01\x88\xe6\x8d\xfa\x82\xff\xff\xff\xff\0\0\0\0\x06\xc4\xa0\x94&quot;)%r(HTTPOptions,2F,&quot;SAP_Cluster_Manager\xff\xff\xff\xfd\0\x7f\&quot;\xae\0\0\x01\x88\xe6\x8d\xfa\x82\xff\xff\xff\xff\0\0\0\0\x06\xc4\xa0\x94&quot;)%r(RTSPRequest,2F,&quot;SAP_Cluster_Manager\xff\xff\xff\xfd\0\x7f\&quot;\xae\0\0\x01\x88\xe6\x8d\xfa\x82\xff\xff\xff\xff\0\0\0\0\x06\xc4\xa0\x94&quot;)%r(RPCCheck,2F,&quot;SAP_Cluster_Manager\xff\xff\xff\xfd\0\x7f\&quot;\xae\0\0\x01\x88\xe6\x8d\xfa\x82\xff\xff\xff\xff\0\0\0\0\x06\xc4\xa0\x94&quot;)%r(DNSVersionBindReqTCP,2F,&quot;SAP_Cluster_Manager\xff\xff\xff\xfd\0\x7f\&quot;\xae\0\0\x01\x88\xe6\x8d\xfa\x82\xff\xff\xff\xff\0\0\0\0\x06\xc4\xa0\x94&quot;)%r(DNSStatusRequestTCP,2F,&quot;SAP_Cluster_Manager\xff\xff\xff\xfd\0\x7f\&quot;\xae\0\0\x01\x88\xe6\x8d\xfa\x82\xff\xff\xff\xff\0\0\0\0\x06\xc4\xa0\x94&quot;)%r(Help,2F,&quot;SAP_Cluster_Manager\xff\xff\xff\xfd\0\x7f\&quot;\xae\0\0\x01\x88\xe6\x8d\xfa\x82\xff\xff\xff\xff\0\0\0\0\x06\xc4\xa0\x94&quot;)%r(TerminalServerCookie,2F,&quot;SAP_Cluster_Manager\xff\xff\xff\xfd\0\x7f\&quot;\xae\0\0\x01\x88\xe6\x8d\xfa\x82\xff\xff\xff\xff\0\0\0\0\x06\xc4\xa0\x94&quot;)%r(X11Probe,2F,&quot;SAP_Cluster_Manager\xff\xff\xff\xfd\0\x7f\&quot;\xae\0\0\x01\x88\xe6\x8d\xfa\x82\xff\xff\xff\xff\0\0\0\0\x06\xc4\xa0\x94&quot;)%r(LPDString,2F,&quot;SAP_Cluster_Manager\xff\xff\xff\xfd\0\x7f\&quot;\xae\0\0\x01\x88\xe6\x8d\xfa\x82\xff\xff\xff\xff\0\0\0\0\x06\xc4\xa0\x94&quot;)%r(LDAPBindReq,2F,&quot;SAP_Cluster_Manager\xff\xff\xff\xfd\0\x7f\&quot;\xae\0\0\x01\x88\xe6\x8d\xfa\x82\xff\xff\xff\xff\0\0\0\0\x06\xc4\xa0\x94&quot;)%r(SIPOptions,2F,&quot;SAP_Cluster_Manager\xff\xff\xff\xfd\0\x7f\&quot;\xae\0\0\x01\x88\xe6\x8d\xfa\x82\xff\xff\xff\xff\0\0\0\0\x06\xc4\xa0\x94&quot;)%r(LANDesk-RC,2F,&quot;SAP_Cluster_Manager\xff\xff\xff\xfd\0\x7f\&quot;\xae\0\0\x01\x88\xe6\x8d\xfa\x82\xff\xff\xff\xff\0\0\0\0\x06\xc4\xa0\x94&quot;);" method="table" conf="3"/></port>
<port protocol="tcp" portid="50025"><state state="open" reason="syn-ack" reason_ttl="60"/><service name="unknown" servicefp="SF-Port50025-TCP:V=7.93%I=7%D=6/29%Time=649DF6C7%P=i686-pc-windows-windows%r(NULL,2F,&quot;SAP_Cluster_Manager\xff\xff\xff\xfd\0\x7f\&quot;\xaf\0\0\x01\x88\xe6\x8d\xfa\x92\xff\xff\xff\xff\0\0\0\0\xbb\xb2\xee\x93&quot;)%r(GenericLines,2F,&quot;SAP_Cluster_Manager\xff\xff\xff\xfd\0\x7f\&quot;\xaf\0\0\x01\x88\xe6\x8d\xfa\x92\xff\xff\xff\xff\0\0\0\0\xbb\xb2\xee\x93&quot;)%r(GetRequest,2F,&quot;SAP_Cluster_Manager\xff\xff\xff\xfd\0\x7f\&quot;\xaf\0\0\x01\x88\xe6\x8d\xfa\x92\xff\xff\xff\xff\0\0\0\0\xbb\xb2\xee\x93&quot;)%r(HTTPOptions,2F,&quot;SAP_Cluster_Manager\xff\xff\xff\xfd\0\x7f\&quot;\xaf\0\0\x01\x88\xe6\x8d\xfa\x92\xff\xff\xff\xff\0\0\0\0\xbb\xb2\xee\x93&quot;)%r(RTSPRequest,2F,&quot;SAP_Cluster_Manager\xff\xff\xff\xfd\0\x7f\&quot;\xaf\0\0\x01\x88\xe6\x8d\xfa\x92\xff\xff\xff\xff\0\0\0\0\xbb\xb2\xee\x93&quot;)%r(RPCCheck,2F,&quot;SAP_Cluster_Manager\xff\xff\xff\xfd\0\x7f\&quot;\xaf\0\0\x01\x88\xe6\x8d\xfa\x92\xff\xff\xff\xff\0\0\0\0\xbb\xb2\xee\x93&quot;)%r(DNSVersionBindReqTCP,2F,&quot;SAP_Cluster_Manager\xff\xff\xff\xfd\0\x7f\&quot;\xaf\0\0\x01\x88\xe6\x8d\xfa\x92\xff\xff\xff\xff\0\0\0\0\xbb\xb2\xee\x93&quot;)%r(DNSStatusRequestTCP,2F,&quot;SAP_Cluster_Manager\xff\xff\xff\xfd\0\x7f\&quot;\xaf\0\0\x01\x88\xe6\x8d\xfa\x92\xff\xff\xff\xff\0\0\0\0\xbb\xb2\xee\x93&quot;)%r(Help,2F,&quot;SAP_Cluster_Manager\xff\xff\xff\xfd\0\x7f\&quot;\xaf\0\0\x01\x88\xe6\x8d\xfa\x92\xff\xff\xff\xff\0\0\0\0\xbb\xb2\xee\x93&quot;)%r(TerminalServerCookie,2F,&quot;SAP_Cluster_Manager\xff\xff\xff\xfd\0\x7f\&quot;\xaf\0\0\x01\x88\xe6\x8d\xfa\x92\xff\xff\xff\xff\0\0\0\0\xbb\xb2\xee\x93&quot;)%r(X11Probe,2F,&quot;SAP_Cluster_Manager\xff\xff\xff\xfd\0\x7f\&quot;\xaf\0\0\x01\x88\xe6\x8d\xfa\x92\xff\xff\xff\xff\0\0\0\0\xbb\xb2\xee\x93&quot;)%r(LPDString,2F,&quot;SAP_Cluster_Manager\xff\xff\xff\xfd\0\x7f\&quot;\xaf\0\0\x01\x88\xe6\x8d\xfa\x92\xff\xff\xff\xff\0\0\0\0\xbb\xb2\xee\x93&quot;)%r(LDAPBindReq,2F,&quot;SAP_Cluster_Manager\xff\xff\xff\xfd\0\x7f\&quot;\xaf\0\0\x01\x88\xe6\x8d\xfa\x92\xff\xff\xff\xff\0\0\0\0\xbb\xb2\xee\x93&quot;)%r(SIPOptions,2F,&quot;SAP_Cluster_Manager\xff\xff\xff\xfd\0\x7f\&quot;\xaf\0\0\x01\x88\xe6\x8d\xfa\x92\xff\xff\xff\xff\0\0\0\0\xbb\xb2\xee\x93&quot;)%r(LANDesk-RC,2F,&quot;SAP_Cluster_Manager\xff\xff\xff\xfd\0\x7f\&quot;\xaf\0\0\x01\x88\xe6\x8d\xfa\x92\xff\xff\xff\xff\0\0\0\0\xbb\xb2\xee\x93&quot;);" method="table" conf="3"/></port>
<port protocol="tcp" portid="50030"><state state="open" reason="syn-ack" reason_ttl="60"/><service name="unknown" servicefp="SF-Port50030-TCP:V=7.93%I=7%D=6/29%Time=649DF6C9%P=i686-pc-windows-windows%r(NULL,2F,&quot;SAP_Cluster_Manager\xff\xff\xff\xfd\0\x7f\&quot;\xb0\0\0\x01\x88\xe6\x8d\xfa\xdf\xff\xff\xff\xff\0\0\0\0\x88\xa6\x01\x84&quot;)%r(GenericLines,2F,&quot;SAP_Cluster_Manager\xff\xff\xff\xfd\0\x7f\&quot;\xb0\0\0\x01\x88\xe6\x8d\xfa\xdf\xff\xff\xff\xff\0\0\0\0\x88\xa6\x01\x84&quot;)%r(GetRequest,2F,&quot;SAP_Cluster_Manager\xff\xff\xff\xfd\0\x7f\&quot;\xb0\0\0\x01\x88\xe6\x8d\xfa\xdf\xff\xff\xff\xff\0\0\0\0\x88\xa6\x01\x84&quot;)%r(HTTPOptions,2F,&quot;SAP_Cluster_Manager\xff\xff\xff\xfd\0\x7f\&quot;\xb0\0\0\x01\x88\xe6\x8d\xfa\xdf\xff\xff\xff\xff\0\0\0\0\x88\xa6\x01\x84&quot;)%r(RTSPRequest,2F,&quot;SAP_Cluster_Manager\xff\xff\xff\xfd\0\x7f\&quot;\xb0\0\0\x01\x88\xe6\x8d\xfa\xdf\xff\xff\xff\xff\0\0\0\0\x88\xa6\x01\x84&quot;)%r(RPCCheck,2F,&quot;SAP_Cluster_Manager\xff\xff\xff\xfd\0\x7f\&quot;\xb0\0\0\x01\x88\xe6\x8d\xfa\xdf\xff\xff\xff\xff\0\0\0\0\x88\xa6\x01\x84&quot;)%r(DNSVersionBindReqTCP,2F,&quot;SAP_Cluster_Manager\xff\xff\xff\xfd\0\x7f\&quot;\xb0\0\0\x01\x88\xe6\x8d\xfa\xdf\xff\xff\xff\xff\0\0\0\0\x88\xa6\x01\x84&quot;)%r(DNSStatusRequestTCP,2F,&quot;SAP_Cluster_Manager\xff\xff\xff\xfd\0\x7f\&quot;\xb0\0\0\x01\x88\xe6\x8d\xfa\xdf\xff\xff\xff\xff\0\0\0\0\x88\xa6\x01\x84&quot;)%r(Help,2F,&quot;SAP_Cluster_Manager\xff\xff\xff\xfd\0\x7f\&quot;\xb0\0\0\x01\x88\xe6\x8d\xfa\xdf\xff\xff\xff\xff\0\0\0\0\x88\xa6\x01\x84&quot;)%r(TerminalServerCookie,2F,&quot;SAP_Cluster_Manager\xff\xff\xff\xfd\0\x7f\&quot;\xb0\0\0\x01\x88\xe6\x8d\xfa\xdf\xff\xff\xff\xff\0\0\0\0\x88\xa6\x01\x84&quot;)%r(X11Probe,2F,&quot;SAP_Cluster_Manager\xff\xff\xff\xfd\0\x7f\&quot;\xb0\0\0\x01\x88\xe6\x8d\xfa\xdf\xff\xff\xff\xff\0\0\0\0\x88\xa6\x01\x84&quot;)%r(LPDString,2F,&quot;SAP_Cluster_Manager\xff\xff\xff\xfd\0\x7f\&quot;\xb0\0\0\x01\x88\xe6\x8d\xfa\xdf\xff\xff\xff\xff\0\0\0\0\x88\xa6\x01\x84&quot;)%r(LDAPBindReq,2F,&quot;SAP_Cluster_Manager\xff\xff\xff\xfd\0\x7f\&quot;\xb0\0\0\x01\x88\xe6\x8d\xfa\xdf\xff\xff\xff\xff\0\0\0\0\x88\xa6\x01\x84&quot;)%r(SIPOptions,2F,&quot;SAP_Cluster_Manager\xff\xff\xff\xfd\0\x7f\&quot;\xb0\0\0\x01\x88\xe6\x8d\xfa\xdf\xff\xff\xff\xff\0\0\0\0\x88\xa6\x01\x84&quot;)%r(LANDesk-RC,2F,&quot;SAP_Cluster_Manager\xff\xff\xff\xfd\0\x7f\&quot;\xb0\0\0\x01\x88\xe6\x8d\xfa\xdf\xff\xff\xff\xff\0\0\0\0\x88\xa6\x01\x84&quot;);" method="table" conf="3"/></port>
<port protocol="tcp" portid="50035"><state state="open" reason="syn-ack" reason_ttl="60"/><service name="unknown" servicefp="SF-Port50035-TCP:V=7.93%I=7%D=6/29%Time=649DF6CA%P=i686-pc-windows-windows%r(NULL,2F,&quot;SAP_Cluster_Manager\xff\xff\xff\xfd\0\x7f\&quot;\xb1\0\0\x01\x88\xe6\x8d\xfa\xa0\xff\xff\xff\xff\0\0\0\0\.\xb2\xaf\x1f&quot;)%r(GenericLines,2F,&quot;SAP_Cluster_Manager\xff\xff\xff\xfd\0\x7f\&quot;\xb1\0\0\x01\x88\xe6\x8d\xfa\xa0\xff\xff\xff\xff\0\0\0\0\.\xb2\xaf\x1f&quot;)%r(GetRequest,2F,&quot;SAP_Cluster_Manager\xff\xff\xff\xfd\0\x7f\&quot;\xb1\0\0\x01\x88\xe6\x8d\xfa\xa0\xff\xff\xff\xff\0\0\0\0\.\xb2\xaf\x1f&quot;)%r(HTTPOptions,2F,&quot;SAP_Cluster_Manager\xff\xff\xff\xfd\0\x7f\&quot;\xb1\0\0\x01\x88\xe6\x8d\xfa\xa0\xff\xff\xff\xff\0\0\0\0\.\xb2\xaf\x1f&quot;)%r(RTSPRequest,2F,&quot;SAP_Cluster_Manager\xff\xff\xff\xfd\0\x7f\&quot;\xb1\0\0\x01\x88\xe6\x8d\xfa\xa0\xff\xff\xff\xff\0\0\0\0\.\xb2\xaf\x1f&quot;)%r(RPCCheck,2F,&quot;SAP_Cluster_Manager\xff\xff\xff\xfd\0\x7f\&quot;\xb1\0\0\x01\x88\xe6\x8d\xfa\xa0\xff\xff\xff\xff\0\0\0\0\.\xb2\xaf\x1f&quot;)%r(DNSVersionBindReqTCP,2F,&quot;SAP_Cluster_Manager\xff\xff\xff\xfd\0\x7f\&quot;\xb1\0\0\x01\x88\xe6\x8d\xfa\xa0\xff\xff\xff\xff\0\0\0\0\.\xb2\xaf\x1f&quot;)%r(DNSStatusRequestTCP,2F,&quot;SAP_Cluster_Manager\xff\xff\xff\xfd\0\x7f\&quot;\xb1\0\0\x01\x88\xe6\x8d\xfa\xa0\xff\xff\xff\xff\0\0\0\0\.\xb2\xaf\x1f&quot;)%r(Help,2F,&quot;SAP_Cluster_Manager\xff\xff\xff\xfd\0\x7f\&quot;\xb1\0\0\x01\x88\xe6\x8d\xfa\xa0\xff\xff\xff\xff\0\0\0\0\.\xb2\xaf\x1f&quot;)%r(TerminalServerCookie,2F,&quot;SAP_Cluster_Manager\xff\xff\xff\xfd\0\x7f\&quot;\xb1\0\0\x01\x88\xe6\x8d\xfa\xa0\xff\xff\xff\xff\0\0\0\0\.\xb2\xaf\x1f&quot;)%r(X11Probe,2F,&quot;SAP_Cluster_Manager\xff\xff\xff\xfd\0\x7f\&quot;\xb1\0\0\x01\x88\xe6\x8d\xfa\xa0\xff\xff\xff\xff\0\0\0\0\.\xb2\xaf\x1f&quot;)%r(LPDString,2F,&quot;SAP_Cluster_Manager\xff\xff\xff\xfd\0\x7f\&quot;\xb1\0\0\x01\x88\xe6\x8d\xfa\xa0\xff\xff\xff\xff\0\0\0\0\.\xb2\xaf\x1f&quot;)%r(LDAPBindReq,2F,&quot;SAP_Cluster_Manager\xff\xff\xff\xfd\0\x7f\&quot;\xb1\0\0\x01\x88\xe6\x8d\xfa\xa0\xff\xff\xff\xff\0\0\0\0\.\xb2\xaf\x1f&quot;)%r(SIPOptions,2F,&quot;SAP_Cluster_Manager\xff\xff\xff\xfd\0\x7f\&quot;\xb1\0\0\x01\x88\xe6\x8d\xfa\xa0\xff\xff\xff\xff\0\0\0\0\.\xb2\xaf\x1f&quot;)%r(LANDesk-RC,2F,&quot;SAP_Cluster_Manager\xff\xff\xff\xfd\0\x7f\&quot;\xb1\0\0\x01\x88\xe6\x8d\xfa\xa0\xff\xff\xff\xff\0\0\0\0\.\xb2\xaf\x1f&quot;);" method="table" conf="3"/></port>
<port protocol="tcp" portid="50113"><state state="open" reason="syn-ack" reason_ttl="60"/><service name="soap" product="gSOAP" version="2.8" method="probed" conf="10"><cpe>cpe:/a:genivia:gsoap:2.8</cpe></service></port>
<port protocol="tcp" portid="50114"><state state="open" reason="syn-ack" reason_ttl="60"/><service name="soap" product="gSOAP" version="2.8" tunnel="ssl" method="probed" conf="10"><cpe>cpe:/a:genivia:gsoap:2.8</cpe></service></port>
<port protocol="tcp" portid="59813"><state state="open" reason="syn-ack" reason_ttl="60"/><service name="soap" product="gSOAP" version="2.7" method="probed" conf="10"><cpe>cpe:/a:genivia:gsoap:2.7</cpe></service></port>
<port protocol="tcp" portid="64482"><state state="open" reason="syn-ack" reason_ttl="60"/><service name="unknown" servicefp="SF-Port64482-TCP:V=7.93%I=7%D=6/29%Time=649DF6E4%P=i686-pc-windows-windows%r(RPCCheck,24,&quot;\0\0\x10\x03\t\0\x01\x03\t\0\0\0\0\0\xff\xe8\0\0\0\x0c\0\x01\0\x04\0\0\0\x02\0\0\0\0\0\0\0\x02&quot;)%r(DNSVersionBindReqTCP,24,&quot;\0\0\x10\x03\t\0\x01\x03\t\0\0\0\0\0\xff\xe8\0\0\0\x0c\0\x01\0\x04\0\0\0\x02\0\0\0\0\0\0\0\x02&quot;)%r(SSLSessionReq,24,&quot;\0\0\x10\x03\t\0\x01\x03\t\0\0\0\0\0\xff\xe8\0\0\0\x0c\0\x01\0\x04\0\0\0\x02\0\0\0\0\0\0\0\x02&quot;)%r(TerminalServerCookie,24,&quot;\0\0\x10\x03\t\0\x01\x03\t\0\0\0\0\0\xff\xe8\0\0\0\x0c\0\x01\0\x04\0\0\0\x02\0\0\0\0\0\0\0\x02&quot;)%r(TLSSessionReq,24,&quot;\0\0\x10\x03\t\0\x01\x03\t\0\0\0\0\0\xff\xe8\0\0\0\x0c\0\x01\0\x04\0\0\0\x02\0\0\0\0\0\0\0\x02&quot;)%r(Kerberos,24,&quot;\0\0\x10\x03\t\0\x01\x03\t\0\0\0\0\0\xff\xe8\0\0\0\x0c\0\x01\0\x04\0\0\0\x02\0\0\0\0\0\0\0\x02&quot;)%r(SMBProgNeg,24,&quot;\0\0\x10\x03\t\0\x01\x03\t\0\0\0\0\0\xff\xe8\0\0\0\x0c\0\x01\0\x04\0\0\0\x02\0\0\0\0\0\0\0\x02&quot;)%r(FourOhFourRequest,24,&quot;\0\0\x10\x03\t\0\x01\x03\t\0\0\0\0\0\xff\xe8\0\0\0\x0c\0\x01\0\x04\0\0\0\x02\0\0\0\0\0\0\0\x02&quot;)%r(LDAPSearchReq,24,&quot;\0\0\x10\x03\t\0\x01\x03\t\0\0\0\0\0\xff\xe8\0\0\0\x0c\0\x01\0\x04\0\0\0\x02\0\0\0\0\0\0\0\x02&quot;)%r(SIPOptions,24,&quot;\0\0\x10\x03\t\0\x01\x03\t\0\0\0\0\0\xff\xe8\0\0\0\x0c\0\x01\0\x04\0\0\0\x02\0\0\0\0\0\0\0\x02&quot;)%r(NotesRPC,24,&quot;\0\0\x10\x03\t\0\x01\x03\t\0\0\0\0\0\xff\xe8\0\0\0\x0c\0\x01\0\x04\0\0\0\x02\0\0\0\0\0\0\0\x02&quot;)%r(WMSRequest,24,&quot;\0\0\x10\x03\t\0\x01\x03\t\0\0\0\0\0\xff\xe8\0\0\0\x0c\0\x01\0\x04\0\0\0\x02\0\0\0\0\0\0\0\x02&quot;)%r(oracle-tns,24,&quot;\0\0\x10\x03\t\0\x01\x03\t\0\0\0\0\0\xff\xe8\0\0\0\x0c\0\x01\0\x04\0\0\0\x02\0\0\0\0\0\0\0\x02&quot;)%r(ms-sql-s,24,&quot;\0\0\x10\x03\t\0\x01\x03\t\0\0\0\0\0\xff\xe8\0\0\0\x0c\0\x01\0\x04\0\0\0\x02\0\0\0\0\0\0\0\x02&quot;)%r(giop,24,&quot;\0\0\x10\x03\t\0\x01\x03\t\0\0\0\0\0\xff\xe8\0\0\0\x0c\0\x01\0\x04\0\0\0\x02\0\0\0\0\0\0\0\x02&quot;);" method="table" conf="3"/></port>
<port protocol="tcp" portid="64992"><state state="open" reason="syn-ack" reason_ttl="60"/></port>
<port protocol="tcp" portid="64999"><state state="open" reason="syn-ack" reason_ttl="60"/></port>
</ports>
<times srtt="15410" rttvar="5270" to="280000"/>
</host>
<runstats><finished time="1688074078" timestr="Thu Jun 29 15:27:58 2023" summary="Nmap done at Thu Jun 29 15:27:58 2023; 1 IP address (1 host up) scanned in 185.88 seconds" elapsed="185.88" exit="success"/><hosts up="1" down="0" total="1"/>
</runstats>
</nmaprun>
