<?xml version="1.0" encoding="UTF-8"?>
<!DOCTYPE nmaprun>
<?xml-stylesheet href="file:///C:/Program Files (x86)/Nmap/nmap.xsl" type="text/xsl"?>
<!-- Nmap 7.93 scan initiated Thu Jun 29 15:30:27 2023 as: &quot;C:\\Program Files (x86)\\Nmap\\nmap.exe&quot; -Pn -sS -p- -sV -n -&#45;min-rate 5432 -&#45;open -&#45;stats-every 3s -&#45;host-timeout 120m -&#45;initial-rtt-timeout 315ms -&#45;min-rtt-timeout 280ms -&#45;max-rtt-timeout 350ms -&#45;max-retries 1 -&#45;max-scan-delay 0 -oA outputs\\172.17.207.96 172.17.207.96 -->
<nmaprun scanner="nmap" args="&quot;C:\\Program Files (x86)\\Nmap\\nmap.exe&quot; -Pn -sS -p- -sV -n -&#45;min-rate 5432 -&#45;open -&#45;stats-every 3s -&#45;host-timeout 120m -&#45;initial-rtt-timeout 315ms -&#45;min-rtt-timeout 280ms -&#45;max-rtt-timeout 350ms -&#45;max-retries 1 -&#45;max-scan-delay 0 -oA outputs\\172.17.207.96 172.17.207.96" start="1688074227" startstr="Thu Jun 29 15:30:27 2023" version="7.93" xmloutputversion="1.05">
<scaninfo type="syn" protocol="tcp" numservices="65535" services="1-65535"/>
<verbose level="0"/>
<debugging level="0"/>
<taskprogress task="SYN Stealth Scan" time="1688074229" percent="6.29" remaining="30" etc="1688074259"/>
<taskprogress task="SYN Stealth Scan" time="1688074232" percent="13.94" remaining="31" etc="1688074263"/>
<taskprogress task="SYN Stealth Scan" time="1688074236" percent="21.56" remaining="33" etc="1688074269"/>
<taskprogress task="SYN Stealth Scan" time="1688074238" percent="29.75" remaining="26" etc="1688074264"/>
<taskprogress task="SYN Stealth Scan" time="1688074241" percent="37.83" remaining="24" etc="1688074264"/>
<taskprogress task="SYN Stealth Scan" time="1688074244" percent="46.55" remaining="20" etc="1688074264"/>
<taskprogress task="SYN Stealth Scan" time="1688074247" percent="56.10" remaining="16" etc="1688074263"/>
<taskprogress task="SYN Stealth Scan" time="1688074250" percent="65.07" remaining="13" etc="1688074262"/>
<taskprogress task="SYN Stealth Scan" time="1688074253" percent="73.69" remaining="10" etc="1688074262"/>
<taskprogress task="SYN Stealth Scan" time="1688074256" percent="82.37" remaining="7" etc="1688074262"/>
<taskprogress task="SYN Stealth Scan" time="1688074259" percent="91.87" remaining="3" etc="1688074262"/>
<taskprogress task="SYN Stealth Scan" time="1688074262" percent="99.99" remaining="1" etc="1688074262"/>
<runstats><finished time="1688074263" timestr="Thu Jun 29 15:31:03 2023" summary="Nmap done at Thu Jun 29 15:31:03 2023; 1 IP address (1 host up) scanned in 36.23 seconds" elapsed="36.23" exit="success"/><hosts up="1" down="0" total="1"/>
</runstats>
</nmaprun>
