<?xml version="1.0" encoding="UTF-8"?>
<!DOCTYPE nmaprun>
<?xml-stylesheet href="file:///C:/Program Files (x86)/Nmap/nmap.xsl" type="text/xsl"?>
<!-- Nmap 7.93 scan initiated Thu Jun 29 15:27:04 2023 as: &quot;C:\\Program Files (x86)\\Nmap\\nmap.exe&quot; -Pn -sS -p- -sV -n -&#45;min-rate 5432 -&#45;open -&#45;stats-every 3s -&#45;host-timeout 120m -&#45;initial-rtt-timeout 315ms -&#45;min-rtt-timeout 280ms -&#45;max-rtt-timeout 350ms -&#45;max-retries 1 -&#45;max-scan-delay 0 -oA outputs\\172.17.203.50 172.17.203.50 -->
<nmaprun scanner="nmap" args="&quot;C:\\Program Files (x86)\\Nmap\\nmap.exe&quot; -Pn -sS -p- -sV -n -&#45;min-rate 5432 -&#45;open -&#45;stats-every 3s -&#45;host-timeout 120m -&#45;initial-rtt-timeout 315ms -&#45;min-rtt-timeout 280ms -&#45;max-rtt-timeout 350ms -&#45;max-retries 1 -&#45;max-scan-delay 0 -oA outputs\\172.17.203.50 172.17.203.50" start="1688074024" startstr="Thu Jun 29 15:27:04 2023" version="7.93" xmloutputversion="1.05">
<scaninfo type="syn" protocol="tcp" numservices="65535" services="1-65535"/>
<verbose level="0"/>
<debugging level="0"/>
<taskprogress task="SYN Stealth Scan" time="1688074027" percent="14.36" remaining="12" etc="1688074039"/>
<taskprogress task="SYN Stealth Scan" time="1688074030" percent="32.22" remaining="11" etc="1688074041"/>
<taskprogress task="SYN Stealth Scan" time="1688074033" percent="49.02" remaining="9" etc="1688074041"/>
<taskprogress task="SYN Stealth Scan" time="1688074036" percent="66.16" remaining="6" etc="1688074042"/>
<taskprogress task="SYN Stealth Scan" time="1688074039" percent="83.19" remaining="3" etc="1688074042"/>
<taskprogress task="Service scan" time="1688074042" percent="5.26" remaining="0" etc="1688074042"/>
<taskprogress task="Service scan" time="1688074048" percent="15.79" remaining="32" etc="1688074080"/>
<taskprogress task="Service scan" time="1688074053" percent="47.37" remaining="13" etc="1688074065"/>
<taskprogress task="Service scan" time="1688074058" percent="63.16" remaining="10" etc="1688074067"/>
<taskprogress task="Service scan" time="1688074059" percent="63.16" remaining="10" etc="1688074069"/>
<taskprogress task="Service scan" time="1688074063" percent="63.16" remaining="13" etc="1688074075"/>
<taskprogress task="Service scan" time="1688074066" percent="68.42" remaining="12" etc="1688074077"/>
<taskprogress task="Service scan" time="1688074068" percent="68.42" remaining="12" etc="1688074080"/>
<taskprogress task="Service scan" time="1688074071" percent="68.42" remaining="14" etc="1688074084"/>
<taskprogress task="Service scan" time="1688074076" percent="73.68" remaining="13" etc="1688074088"/>
<taskprogress task="Service scan" time="1688074078" percent="78.95" remaining="10" etc="1688074088"/>
<taskprogress task="Service scan" time="1688074081" percent="78.95" remaining="11" etc="1688074091"/>
<taskprogress task="Service scan" time="1688074083" percent="78.95" remaining="11" etc="1688074094"/>
<taskprogress task="Service scan" time="1688074086" percent="78.95" remaining="12" etc="1688074098"/>
<taskprogress task="Service scan" time="1688074091" percent="78.95" remaining="14" etc="1688074104"/>
<taskprogress task="Service scan" time="1688074096" percent="78.95" remaining="15" etc="1688074110"/>
<taskprogress task="Service scan" time="1688074096" percent="78.95" remaining="15" etc="1688074110"/>
<taskprogress task="Service scan" time="1688074101" percent="78.95" remaining="16" etc="1688074117"/>
<taskprogress task="Service scan" time="1688074106" percent="78.95" remaining="18" etc="1688074123"/>
<taskprogress task="Service scan" time="1688074111" percent="84.21" remaining="13" etc="1688074124"/>
<taskprogress task="Service scan" time="1688074116" percent="84.21" remaining="14" etc="1688074130"/>
<taskprogress task="Service scan" time="1688074121" percent="84.21" remaining="15" etc="1688074136"/>
<taskprogress task="Service scan" time="1688074126" percent="94.74" remaining="5" etc="1688074131"/>
<taskprogress task="Service scan" time="1688074131" percent="94.74" remaining="5" etc="1688074136"/>
<taskprogress task="Service scan" time="1688074136" percent="94.74" remaining="6" etc="1688074141"/>
<taskprogress task="Service scan" time="1688074141" percent="94.74" remaining="6" etc="1688074147"/>
<taskprogress task="Service scan" time="1688074148" percent="94.74" remaining="6" etc="1688074154"/>
<taskprogress task="Service scan" time="1688074153" percent="94.74" remaining="7" etc="1688074159"/>
<taskprogress task="Service scan" time="1688074158" percent="94.74" remaining="7" etc="1688074164"/>
<taskprogress task="Service scan" time="1688074163" percent="94.74" remaining="7" etc="1688074170"/>
<taskprogress task="Service scan" time="1688074168" percent="94.74" remaining="8" etc="1688074175"/>
<taskprogress task="Service scan" time="1688074173" percent="94.74" remaining="8" etc="1688074180"/>
<taskprogress task="Service scan" time="1688074178" percent="94.74" remaining="8" etc="1688074186"/>
<taskprogress task="Service scan" time="1688074183" percent="94.74" remaining="8" etc="1688074191"/>
<taskprogress task="Service scan" time="1688074188" percent="94.74" remaining="9" etc="1688074196"/>
<taskprogress task="Service scan" time="1688074194" percent="94.74" remaining="9" etc="1688074202"/>
<taskprogress task="Service scan" time="1688074199" percent="100.00" remaining="0" etc="1688074199"/>
<taskprogress task="NSE" time="1688074199" percent="99.51" remaining="0" etc="1688074199"/>
<taskprogress task="NSE" time="1688074202" percent="99.63" remaining="1" etc="1688074202"/>
<taskprogress task="NSE" time="1688074205" percent="99.63" remaining="1" etc="1688074205"/>
<host starttime="1688074025" endtime="1688074207"><status state="up" reason="user-set" reason_ttl="0"/>
<address addr="172.17.203.50" addrtype="ipv4"/>
<hostnames>
</hostnames>
<ports><extraports state="closed" count="65515">
<extrareasons reason="reset" count="65515" proto="tcp" ports="1-21,23-110,112,114-1526,1528-1999,2001-2048,2050-3871,3873-5059,5061-8399,8401-8402,8404-13383,13385-16474,16476-19934,19936-20047,20049-31737,31739-33220,33222-47631,47633-47931,47933-51963,51965-57693,57695-65535"/>
</extraports>
<extraports state="filtered" count="1">
<extrareasons reason="no-response" count="1" proto="tcp" ports="113"/>
</extraports>
<port protocol="tcp" portid="22"><state state="open" reason="syn-ack" reason_ttl="60"/><service name="ssh" product="OpenSSH" version="7.4" extrainfo="protocol 2.0" method="probed" conf="10"><cpe>cpe:/a:openbsd:openssh:7.4</cpe></service></port>
<port protocol="tcp" portid="111"><state state="open" reason="syn-ack" reason_ttl="60"/><service name="rpcbind" version="2-4" extrainfo="RPC #100000" method="probed" conf="10"/></port>
<port protocol="tcp" portid="1527"><state state="open" reason="syn-ack" reason_ttl="60"/><service name="oracle-tns" product="Oracle TNS listener" version="11.2.0.4.0" extrainfo="unauthorized" method="probed" conf="10"><cpe>cpe:/a:oracle:database_server:11.2.0.4.0</cpe></service></port>
<port protocol="tcp" portid="2000"><state state="open" reason="syn-ack" reason_ttl="64"/><service name="tcpwrapped" method="probed" conf="8"/></port>
<port protocol="tcp" portid="2049"><state state="open" reason="syn-ack" reason_ttl="60"/><service name="nfs" version="3-4" extrainfo="RPC #100003" method="probed" conf="10"/></port>
<port protocol="tcp" portid="3872"><state state="open" reason="syn-ack" reason_ttl="60"/><service name="http" product="Jetty" version="9.2.11 or older" tunnel="ssl" method="probed" conf="10"><cpe>cpe:/a:eclipse:jetty</cpe></service></port>
<port protocol="tcp" portid="5060"><state state="open" reason="syn-ack" reason_ttl="64"/><service name="tcpwrapped" method="probed" conf="8"/></port>
<port protocol="tcp" portid="8400"><state state="open" reason="syn-ack" reason_ttl="60"/><service name="cvd" method="table" conf="3"/></port>
<port protocol="tcp" portid="8403"><state state="open" reason="syn-ack" reason_ttl="60"/><service name="admind" method="table" conf="3"/></port>
<port protocol="tcp" portid="13384"><state state="open" reason="syn-ack" reason_ttl="60"/><service name="nlockmgr" version="1-4" extrainfo="RPC #100021" method="probed" conf="10"/></port>
<port protocol="tcp" portid="16475"><state state="open" reason="syn-ack" reason_ttl="60"/><service name="status" version="1" extrainfo="RPC #100024" method="probed" conf="10"/></port>
<port protocol="tcp" portid="19935"><state state="open" reason="syn-ack" reason_ttl="60"/><service name="unknown" servicefp="SF-Port19935-TCP:V=7.93%I=7%D=6/29%Time=649DF754%P=i686-pc-windows-windows%r(RPCCheck,24,&quot;\0\0\x10\x03\t\0\x01\x03\t\0\0\0\0\0\xff\xe8\0\0\0\x0c\0\x01\0\x04\0\0\0\x02\0\0\0\0\0\0\0\x02&quot;)%r(DNSVersionBindReqTCP,24,&quot;\0\0\x10\x03\t\0\x01\x03\t\0\0\0\0\0\xff\xe8\0\0\0\x0c\0\x01\0\x04\0\0\0\x02\0\0\0\0\0\0\0\x02&quot;)%r(SSLSessionReq,24,&quot;\0\0\x10\x03\t\0\x01\x03\t\0\0\0\0\0\xff\xe8\0\0\0\x0c\0\x01\0\x04\0\0\0\x02\0\0\0\0\0\0\0\x02&quot;)%r(TerminalServerCookie,24,&quot;\0\0\x10\x03\t\0\x01\x03\t\0\0\0\0\0\xff\xe8\0\0\0\x0c\0\x01\0\x04\0\0\0\x02\0\0\0\0\0\0\0\x02&quot;)%r(TLSSessionReq,24,&quot;\0\0\x10\x03\t\0\x01\x03\t\0\0\0\0\0\xff\xe8\0\0\0\x0c\0\x01\0\x04\0\0\0\x02\0\0\0\0\0\0\0\x02&quot;)%r(Kerberos,24,&quot;\0\0\x10\x03\t\0\x01\x03\t\0\0\0\0\0\xff\xe8\0\0\0\x0c\0\x01\0\x04\0\0\0\x02\0\0\0\0\0\0\0\x02&quot;)%r(SMBProgNeg,24,&quot;\0\0\x10\x03\t\0\x01\x03\t\0\0\0\0\0\xff\xe8\0\0\0\x0c\0\x01\0\x04\0\0\0\x02\0\0\0\0\0\0\0\x02&quot;)%r(FourOhFourRequest,24,&quot;\0\0\x10\x03\t\0\x01\x03\t\0\0\0\0\0\xff\xe8\0\0\0\x0c\0\x01\0\x04\0\0\0\x02\0\0\0\0\0\0\0\x02&quot;)%r(LDAPSearchReq,24,&quot;\0\0\x10\x03\t\0\x01\x03\t\0\0\0\0\0\xff\xe8\0\0\0\x0c\0\x01\0\x04\0\0\0\x02\0\0\0\0\0\0\0\x02&quot;)%r(SIPOptions,24,&quot;\0\0\x10\x03\t\0\x01\x03\t\0\0\0\0\0\xff\xe8\0\0\0\x0c\0\x01\0\x04\0\0\0\x02\0\0\0\0\0\0\0\x02&quot;)%r(NotesRPC,24,&quot;\0\0\x10\x03\t\0\x01\x03\t\0\0\0\0\0\xff\xe8\0\0\0\x0c\0\x01\0\x04\0\0\0\x02\0\0\0\0\0\0\0\x02&quot;)%r(WMSRequest,24,&quot;\0\0\x10\x03\t\0\x01\x03\t\0\0\0\0\0\xff\xe8\0\0\0\x0c\0\x01\0\x04\0\0\0\x02\0\0\0\0\0\0\0\x02&quot;)%r(oracle-tns,24,&quot;\0\0\x10\x03\t\0\x01\x03\t\0\0\0\0\0\xff\xe8\0\0\0\x0c\0\x01\0\x04\0\0\0\x02\0\0\0\0\0\0\0\x02&quot;)%r(ms-sql-s,24,&quot;\0\0\x10\x03\t\0\x01\x03\t\0\0\0\0\0\xff\xe8\0\0\0\x0c\0\x01\0\x04\0\0\0\x02\0\0\0\0\0\0\0\x02&quot;)%r(giop,24,&quot;\0\0\x10\x03\t\0\x01\x03\t\0\0\0\0\0\xff\xe8\0\0\0\x0c\0\x01\0\x04\0\0\0\x02\0\0\0\0\0\0\0\x02&quot;);" method="table" conf="3"/></port>
<port protocol="tcp" portid="20048"><state state="open" reason="syn-ack" reason_ttl="60"/><service name="mountd" version="1-3" extrainfo="RPC #100005" method="probed" conf="10"/></port>
<port protocol="tcp" portid="31738"><state state="open" reason="syn-ack" reason_ttl="60"/></port>
<port protocol="tcp" portid="33221"><state state="open" reason="syn-ack" reason_ttl="60"/><service name="unknown" servicefp="SF-Port33221-TCP:V=7.93%I=7%D=6/29%Time=649DF75C%P=i686-pc-windows-windows%r(giop,30,&quot;\x01\0\0\0\0\0\0\0\$\0\0\0\x08\x02\x12\x20abe1bdc80db047efbe89ba594de2c070&quot;);" method="table" conf="3"/></port>
<port protocol="tcp" portid="47632"><state state="open" reason="syn-ack" reason_ttl="60"/><service name="unknown" servicefp="SF-Port47632-TCP:V=7.93%I=7%D=6/29%Time=649DF74A%P=i686-pc-windows-windows%r(DNSVersionBindReqTCP,18,&quot;\0\x18\0\0\x02\0\0\0\x014\0\0\x08\0\x7f\xff\x01\0\0\0\0\x18A\x01&quot;)%r(oracle-tns,18,&quot;\0\x18\0\0\x02\0\0\0\x014\0\0\x08\0\x7f\xff\x01\0\0\0\0\x18A\x01&quot;);" method="table" conf="3"/></port>
<port protocol="tcp" portid="47932"><state state="open" reason="syn-ack" reason_ttl="60"/><service name="unknown" servicefp="SF-Port47932-TCP:V=7.93%I=7%D=6/29%Time=649DF754%P=i686-pc-windows-windows%r(RPCCheck,24,&quot;\0\0\x10\x03\t\0\x01\x03\t\0\0\0\0\0\xff\xe8\0\0\0\x0c\0\x01\0\x04\0\0\0\x02\0\0\0\0\0\0\0\x02&quot;)%r(DNSVersionBindReqTCP,24,&quot;\0\0\x10\x03\t\0\x01\x03\t\0\0\0\0\0\xff\xe8\0\0\0\x0c\0\x01\0\x04\0\0\0\x02\0\0\0\0\0\0\0\x02&quot;)%r(SSLSessionReq,24,&quot;\0\0\x10\x03\t\0\x01\x03\t\0\0\0\0\0\xff\xe8\0\0\0\x0c\0\x01\0\x04\0\0\0\x02\0\0\0\0\0\0\0\x02&quot;)%r(TerminalServerCookie,24,&quot;\0\0\x10\x03\t\0\x01\x03\t\0\0\0\0\0\xff\xe8\0\0\0\x0c\0\x01\0\x04\0\0\0\x02\0\0\0\0\0\0\0\x02&quot;)%r(TLSSessionReq,24,&quot;\0\0\x10\x03\t\0\x01\x03\t\0\0\0\0\0\xff\xe8\0\0\0\x0c\0\x01\0\x04\0\0\0\x02\0\0\0\0\0\0\0\x02&quot;)%r(Kerberos,24,&quot;\0\0\x10\x03\t\0\x01\x03\t\0\0\0\0\0\xff\xe8\0\0\0\x0c\0\x01\0\x04\0\0\0\x02\0\0\0\0\0\0\0\x02&quot;)%r(SMBProgNeg,24,&quot;\0\0\x10\x03\t\0\x01\x03\t\0\0\0\0\0\xff\xe8\0\0\0\x0c\0\x01\0\x04\0\0\0\x02\0\0\0\0\0\0\0\x02&quot;)%r(FourOhFourRequest,24,&quot;\0\0\x10\x03\t\0\x01\x03\t\0\0\0\0\0\xff\xe8\0\0\0\x0c\0\x01\0\x04\0\0\0\x02\0\0\0\0\0\0\0\x02&quot;)%r(LDAPSearchReq,24,&quot;\0\0\x10\x03\t\0\x01\x03\t\0\0\0\0\0\xff\xe8\0\0\0\x0c\0\x01\0\x04\0\0\0\x02\0\0\0\0\0\0\0\x02&quot;)%r(SIPOptions,24,&quot;\0\0\x10\x03\t\0\x01\x03\t\0\0\0\0\0\xff\xe8\0\0\0\x0c\0\x01\0\x04\0\0\0\x02\0\0\0\0\0\0\0\x02&quot;)%r(NotesRPC,24,&quot;\0\0\x10\x03\t\0\x01\x03\t\0\0\0\0\0\xff\xe8\0\0\0\x0c\0\x01\0\x04\0\0\0\x02\0\0\0\0\0\0\0\x02&quot;)%r(WMSRequest,24,&quot;\0\0\x10\x03\t\0\x01\x03\t\0\0\0\0\0\xff\xe8\0\0\0\x0c\0\x01\0\x04\0\0\0\x02\0\0\0\0\0\0\0\x02&quot;)%r(oracle-tns,24,&quot;\0\0\x10\x03\t\0\x01\x03\t\0\0\0\0\0\xff\xe8\0\0\0\x0c\0\x01\0\x04\0\0\0\x02\0\0\0\0\0\0\0\x02&quot;)%r(ms-sql-s,24,&quot;\0\0\x10\x03\t\0\x01\x03\t\0\0\0\0\0\xff\xe8\0\0\0\x0c\0\x01\0\x04\0\0\0\x02\0\0\0\0\0\0\0\x02&quot;)%r(giop,24,&quot;\0\0\x10\x03\t\0\x01\x03\t\0\0\0\0\0\xff\xe8\0\0\0\x0c\0\x01\0\x04\0\0\0\x02\0\0\0\0\0\0\0\x02&quot;);" method="table" conf="3"/></port>
<port protocol="tcp" portid="51964"><state state="open" reason="syn-ack" reason_ttl="60"/></port>
<port protocol="tcp" portid="57694"><state state="open" reason="syn-ack" reason_ttl="60"/></port>
</ports>
<times srtt="8955" rttvar="2578" to="280000"/>
</host>
<runstats><finished time="1688074207" timestr="Thu Jun 29 15:30:07 2023" summary="Nmap done at Thu Jun 29 15:30:07 2023; 1 IP address (1 host up) scanned in 182.81 seconds" elapsed="182.81" exit="success"/><hosts up="1" down="0" total="1"/>
</runstats>
</nmaprun>
