<?xml version="1.0" encoding="UTF-8"?>
<!DOCTYPE nmaprun>
<?xml-stylesheet href="file:///C:/Program Files (x86)/Nmap/nmap.xsl" type="text/xsl"?>
<!-- Nmap 7.93 scan initiated Thu Jun 29 15:26:25 2023 as: &quot;C:\\Program Files (x86)\\Nmap\\nmap.exe&quot; -Pn -sS -p- -sV -n -&#45;min-rate 5432 -&#45;open -&#45;stats-every 3s -&#45;host-timeout 120m -&#45;initial-rtt-timeout 315ms -&#45;min-rtt-timeout 280ms -&#45;max-rtt-timeout 350ms -&#45;max-retries 1 -&#45;max-scan-delay 0 -oA outputs\\172.27.208.10 172.27.208.10 -->
<nmaprun scanner="nmap" args="&quot;C:\\Program Files (x86)\\Nmap\\nmap.exe&quot; -Pn -sS -p- -sV -n -&#45;min-rate 5432 -&#45;open -&#45;stats-every 3s -&#45;host-timeout 120m -&#45;initial-rtt-timeout 315ms -&#45;min-rtt-timeout 280ms -&#45;max-rtt-timeout 350ms -&#45;max-retries 1 -&#45;max-scan-delay 0 -oA outputs\\172.27.208.10 172.27.208.10" start="1688073985" startstr="Thu Jun 29 15:26:25 2023" version="7.93" xmloutputversion="1.05">
<scaninfo type="syn" protocol="tcp" numservices="65535" services="1-65535"/>
<verbose level="0"/>
<debugging level="0"/>
<taskprogress task="SYN Stealth Scan" time="1688073988" percent="15.25" remaining="17" etc="1688074005"/>
<taskprogress task="SYN Stealth Scan" time="1688073991" percent="33.39" remaining="12" etc="1688074003"/>
<taskprogress task="SYN Stealth Scan" time="1688073994" percent="51.60" remaining="9" etc="1688074002"/>
<taskprogress task="SYN Stealth Scan" time="1688073997" percent="70.75" remaining="5" etc="1688074002"/>
<taskprogress task="SYN Stealth Scan" time="1688074000" percent="89.39" remaining="2" etc="1688074002"/>
<taskprogress task="Service scan" time="1688074008" percent="30.00" remaining="14" etc="1688074022"/>
<taskprogress task="Service scan" time="1688074009" percent="60.00" remaining="5" etc="1688074014"/>
<taskprogress task="Service scan" time="1688074013" percent="70.00" remaining="5" etc="1688074018"/>
<taskprogress task="Service scan" time="1688074020" percent="90.00" remaining="2" etc="1688074022"/>
<taskprogress task="Service scan" time="1688074025" percent="90.00" remaining="3" etc="1688074028"/>
<taskprogress task="Service scan" time="1688074030" percent="90.00" remaining="4" etc="1688074033"/>
<host starttime="1688073985" endtime="1688074030"><status state="up" reason="user-set" reason_ttl="0"/>
<address addr="172.27.208.10" addrtype="ipv4"/>
<hostnames>
</hostnames>
<ports><extraports state="closed" count="65524">
<extrareasons reason="reset" count="65524" proto="tcp" ports="1-21,23-110,112,114-677,679-1523,1525-1999,2001-5059,5061-47999,48002-48006,48009-65535"/>
</extraports>
<extraports state="filtered" count="1">
<extrareasons reason="no-response" count="1" proto="tcp" ports="113"/>
</extraports>
<port protocol="tcp" portid="22"><state state="open" reason="syn-ack" reason_ttl="62"/><service name="ssh" product="OpenSSH" version="4.3" extrainfo="protocol 2.0" method="probed" conf="10"><cpe>cpe:/a:openbsd:openssh:4.3</cpe></service></port>
<port protocol="tcp" portid="111"><state state="open" reason="syn-ack" reason_ttl="62"/><service name="rpcbind" version="2" extrainfo="RPC #100000" method="probed" conf="10"/></port>
<port protocol="tcp" portid="678"><state state="open" reason="syn-ack" reason_ttl="62"/><service name="status" version="1" extrainfo="RPC #100024" method="probed" conf="10"/></port>
<port protocol="tcp" portid="1524"><state state="open" reason="syn-ack" reason_ttl="62"/><service name="oracle-tns" product="Oracle TNS listener" version="11.2.0.4.0" extrainfo="unauthorized" method="probed" conf="10"><cpe>cpe:/a:oracle:database_server:11.2.0.4.0</cpe></service></port>
<port protocol="tcp" portid="2000"><state state="open" reason="syn-ack" reason_ttl="64"/><service name="tcpwrapped" method="probed" conf="8"/></port>
<port protocol="tcp" portid="5060"><state state="open" reason="syn-ack" reason_ttl="64"/><service name="tcpwrapped" method="probed" conf="8"/></port>
<port protocol="tcp" portid="48000"><state state="open" reason="syn-ack" reason_ttl="62"/><service name="nimcontroller" method="table" conf="3"/></port>
<port protocol="tcp" portid="48001"><state state="open" reason="syn-ack" reason_ttl="62"/><service name="nimspooler" method="table" conf="3"/></port>
<port protocol="tcp" portid="48007"><state state="open" reason="syn-ack" reason_ttl="62"/></port>
<port protocol="tcp" portid="48008"><state state="open" reason="syn-ack" reason_ttl="62"/><service name="unknown" tunnel="ssl" method="table" conf="3"/></port>
</ports>
<times srtt="2020" rttvar="1169" to="280000"/>
</host>
<runstats><finished time="1688074030" timestr="Thu Jun 29 15:27:10 2023" summary="Nmap done at Thu Jun 29 15:27:10 2023; 1 IP address (1 host up) scanned in 45.73 seconds" elapsed="45.73" exit="success"/><hosts up="1" down="0" total="1"/>
</runstats>
</nmaprun>
