<?xml version="1.0" encoding="UTF-8"?>
<!DOCTYPE nmaprun>
<?xml-stylesheet href="file:///C:/Program Files (x86)/Nmap/nmap.xsl" type="text/xsl"?>
<!-- Nmap 7.93 scan initiated Thu Jun 29 15:30:07 2023 as: &quot;C:\\Program Files (x86)\\Nmap\\nmap.exe&quot; -Pn -sS -p- -sV -n -&#45;min-rate 5432 -&#45;open -&#45;stats-every 3s -&#45;host-timeout 120m -&#45;initial-rtt-timeout 315ms -&#45;min-rtt-timeout 280ms -&#45;max-rtt-timeout 350ms -&#45;max-retries 1 -&#45;max-scan-delay 0 -oA outputs\\172.17.204.7 172.17.204.7 -->
<nmaprun scanner="nmap" args="&quot;C:\\Program Files (x86)\\Nmap\\nmap.exe&quot; -Pn -sS -p- -sV -n -&#45;min-rate 5432 -&#45;open -&#45;stats-every 3s -&#45;host-timeout 120m -&#45;initial-rtt-timeout 315ms -&#45;min-rtt-timeout 280ms -&#45;max-rtt-timeout 350ms -&#45;max-retries 1 -&#45;max-scan-delay 0 -oA outputs\\172.17.204.7 172.17.204.7" start="1688074207" startstr="Thu Jun 29 15:30:07 2023" version="7.93" xmloutputversion="1.05">
<scaninfo type="syn" protocol="tcp" numservices="65535" services="1-65535"/>
<verbose level="0"/>
<debugging level="0"/>
<taskprogress task="SYN Stealth Scan" time="1688074210" percent="7.85" remaining="36" etc="1688074245"/>
<taskprogress task="SYN Stealth Scan" time="1688074213" percent="17.43" remaining="29" etc="1688074241"/>
<taskprogress task="SYN Stealth Scan" time="1688074216" percent="27.06" remaining="25" etc="1688074240"/>
<taskprogress task="SYN Stealth Scan" time="1688074219" percent="36.78" remaining="21" etc="1688074240"/>
<taskprogress task="SYN Stealth Scan" time="1688074222" percent="46.46" remaining="18" etc="1688074239"/>
<taskprogress task="SYN Stealth Scan" time="1688074225" percent="55.79" remaining="15" etc="1688074239"/>
<taskprogress task="SYN Stealth Scan" time="1688074228" percent="64.43" remaining="12" etc="1688074240"/>
<taskprogress task="SYN Stealth Scan" time="1688074231" percent="72.17" remaining="10" etc="1688074240"/>
<taskprogress task="SYN Stealth Scan" time="1688074234" percent="79.84" remaining="7" etc="1688074241"/>
<taskprogress task="SYN Stealth Scan" time="1688074237" percent="87.79" remaining="5" etc="1688074241"/>
<taskprogress task="SYN Stealth Scan" time="1688074240" percent="95.88" remaining="2" etc="1688074241"/>
<taskprogress task="Service scan" time="1688074247" percent="12.50" remaining="36" etc="1688074282"/>
<taskprogress task="NSE" time="1688074247" percent="97.67" remaining="0" etc="1688074247"/>
<host starttime="1688074207" endtime="1688074248"><status state="up" reason="user-set" reason_ttl="0"/>
<address addr="172.17.204.7" addrtype="ipv4"/>
<hostnames>
</hostnames>
<ports><extraports state="filtered" count="65527">
<extrareasons reason="no-response" count="65527" proto="tcp" ports="1-134,136-138,140-444,446-1999,2001-3388,3390-47999,48001-48007,48009-49663,49665-65535"/>
</extraports>
<port protocol="tcp" portid="135"><state state="open" reason="syn-ack" reason_ttl="124"/><service name="tcpwrapped" method="probed" conf="8"/></port>
<port protocol="tcp" portid="139"><state state="open" reason="syn-ack" reason_ttl="124"/><service name="tcpwrapped" method="probed" conf="8"/></port>
<port protocol="tcp" portid="445"><state state="open" reason="syn-ack" reason_ttl="124"/><service name="tcpwrapped" method="probed" conf="8"/></port>
<port protocol="tcp" portid="2000"><state state="open" reason="syn-ack" reason_ttl="64"/><service name="tcpwrapped" method="probed" conf="8"/></port>
<port protocol="tcp" portid="3389"><state state="open" reason="syn-ack" reason_ttl="124"/><service name="tcpwrapped" method="probed" conf="8"/></port>
<port protocol="tcp" portid="48000"><state state="open" reason="syn-ack" reason_ttl="124"/><service name="tcpwrapped" method="probed" conf="8"/></port>
<port protocol="tcp" portid="48008"><state state="open" reason="syn-ack" reason_ttl="124"/><service name="tcpwrapped" method="probed" conf="8"/></port>
<port protocol="tcp" portid="49664"><state state="open" reason="syn-ack" reason_ttl="124"/><service name="tcpwrapped" method="probed" conf="8"/></port>
</ports>
<times srtt="39245" rttvar="19839" to="280000"/>
</host>
<runstats><finished time="1688074248" timestr="Thu Jun 29 15:30:48 2023" summary="Nmap done at Thu Jun 29 15:30:48 2023; 1 IP address (1 host up) scanned in 41.09 seconds" elapsed="41.09" exit="success"/><hosts up="1" down="0" total="1"/>
</runstats>
</nmaprun>
