<?xml version="1.0" encoding="UTF-8"?>
<!DOCTYPE nmaprun>
<?xml-stylesheet href="file:///C:/Program Files (x86)/Nmap/nmap.xsl" type="text/xsl"?>
<!-- Nmap 7.93 scan initiated Thu Jun 29 15:24:43 2023 as: &quot;C:\\Program Files (x86)\\Nmap\\nmap.exe&quot; -Pn -sS -p- -sV -n -&#45;min-rate 5432 -&#45;open -&#45;stats-every 3s -&#45;host-timeout 120m -&#45;initial-rtt-timeout 315ms -&#45;min-rtt-timeout 280ms -&#45;max-rtt-timeout 350ms -&#45;max-retries 1 -&#45;max-scan-delay 0 -oA outputs\\bnopbdteso-a bnopbdteso-a -->
<nmaprun scanner="nmap" args="&quot;C:\\Program Files (x86)\\Nmap\\nmap.exe&quot; -Pn -sS -p- -sV -n -&#45;min-rate 5432 -&#45;open -&#45;stats-every 3s -&#45;host-timeout 120m -&#45;initial-rtt-timeout 315ms -&#45;min-rtt-timeout 280ms -&#45;max-rtt-timeout 350ms -&#45;max-retries 1 -&#45;max-scan-delay 0 -oA outputs\\bnopbdteso-a bnopbdteso-a" start="1688073883" startstr="Thu Jun 29 15:24:43 2023" version="7.93" xmloutputversion="1.05">
<scaninfo type="syn" protocol="tcp" numservices="65535" services="1-65535"/>
<verbose level="0"/>
<debugging level="0"/>
<taskprogress task="SYN Stealth Scan" time="1688073886" percent="11.24" remaining="24" etc="1688073910"/>
<taskprogress task="SYN Stealth Scan" time="1688073889" percent="26.27" remaining="17" etc="1688073906"/>
<taskprogress task="SYN Stealth Scan" time="1688073892" percent="41.05" remaining="13" etc="1688073905"/>
<taskprogress task="SYN Stealth Scan" time="1688073895" percent="54.56" remaining="10" etc="1688073905"/>
<taskprogress task="SYN Stealth Scan" time="1688073898" percent="70.10" remaining="7" etc="1688073904"/>
<taskprogress task="SYN Stealth Scan" time="1688073901" percent="85.88" remaining="3" etc="1688073904"/>
<taskprogress task="Service scan" time="1688073910" percent="20.00" remaining="24" etc="1688073934"/>
<taskprogress task="Service scan" time="1688073915" percent="33.33" remaining="22" etc="1688073937"/>
<taskprogress task="Service scan" time="1688073915" percent="46.67" remaining="13" etc="1688073928"/>
<taskprogress task="Service scan" time="1688073920" percent="53.33" remaining="14" etc="1688073934"/>
<taskprogress task="Service scan" time="1688073922" percent="53.33" remaining="16" etc="1688073938"/>
<taskprogress task="Service scan" time="1688073925" percent="53.33" remaining="19" etc="1688073943"/>
<taskprogress task="Service scan" time="1688073928" percent="60.00" remaining="16" etc="1688073944"/>
<taskprogress task="Service scan" time="1688073932" percent="60.00" remaining="19" etc="1688073951"/>
<taskprogress task="Service scan" time="1688073935" percent="66.67" remaining="16" etc="1688073951"/>
<taskprogress task="Service scan" time="1688073937" percent="66.67" remaining="17" etc="1688073954"/>
<taskprogress task="Service scan" time="1688073940" percent="73.33" remaining="14" etc="1688073953"/>
<taskprogress task="Service scan" time="1688073942" percent="73.33" remaining="14" etc="1688073956"/>
<taskprogress task="Service scan" time="1688073947" percent="73.33" remaining="16" etc="1688073963"/>
<taskprogress task="Service scan" time="1688073952" percent="73.33" remaining="18" etc="1688073969"/>
<taskprogress task="Service scan" time="1688073957" percent="73.33" remaining="20" etc="1688073976"/>
<taskprogress task="Service scan" time="1688073962" percent="73.33" remaining="22" etc="1688073983"/>
<taskprogress task="Service scan" time="1688073967" percent="73.33" remaining="23" etc="1688073990"/>
<taskprogress task="Service scan" time="1688073972" percent="80.00" remaining="18" etc="1688073989"/>
<taskprogress task="Service scan" time="1688073977" percent="80.00" remaining="19" etc="1688073995"/>
<taskprogress task="Service scan" time="1688073982" percent="80.00" remaining="20" etc="1688074002"/>
<taskprogress task="Service scan" time="1688073987" percent="93.33" remaining="6" etc="1688073993"/>
<taskprogress task="Service scan" time="1688073992" percent="93.33" remaining="7" etc="1688073998"/>
<taskprogress task="Service scan" time="1688073997" percent="93.33" remaining="7" etc="1688074004"/>
<taskprogress task="Service scan" time="1688074003" percent="93.33" remaining="8" etc="1688074010"/>
<taskprogress task="Service scan" time="1688074010" percent="93.33" remaining="8" etc="1688074018"/>
<taskprogress task="Service scan" time="1688074015" percent="93.33" remaining="8" etc="1688074023"/>
<taskprogress task="Service scan" time="1688074020" percent="93.33" remaining="9" etc="1688074028"/>
<taskprogress task="Service scan" time="1688074025" percent="93.33" remaining="9" etc="1688074034"/>
<taskprogress task="Service scan" time="1688074030" percent="93.33" remaining="10" etc="1688074039"/>
<taskprogress task="Service scan" time="1688074035" percent="93.33" remaining="10" etc="1688074044"/>
<taskprogress task="Service scan" time="1688074040" percent="93.33" remaining="10" etc="1688074050"/>
<taskprogress task="Service scan" time="1688074045" percent="93.33" remaining="11" etc="1688074055"/>
<taskprogress task="Service scan" time="1688074050" percent="93.33" remaining="11" etc="1688074060"/>
<taskprogress task="Service scan" time="1688074055" percent="93.33" remaining="11" etc="1688074066"/>
<taskprogress task="Service scan" time="1688074060" percent="100.00" remaining="0" etc="1688074060"/>
<taskprogress task="NSE" time="1688074061" percent="99.53" remaining="1" etc="1688074061"/>
<taskprogress task="NSE" time="1688074064" percent="99.69" remaining="1" etc="1688074064"/>
<taskprogress task="NSE" time="1688074067" percent="99.69" remaining="1" etc="1688074067"/>
<host starttime="1688073884" endtime="1688074068"><status state="up" reason="user-set" reason_ttl="0"/>
<address addr="172.17.208.8" addrtype="ipv4"/>
<hostnames>
<hostname name="bnopbdteso-a" type="user"/>
</hostnames>
<ports><extraports state="closed" count="65519">
<extrareasons reason="reset" count="65519" proto="tcp" ports="1-21,23-110,112,114-1526,1528-1999,2001-3871,3873-5059,5061-8399,8401-8402,8404-17184,17186-28404,28406-33220,33222-41335,41337-47631,47633-48085,48087-53061,53063-65535"/>
</extraports>
<extraports state="filtered" count="1">
<extrareasons reason="no-response" count="1" proto="tcp" ports="113"/>
</extraports>
<port protocol="tcp" portid="22"><state state="open" reason="syn-ack" reason_ttl="60"/><service name="ssh" product="OpenSSH" version="7.4" extrainfo="protocol 2.0" method="probed" conf="10"><cpe>cpe:/a:openbsd:openssh:7.4</cpe></service></port>
<port protocol="tcp" portid="111"><state state="open" reason="syn-ack" reason_ttl="60"/><service name="rpcbind" version="2-4" extrainfo="RPC #100000" method="probed" conf="10"/></port>
<port protocol="tcp" portid="1527"><state state="open" reason="syn-ack" reason_ttl="60"/><service name="oracle-tns" product="Oracle TNS listener" version="11.2.0.4.0" extrainfo="unauthorized" method="probed" conf="10"><cpe>cpe:/a:oracle:database_server:11.2.0.4.0</cpe></service></port>
<port protocol="tcp" portid="2000"><state state="open" reason="syn-ack" reason_ttl="64"/><service name="tcpwrapped" method="probed" conf="8"/></port>
<port protocol="tcp" portid="3872"><state state="open" reason="syn-ack" reason_ttl="60"/><service name="http" product="Jetty" version="9.2.11 or older" tunnel="ssl" method="probed" conf="10"><cpe>cpe:/a:eclipse:jetty</cpe></service></port>
<port protocol="tcp" portid="5060"><state state="open" reason="syn-ack" reason_ttl="64"/><service name="tcpwrapped" method="probed" conf="8"/></port>
<port protocol="tcp" portid="8400"><state state="open" reason="syn-ack" reason_ttl="60"/><service name="cvd" method="table" conf="3"/></port>
<port protocol="tcp" portid="8403"><state state="open" reason="syn-ack" reason_ttl="60"/><service name="admind" method="table" conf="3"/></port>
<port protocol="tcp" portid="17185"><state state="open" reason="syn-ack" reason_ttl="60"/><service name="soundsvirtual" servicefp="SF-Port17185-TCP:V=7.93%I=7%D=6/29%Time=649DF6CA%P=i686-pc-windows-windows%r(RPCCheck,24,&quot;\0\0\x10\x03\t\0\x01\x03\t\0\0\0\0\0\xff\xe8\0\0\0\x0c\0\x01\0\x04\0\0\0\x02\0\0\0\0\0\0\0\x02&quot;)%r(DNSVersionBindReqTCP,24,&quot;\0\0\x10\x03\t\0\x01\x03\t\0\0\0\0\0\xff\xe8\0\0\0\x0c\0\x01\0\x04\0\0\0\x02\0\0\0\0\0\0\0\x02&quot;)%r(SSLSessionReq,24,&quot;\0\0\x10\x03\t\0\x01\x03\t\0\0\0\0\0\xff\xe8\0\0\0\x0c\0\x01\0\x04\0\0\0\x02\0\0\0\0\0\0\0\x02&quot;)%r(TerminalServerCookie,24,&quot;\0\0\x10\x03\t\0\x01\x03\t\0\0\0\0\0\xff\xe8\0\0\0\x0c\0\x01\0\x04\0\0\0\x02\0\0\0\0\0\0\0\x02&quot;)%r(TLSSessionReq,24,&quot;\0\0\x10\x03\t\0\x01\x03\t\0\0\0\0\0\xff\xe8\0\0\0\x0c\0\x01\0\x04\0\0\0\x02\0\0\0\0\0\0\0\x02&quot;)%r(Kerberos,24,&quot;\0\0\x10\x03\t\0\x01\x03\t\0\0\0\0\0\xff\xe8\0\0\0\x0c\0\x01\0\x04\0\0\0\x02\0\0\0\0\0\0\0\x02&quot;)%r(SMBProgNeg,24,&quot;\0\0\x10\x03\t\0\x01\x03\t\0\0\0\0\0\xff\xe8\0\0\0\x0c\0\x01\0\x04\0\0\0\x02\0\0\0\0\0\0\0\x02&quot;)%r(FourOhFourRequest,24,&quot;\0\0\x10\x03\t\0\x01\x03\t\0\0\0\0\0\xff\xe8\0\0\0\x0c\0\x01\0\x04\0\0\0\x02\0\0\0\0\0\0\0\x02&quot;)%r(LDAPSearchReq,24,&quot;\0\0\x10\x03\t\0\x01\x03\t\0\0\0\0\0\xff\xe8\0\0\0\x0c\0\x01\0\x04\0\0\0\x02\0\0\0\0\0\0\0\x02&quot;)%r(SIPOptions,24,&quot;\0\0\x10\x03\t\0\x01\x03\t\0\0\0\0\0\xff\xe8\0\0\0\x0c\0\x01\0\x04\0\0\0\x02\0\0\0\0\0\0\0\x02&quot;)%r(NotesRPC,24,&quot;\0\0\x10\x03\t\0\x01\x03\t\0\0\0\0\0\xff\xe8\0\0\0\x0c\0\x01\0\x04\0\0\0\x02\0\0\0\0\0\0\0\x02&quot;)%r(WMSRequest,24,&quot;\0\0\x10\x03\t\0\x01\x03\t\0\0\0\0\0\xff\xe8\0\0\0\x0c\0\x01\0\x04\0\0\0\x02\0\0\0\0\0\0\0\x02&quot;)%r(oracle-tns,24,&quot;\0\0\x10\x03\t\0\x01\x03\t\0\0\0\0\0\xff\xe8\0\0\0\x0c\0\x01\0\x04\0\0\0\x02\0\0\0\0\0\0\0\x02&quot;)%r(ms-sql-s,24,&quot;\0\0\x10\x03\t\0\x01\x03\t\0\0\0\0\0\xff\xe8\0\0\0\x0c\0\x01\0\x04\0\0\0\x02\0\0\0\0\0\0\0\x02&quot;)%r(giop,24,&quot;\0\0\x10\x03\t\0\x01\x03\t\0\0\0\0\0\xff\xe8\0\0\0\x0c\0\x01\0\x04\0\0\0\x02\0\0\0\0\0\0\0\x02&quot;);" method="table" conf="3"/></port>
<port protocol="tcp" portid="28405"><state state="open" reason="syn-ack" reason_ttl="60"/></port>
<port protocol="tcp" portid="33221"><state state="open" reason="syn-ack" reason_ttl="60"/><service name="unknown" servicefp="SF-Port33221-TCP:V=7.93%I=7%D=6/29%Time=649DF6D2%P=i686-pc-windows-windows%r(giop,30,&quot;\x01\0\0\0\0\0\0\0\$\0\0\0\x08\x02\x12\x205c7a78f3c8574fa18d4f342dc6b647a5&quot;);" method="table" conf="3"/></port>
<port protocol="tcp" portid="41336"><state state="open" reason="syn-ack" reason_ttl="60"/></port>
<port protocol="tcp" portid="47632"><state state="open" reason="syn-ack" reason_ttl="60"/><service name="unknown" servicefp="SF-Port47632-TCP:V=7.93%I=7%D=6/29%Time=649DF6C0%P=i686-pc-windows-windows%r(DNSVersionBindReqTCP,18,&quot;\0\x18\0\0\x02\0\0\0\x014\0\0\x08\0\x7f\xff\x01\0\0\0\0\x18A\x01&quot;)%r(oracle-tns,18,&quot;\0\x18\0\0\x02\0\0\0\x014\0\0\x08\0\x7f\xff\x01\0\0\0\0\x18A\x01&quot;);" method="table" conf="3"/></port>
<port protocol="tcp" portid="48086"><state state="open" reason="syn-ack" reason_ttl="60"/></port>
<port protocol="tcp" portid="53062"><state state="open" reason="syn-ack" reason_ttl="60"/><service name="unknown" servicefp="SF-Port53062-TCP:V=7.93%I=7%D=6/29%Time=649DF6CA%P=i686-pc-windows-windows%r(RPCCheck,24,&quot;\0\0\x10\x03\t\0\x01\x03\t\0\0\0\0\0\xff\xe8\0\0\0\x0c\0\x01\0\x04\0\0\0\x02\0\0\0\0\0\0\0\x02&quot;)%r(DNSVersionBindReqTCP,24,&quot;\0\0\x10\x03\t\0\x01\x03\t\0\0\0\0\0\xff\xe8\0\0\0\x0c\0\x01\0\x04\0\0\0\x02\0\0\0\0\0\0\0\x02&quot;)%r(SSLSessionReq,24,&quot;\0\0\x10\x03\t\0\x01\x03\t\0\0\0\0\0\xff\xe8\0\0\0\x0c\0\x01\0\x04\0\0\0\x02\0\0\0\0\0\0\0\x02&quot;)%r(TerminalServerCookie,24,&quot;\0\0\x10\x03\t\0\x01\x03\t\0\0\0\0\0\xff\xe8\0\0\0\x0c\0\x01\0\x04\0\0\0\x02\0\0\0\0\0\0\0\x02&quot;)%r(TLSSessionReq,24,&quot;\0\0\x10\x03\t\0\x01\x03\t\0\0\0\0\0\xff\xe8\0\0\0\x0c\0\x01\0\x04\0\0\0\x02\0\0\0\0\0\0\0\x02&quot;)%r(Kerberos,24,&quot;\0\0\x10\x03\t\0\x01\x03\t\0\0\0\0\0\xff\xe8\0\0\0\x0c\0\x01\0\x04\0\0\0\x02\0\0\0\0\0\0\0\x02&quot;)%r(SMBProgNeg,24,&quot;\0\0\x10\x03\t\0\x01\x03\t\0\0\0\0\0\xff\xe8\0\0\0\x0c\0\x01\0\x04\0\0\0\x02\0\0\0\0\0\0\0\x02&quot;)%r(FourOhFourRequest,24,&quot;\0\0\x10\x03\t\0\x01\x03\t\0\0\0\0\0\xff\xe8\0\0\0\x0c\0\x01\0\x04\0\0\0\x02\0\0\0\0\0\0\0\x02&quot;)%r(LDAPSearchReq,24,&quot;\0\0\x10\x03\t\0\x01\x03\t\0\0\0\0\0\xff\xe8\0\0\0\x0c\0\x01\0\x04\0\0\0\x02\0\0\0\0\0\0\0\x02&quot;)%r(SIPOptions,24,&quot;\0\0\x10\x03\t\0\x01\x03\t\0\0\0\0\0\xff\xe8\0\0\0\x0c\0\x01\0\x04\0\0\0\x02\0\0\0\0\0\0\0\x02&quot;)%r(NotesRPC,24,&quot;\0\0\x10\x03\t\0\x01\x03\t\0\0\0\0\0\xff\xe8\0\0\0\x0c\0\x01\0\x04\0\0\0\x02\0\0\0\0\0\0\0\x02&quot;)%r(WMSRequest,24,&quot;\0\0\x10\x03\t\0\x01\x03\t\0\0\0\0\0\xff\xe8\0\0\0\x0c\0\x01\0\x04\0\0\0\x02\0\0\0\0\0\0\0\x02&quot;)%r(oracle-tns,24,&quot;\0\0\x10\x03\t\0\x01\x03\t\0\0\0\0\0\xff\xe8\0\0\0\x0c\0\x01\0\x04\0\0\0\x02\0\0\0\0\0\0\0\x02&quot;)%r(ms-sql-s,24,&quot;\0\0\x10\x03\t\0\x01\x03\t\0\0\0\0\0\xff\xe8\0\0\0\x0c\0\x01\0\x04\0\0\0\x02\0\0\0\0\0\0\0\x02&quot;)%r(giop,24,&quot;\0\0\x10\x03\t\0\x01\x03\t\0\0\0\0\0\xff\xe8\0\0\0\x0c\0\x01\0\x04\0\0\0\x02\0\0\0\0\0\0\0\x02&quot;);" method="table" conf="3"/></port>
</ports>
<times srtt="10609" rttvar="2588" to="280000"/>
</host>
<runstats><finished time="1688074068" timestr="Thu Jun 29 15:27:48 2023" summary="Nmap done at Thu Jun 29 15:27:48 2023; 1 IP address (1 host up) scanned in 185.54 seconds" elapsed="185.54" exit="success"/><hosts up="1" down="0" total="1"/>
</runstats>
</nmaprun>
