<?xml version="1.0" encoding="UTF-8"?>
<!DOCTYPE nmaprun>
<?xml-stylesheet href="file:///C:/Program Files (x86)/Nmap/nmap.xsl" type="text/xsl"?>
<!-- Nmap 7.93 scan initiated Thu Jun 29 15:21:57 2023 as: &quot;C:\\Program Files (x86)\\Nmap\\nmap.exe&quot; -Pn -sS -p- -sV -n -&#45;min-rate 5432 -&#45;open -&#45;stats-every 3s -&#45;host-timeout 120m -&#45;initial-rtt-timeout 315ms -&#45;min-rtt-timeout 280ms -&#45;max-rtt-timeout 350ms -&#45;max-retries 1 -&#45;max-scan-delay 0 -oA outputs\\bnopctxsf-a bnopctxsf-a -->
<nmaprun scanner="nmap" args="&quot;C:\\Program Files (x86)\\Nmap\\nmap.exe&quot; -Pn -sS -p- -sV -n -&#45;min-rate 5432 -&#45;open -&#45;stats-every 3s -&#45;host-timeout 120m -&#45;initial-rtt-timeout 315ms -&#45;min-rtt-timeout 280ms -&#45;max-rtt-timeout 350ms -&#45;max-retries 1 -&#45;max-scan-delay 0 -oA outputs\\bnopctxsf-a bnopctxsf-a" start="1688073717" startstr="Thu Jun 29 15:21:57 2023" version="7.93" xmloutputversion="1.05">
<scaninfo type="syn" protocol="tcp" numservices="65535" services="1-65535"/>
<verbose level="0"/>
<debugging level="0"/>
<taskprogress task="SYN Stealth Scan" time="1688073720" percent="12.54" remaining="21" etc="1688073741"/>
<taskprogress task="SYN Stealth Scan" time="1688073723" percent="28.58" remaining="15" etc="1688073738"/>
<taskprogress task="SYN Stealth Scan" time="1688073726" percent="45.24" remaining="11" etc="1688073737"/>
<taskprogress task="SYN Stealth Scan" time="1688073729" percent="61.97" remaining="8" etc="1688073736"/>
<taskprogress task="SYN Stealth Scan" time="1688073732" percent="79.49" remaining="4" etc="1688073736"/>
<taskprogress task="SYN Stealth Scan" time="1688073735" percent="96.71" remaining="1" etc="1688073736"/>
<taskprogress task="Service scan" time="1688073742" percent="12.00" remaining="44" etc="1688073786"/>
<taskprogress task="Service scan" time="1688073742" percent="48.00" remaining="7" etc="1688073749"/>
<taskprogress task="Service scan" time="1688073747" percent="52.00" remaining="11" etc="1688073757"/>
<taskprogress task="Service scan" time="1688073752" percent="64.00" remaining="10" etc="1688073761"/>
<taskprogress task="Service scan" time="1688073753" percent="64.00" remaining="10" etc="1688073763"/>
<taskprogress task="Service scan" time="1688073757" percent="64.00" remaining="12" etc="1688073769"/>
<taskprogress task="Service scan" time="1688073760" percent="64.00" remaining="14" etc="1688073774"/>
<taskprogress task="Service scan" time="1688073762" percent="64.00" remaining="15" etc="1688073777"/>
<taskprogress task="Service scan" time="1688073765" percent="64.00" remaining="17" etc="1688073781"/>
<taskprogress task="Service scan" time="1688073768" percent="64.00" remaining="18" etc="1688073786"/>
<taskprogress task="Service scan" time="1688073773" percent="68.00" remaining="18" etc="1688073790"/>
<taskprogress task="Service scan" time="1688073774" percent="68.00" remaining="18" etc="1688073792"/>
<taskprogress task="Service scan" time="1688073779" percent="68.00" remaining="21" etc="1688073799"/>
<taskprogress task="Service scan" time="1688073780" percent="68.00" remaining="21" etc="1688073801"/>
<taskprogress task="Service scan" time="1688073784" percent="68.00" remaining="23" etc="1688073807"/>
<taskprogress task="Service scan" time="1688073789" percent="68.00" remaining="25" etc="1688073814"/>
<taskprogress task="Service scan" time="1688073790" percent="96.00" remaining="3" etc="1688073792"/>
<taskprogress task="Service scan" time="1688073795" percent="96.00" remaining="3" etc="1688073797"/>
<host starttime="1688073717" endtime="1688073796"><status state="up" reason="user-set" reason_ttl="0"/>
<address addr="172.17.206.90" addrtype="ipv4"/>
<hostnames>
<hostname name="bnopctxsf-a" type="user"/>
</hostnames>
<ports><extraports state="closed" count="65509">
<extrareasons reason="reset" count="65509" proto="tcp" ports="1-79,81-112,114-134,136-138,140-444,446-807,809-1999,2001-2700,2702-3388,3390-5059,5061-5984,5986-7999,8001-33220,33222-47000,47002-49663,49666-49667,49669,49671-49684,49686-49710,49713-54937,54939-55846,55848-56614,56616-61024,61026-63677,63679-65535"/>
</extraports>
<extraports state="filtered" count="1">
<extrareasons reason="no-response" count="1" proto="tcp" ports="113"/>
</extraports>
<port protocol="tcp" portid="80"><state state="open" reason="syn-ack" reason_ttl="124"/><service name="http" product="Microsoft IIS httpd" version="10.0" ostype="Windows" method="probed" conf="10"><cpe>cpe:/a:microsoft:internet_information_services:10.0</cpe><cpe>cpe:/o:microsoft:windows</cpe></service></port>
<port protocol="tcp" portid="135"><state state="open" reason="syn-ack" reason_ttl="124"/><service name="msrpc" product="Microsoft Windows RPC" ostype="Windows" method="probed" conf="10"><cpe>cpe:/o:microsoft:windows</cpe></service></port>
<port protocol="tcp" portid="139"><state state="open" reason="syn-ack" reason_ttl="124"/><service name="netbios-ssn" product="Microsoft Windows netbios-ssn" ostype="Windows" method="probed" conf="10"><cpe>cpe:/o:microsoft:windows</cpe></service></port>
<port protocol="tcp" portid="445"><state state="open" reason="syn-ack" reason_ttl="124"/><service name="microsoft-ds" product="Microsoft Windows Server 2008 R2 - 2012 microsoft-ds" ostype="Windows Server 2008 R2 - 2012" method="probed" conf="10"><cpe>cpe:/o:microsoft:windows</cpe></service></port>
<port protocol="tcp" portid="808"><state state="open" reason="syn-ack" reason_ttl="124"/><service name="ccproxy-http" method="table" conf="3"/></port>
<port protocol="tcp" portid="2000"><state state="open" reason="syn-ack" reason_ttl="64"/><service name="tcpwrapped" method="probed" conf="8"/></port>
<port protocol="tcp" portid="2701"><state state="open" reason="syn-ack" reason_ttl="124"/><service name="cmrcservice" product="Microsoft Configuration Manager Remote Control service" extrainfo="CmRcService.exe" ostype="Windows" method="probed" conf="10"><cpe>cpe:/a:microsoft:systems_management_server</cpe><cpe>cpe:/o:microsoft:windows</cpe></service></port>
<port protocol="tcp" portid="3389"><state state="open" reason="syn-ack" reason_ttl="124"/><service name="ms-wbt-server" product="Microsoft Terminal Services" ostype="Windows" method="probed" conf="10"><cpe>cpe:/o:microsoft:windows</cpe></service></port>
<port protocol="tcp" portid="5060"><state state="open" reason="syn-ack" reason_ttl="64"/><service name="tcpwrapped" method="probed" conf="8"/></port>
<port protocol="tcp" portid="5985"><state state="open" reason="syn-ack" reason_ttl="124"/><service name="http" product="Microsoft HTTPAPI httpd" version="2.0" extrainfo="SSDP/UPnP" ostype="Windows" method="probed" conf="10"><cpe>cpe:/o:microsoft:windows</cpe></service></port>
<port protocol="tcp" portid="8000"><state state="open" reason="syn-ack" reason_ttl="124"/><service name="http" product="Microsoft HTTPAPI httpd" version="2.0" extrainfo="SSDP/UPnP" ostype="Windows" method="probed" conf="10"><cpe>cpe:/o:microsoft:windows</cpe></service></port>
<port protocol="tcp" portid="33221"><state state="open" reason="syn-ack" reason_ttl="124"/><service name="unknown" servicefp="SF-Port33221-TCP:V=7.93%I=7%D=6/29%Time=649DF62A%P=i686-pc-windows-windows%r(giop,30,&quot;\x01\0\0\0\0\0\0\0\$\0\0\0\x08\x02\x12\x207b5fb5a3d09047c4a10e5f8f43f56238&quot;);" method="table" conf="3"/></port>
<port protocol="tcp" portid="47001"><state state="open" reason="syn-ack" reason_ttl="124"/><service name="http" product="Microsoft HTTPAPI httpd" version="2.0" extrainfo="SSDP/UPnP" ostype="Windows" method="probed" conf="10"><cpe>cpe:/o:microsoft:windows</cpe></service></port>
<port protocol="tcp" portid="49664"><state state="open" reason="syn-ack" reason_ttl="124"/><service name="msrpc" product="Microsoft Windows RPC" ostype="Windows" method="probed" conf="10"><cpe>cpe:/o:microsoft:windows</cpe></service></port>
<port protocol="tcp" portid="49665"><state state="open" reason="syn-ack" reason_ttl="124"/><service name="msrpc" product="Microsoft Windows RPC" ostype="Windows" method="probed" conf="10"><cpe>cpe:/o:microsoft:windows</cpe></service></port>
<port protocol="tcp" portid="49668"><state state="open" reason="syn-ack" reason_ttl="124"/><service name="msrpc" product="Microsoft Windows RPC" ostype="Windows" method="probed" conf="10"><cpe>cpe:/o:microsoft:windows</cpe></service></port>
<port protocol="tcp" portid="49670"><state state="open" reason="syn-ack" reason_ttl="124"/><service name="msrpc" product="Microsoft Windows RPC" ostype="Windows" method="probed" conf="10"><cpe>cpe:/o:microsoft:windows</cpe></service></port>
<port protocol="tcp" portid="49685"><state state="open" reason="syn-ack" reason_ttl="124"/><service name="msrpc" product="Microsoft Windows RPC" ostype="Windows" method="probed" conf="10"><cpe>cpe:/o:microsoft:windows</cpe></service></port>
<port protocol="tcp" portid="49711"><state state="open" reason="syn-ack" reason_ttl="124"/><service name="msrpc" product="Microsoft Windows RPC" ostype="Windows" method="probed" conf="10"><cpe>cpe:/o:microsoft:windows</cpe></service></port>
<port protocol="tcp" portid="49712"><state state="open" reason="syn-ack" reason_ttl="124"/><service name="msrpc" product="Microsoft Windows RPC" ostype="Windows" method="probed" conf="10"><cpe>cpe:/o:microsoft:windows</cpe></service></port>
<port protocol="tcp" portid="54938"><state state="open" reason="syn-ack" reason_ttl="124"/><service name="mc-nmf" product=".NET Message Framing" ostype="Windows" method="probed" conf="10"><cpe>cpe:/o:microsoft:windows</cpe></service></port>
<port protocol="tcp" portid="55847"><state state="open" reason="syn-ack" reason_ttl="124"/><service name="mc-nmf" product=".NET Message Framing" ostype="Windows" method="probed" conf="10"><cpe>cpe:/o:microsoft:windows</cpe></service></port>
<port protocol="tcp" portid="56615"><state state="open" reason="syn-ack" reason_ttl="124"/><service name="mc-nmf" product=".NET Message Framing" ostype="Windows" method="probed" conf="10"><cpe>cpe:/o:microsoft:windows</cpe></service></port>
<port protocol="tcp" portid="61025"><state state="open" reason="syn-ack" reason_ttl="124"/><service name="msrpc" product="Microsoft Windows RPC" ostype="Windows" method="probed" conf="10"><cpe>cpe:/o:microsoft:windows</cpe></service></port>
<port protocol="tcp" portid="63678"><state state="open" reason="syn-ack" reason_ttl="124"/><service name="mc-nmf" product=".NET Message Framing" ostype="Windows" method="probed" conf="10"><cpe>cpe:/o:microsoft:windows</cpe></service></port>
</ports>
<times srtt="7768" rttvar="1071" to="280000"/>
</host>
<runstats><finished time="1688073796" timestr="Thu Jun 29 15:23:16 2023" summary="Nmap done at Thu Jun 29 15:23:16 2023; 1 IP address (1 host up) scanned in 79.35 seconds" elapsed="79.35" exit="success"/><hosts up="1" down="0" total="1"/>
</runstats>
</nmaprun>
