<?xml version="1.0" encoding="UTF-8"?>
<!DOCTYPE nmaprun>
<?xml-stylesheet href="file:///C:/Program Files (x86)/Nmap/nmap.xsl" type="text/xsl"?>
<!-- Nmap 7.93 scan initiated Thu Jun 29 15:21:42 2023 as: &quot;C:\\Program Files (x86)\\Nmap\\nmap.exe&quot; -Pn -sS -p- -sV -n -&#45;min-rate 5432 -&#45;open -&#45;stats-every 3s -&#45;host-timeout 120m -&#45;initial-rtt-timeout 315ms -&#45;min-rtt-timeout 280ms -&#45;max-rtt-timeout 350ms -&#45;max-retries 1 -&#45;max-scan-delay 0 -oA outputs\\bnopbdserv-a bnopbdserv-a -->
<nmaprun scanner="nmap" args="&quot;C:\\Program Files (x86)\\Nmap\\nmap.exe&quot; -Pn -sS -p- -sV -n -&#45;min-rate 5432 -&#45;open -&#45;stats-every 3s -&#45;host-timeout 120m -&#45;initial-rtt-timeout 315ms -&#45;min-rtt-timeout 280ms -&#45;max-rtt-timeout 350ms -&#45;max-retries 1 -&#45;max-scan-delay 0 -oA outputs\\bnopbdserv-a bnopbdserv-a" start="1688073702" startstr="Thu Jun 29 15:21:42 2023" version="7.93" xmloutputversion="1.05">
<scaninfo type="syn" protocol="tcp" numservices="65535" services="1-65535"/>
<verbose level="0"/>
<debugging level="0"/>
<taskprogress task="SYN Stealth Scan" time="1688073705" percent="16.58" remaining="16" etc="1688073720"/>
<taskprogress task="SYN Stealth Scan" time="1688073708" percent="36.80" remaining="11" etc="1688073718"/>
<taskprogress task="SYN Stealth Scan" time="1688073711" percent="56.30" remaining="7" etc="1688073718"/>
<taskprogress task="SYN Stealth Scan" time="1688073714" percent="75.81" remaining="4" etc="1688073718"/>
<taskprogress task="SYN Stealth Scan" time="1688073717" percent="92.91" remaining="2" etc="1688073718"/>
<taskprogress task="Service scan" time="1688073724" percent="20.00" remaining="24" etc="1688073748"/>
<taskprogress task="Service scan" time="1688073729" percent="33.33" remaining="22" etc="1688073751"/>
<taskprogress task="Service scan" time="1688073730" percent="53.33" remaining="11" etc="1688073741"/>
<taskprogress task="Service scan" time="1688073734" percent="53.33" remaining="14" etc="1688073748"/>
<taskprogress task="Service scan" time="1688073737" percent="53.33" remaining="17" etc="1688073754"/>
<taskprogress task="Service scan" time="1688073739" percent="53.33" remaining="19" etc="1688073757"/>
<taskprogress task="Service scan" time="1688073742" percent="53.33" remaining="22" etc="1688073763"/>
<taskprogress task="Service scan" time="1688073747" percent="60.00" remaining="20" etc="1688073766"/>
<taskprogress task="Service scan" time="1688073749" percent="66.67" remaining="16" etc="1688073765"/>
<taskprogress task="Service scan" time="1688073752" percent="66.67" remaining="18" etc="1688073769"/>
<taskprogress task="Service scan" time="1688073754" percent="73.33" remaining="14" etc="1688073767"/>
<taskprogress task="Service scan" time="1688073757" percent="73.33" remaining="15" etc="1688073771"/>
<taskprogress task="Service scan" time="1688073762" percent="73.33" remaining="17" etc="1688073778"/>
<taskprogress task="Service scan" time="1688073767" percent="73.33" remaining="18" etc="1688073785"/>
<taskprogress task="Service scan" time="1688073772" percent="73.33" remaining="20" etc="1688073792"/>
<taskprogress task="Service scan" time="1688073777" percent="73.33" remaining="22" etc="1688073798"/>
<taskprogress task="Service scan" time="1688073782" percent="73.33" remaining="24" etc="1688073805"/>
<taskprogress task="Service scan" time="1688073787" percent="80.00" remaining="18" etc="1688073804"/>
<taskprogress task="Service scan" time="1688073792" percent="80.00" remaining="19" etc="1688073811"/>
<taskprogress task="Service scan" time="1688073797" percent="80.00" remaining="20" etc="1688073817"/>
<taskprogress task="Service scan" time="1688073802" percent="93.33" remaining="6" etc="1688073808"/>
<taskprogress task="Service scan" time="1688073807" percent="93.33" remaining="7" etc="1688073813"/>
<taskprogress task="Service scan" time="1688073812" percent="93.33" remaining="7" etc="1688073819"/>
<taskprogress task="Service scan" time="1688073817" percent="93.33" remaining="8" etc="1688073824"/>
<taskprogress task="Service scan" time="1688073824" percent="93.33" remaining="8" etc="1688073832"/>
<taskprogress task="Service scan" time="1688073829" percent="93.33" remaining="8" etc="1688073837"/>
<taskprogress task="Service scan" time="1688073834" percent="93.33" remaining="9" etc="1688073842"/>
<taskprogress task="Service scan" time="1688073839" percent="93.33" remaining="9" etc="1688073848"/>
<taskprogress task="Service scan" time="1688073844" percent="93.33" remaining="10" etc="1688073853"/>
<taskprogress task="Service scan" time="1688073849" percent="93.33" remaining="10" etc="1688073858"/>
<taskprogress task="Service scan" time="1688073854" percent="93.33" remaining="10" etc="1688073864"/>
<taskprogress task="Service scan" time="1688073860" percent="93.33" remaining="11" etc="1688073870"/>
<taskprogress task="Service scan" time="1688073865" percent="93.33" remaining="11" etc="1688073876"/>
<taskprogress task="Service scan" time="1688073870" percent="93.33" remaining="11" etc="1688073881"/>
<taskprogress task="Service scan" time="1688073875" percent="100.00" remaining="0" etc="1688073875"/>
<taskprogress task="NSE" time="1688073875" percent="99.38" remaining="0" etc="1688073875"/>
<taskprogress task="NSE" time="1688073878" percent="99.53" remaining="1" etc="1688073878"/>
<taskprogress task="NSE" time="1688073881" percent="99.53" remaining="1" etc="1688073881"/>
<host starttime="1688073702" endtime="1688073883"><status state="up" reason="user-set" reason_ttl="0"/>
<address addr="172.17.201.55" addrtype="ipv4"/>
<hostnames>
<hostname name="bnopbdserv-a" type="user"/>
</hostnames>
<ports><extraports state="closed" count="65519">
<extrareasons reason="reset" count="65519" proto="tcp" ports="1-21,23-110,112,114-1526,1528-1999,2001-3871,3873-5059,5061-8399,8401-8402,8404-11315,11317-15006,15008-20732,20734-23654,23656-31077,31079-33220,33222-47631,47633-65535"/>
</extraports>
<extraports state="filtered" count="1">
<extrareasons reason="no-response" count="1" proto="tcp" ports="113"/>
</extraports>
<port protocol="tcp" portid="22"><state state="open" reason="syn-ack" reason_ttl="60"/><service name="ssh" product="OpenSSH" version="7.4" extrainfo="protocol 2.0" method="probed" conf="10"><cpe>cpe:/a:openbsd:openssh:7.4</cpe></service></port>
<port protocol="tcp" portid="111"><state state="open" reason="syn-ack" reason_ttl="60"/><service name="rpcbind" version="2-4" extrainfo="RPC #100000" method="probed" conf="10"/></port>
<port protocol="tcp" portid="1527"><state state="open" reason="syn-ack" reason_ttl="60"/><service name="oracle-tns" product="Oracle TNS listener" version="11.2.0.4.0" extrainfo="unauthorized" method="probed" conf="10"><cpe>cpe:/a:oracle:database_server:11.2.0.4.0</cpe></service></port>
<port protocol="tcp" portid="2000"><state state="open" reason="syn-ack" reason_ttl="64"/><service name="tcpwrapped" method="probed" conf="8"/></port>
<port protocol="tcp" portid="3872"><state state="open" reason="syn-ack" reason_ttl="60"/><service name="oem-agent" servicefp="SF-Port3872-TCP:V=7.93%T=SSL%I=7%D=6/29%Time=649DF60C%P=i686-pc-windows-windows%r(GetRequest,2A8,&quot;HTTP/1\.1\x20404\x20Not\x20Found\r\nStrict-Transport-Security:\x20max-age=31536000;\x20includeSubDomains\r\nCache-Control:\x20must-revalidate,no-cache,no-store\r\nContent-Type:\x20text/html;charset=iso-8859-1\r\nContent-Length:\x20475\r\n\r\n&lt;html&gt;\n&lt;head&gt;\n&lt;meta\x20http-equiv=\&quot;Content-Type\&quot;\x20content=\&quot;text/html;charset=utf-8\&quot;/&gt;\n&lt;title&gt;Error\x20404\x20The\x20agent\x20does\x20not\x20service\x20requests\x20submitted\x20to\x20/&lt;/title&gt;\n&lt;/head&gt;\n&lt;body&gt;&lt;h2&gt;HTTP\x20ERROR\x20404\x20The\x20agent\x20does\x20not\x20service\x20requests\x20submitted\x20to\x20/&lt;/h2&gt;\n&lt;table&gt;\n&lt;tr&gt;&lt;th&gt;URI:&lt;/th&gt;&lt;td&gt;/&lt;/td&gt;&lt;/tr&gt;\n&lt;tr&gt;&lt;th&gt;STATUS:&lt;/th&gt;&lt;td&gt;404&lt;/td&gt;&lt;/tr&gt;\n&lt;tr&gt;&lt;th&gt;MESSAGE:&lt;/th&gt;&lt;td&gt;The\x20agent\x20does\x20not\x20service\x20requests\x20submitted\x20to\x20/&lt;/td&gt;&lt;/tr&gt;\n&lt;tr&gt;&lt;th&gt;SERVLET:&lt;/th&gt;&lt;td&gt;-&lt;/td&gt;&lt;/tr&gt;\n&lt;/table&gt;\n\n&lt;/body&gt;\n&lt;/html&gt;\n&quot;)%r(HTTPOptions,5A,&quot;HTTP/1\.1\x20404\x20Not\x20Found\r\nStrict-Transport-Security:\x20max-age=31536000;\x20includeSubDomains\r\n\r\n&quot;)%r(RTSPRequest,AD,&quot;HTTP/1\.1\x20505\x20Unknown\x20Version\r\nContent-Type:\x20text/html;charset=iso-8859-1\r\nContent-Length:\x2058\r\nConnection:\x20close\r\n\r\n&lt;h1&gt;Bad\x20Message\x20505&lt;/h1&gt;&lt;pre&gt;reason:\x20Unknown\x20Version&lt;/pre&gt;&quot;)%r(RPCCheck,C7,&quot;HTTP/1\.1\x20400\x20Illegal\x20character\x20OTEXT=0x80\r\nContent-Type:\x20text/html;charset=iso-8859-1\r\nContent-Length:\x2071\r\nConnection:\x20close\r\n\r\n&lt;h1&gt;Bad\x20Message\x20400&lt;/h1&gt;&lt;pre&gt;reason:\x20Illegal\x20character\x20OTEXT=0x80&lt;/pre&gt;&quot;)%r(DNSVersionBindReqTCP,C3,&quot;HTTP/1\.1\x20400\x20Illegal\x20character\x20CNTL=0x0\r\nContent-Type:\x20text/html;charset=iso-8859-1\r\nContent-Length:\x2069\r\nConnection:\x20close\r\n\r\n&lt;h1&gt;Bad\x20Message\x20400&lt;/h1&gt;&lt;pre&gt;reason:\x20Illegal\x20character\x20CNTL=0x0&lt;/pre&gt;&quot;)%r(DNSStatusRequestTCP,C3,&quot;HTTP/1\.1\x20400\x20Illegal\x20character\x20CNTL=0x0\r\nContent-Type:\x20text/html;charset=iso-8859-1\r\nContent-Length:\x2069\r\nConnection:\x20close\r\n\r\n&lt;h1&gt;Bad\x20Message\x20400&lt;/h1&gt;&lt;pre&gt;reason:\x20Illegal\x20character\x20CNTL=0x0&lt;/pre&gt;&quot;);" tunnel="ssl" method="probed" conf="10"/></port>
<port protocol="tcp" portid="5060"><state state="open" reason="syn-ack" reason_ttl="64"/><service name="tcpwrapped" method="probed" conf="8"/></port>
<port protocol="tcp" portid="8400"><state state="open" reason="syn-ack" reason_ttl="60"/><service name="cvd" method="table" conf="3"/></port>
<port protocol="tcp" portid="8403"><state state="open" reason="syn-ack" reason_ttl="60"/><service name="admind" method="table" conf="3"/></port>
<port protocol="tcp" portid="11316"><state state="open" reason="syn-ack" reason_ttl="60"/><service name="unknown" servicefp="SF-Port11316-TCP:V=7.93%I=7%D=6/29%Time=649DF610%P=i686-pc-windows-windows%r(RPCCheck,24,&quot;\0\0\x10\x03\t\0\x01\x03\t\0\0\0\0\0\xff\xe8\0\0\0\x0c\0\x01\0\x04\0\0\0\x02\0\0\0\0\0\0\0\x02&quot;)%r(DNSVersionBindReqTCP,24,&quot;\0\0\x10\x03\t\0\x01\x03\t\0\0\0\0\0\xff\xe8\0\0\0\x0c\0\x01\0\x04\0\0\0\x02\0\0\0\0\0\0\0\x02&quot;)%r(SSLSessionReq,24,&quot;\0\0\x10\x03\t\0\x01\x03\t\0\0\0\0\0\xff\xe8\0\0\0\x0c\0\x01\0\x04\0\0\0\x02\0\0\0\0\0\0\0\x02&quot;)%r(TerminalServerCookie,24,&quot;\0\0\x10\x03\t\0\x01\x03\t\0\0\0\0\0\xff\xe8\0\0\0\x0c\0\x01\0\x04\0\0\0\x02\0\0\0\0\0\0\0\x02&quot;)%r(TLSSessionReq,24,&quot;\0\0\x10\x03\t\0\x01\x03\t\0\0\0\0\0\xff\xe8\0\0\0\x0c\0\x01\0\x04\0\0\0\x02\0\0\0\0\0\0\0\x02&quot;)%r(Kerberos,24,&quot;\0\0\x10\x03\t\0\x01\x03\t\0\0\0\0\0\xff\xe8\0\0\0\x0c\0\x01\0\x04\0\0\0\x02\0\0\0\0\0\0\0\x02&quot;)%r(SMBProgNeg,24,&quot;\0\0\x10\x03\t\0\x01\x03\t\0\0\0\0\0\xff\xe8\0\0\0\x0c\0\x01\0\x04\0\0\0\x02\0\0\0\0\0\0\0\x02&quot;)%r(FourOhFourRequest,24,&quot;\0\0\x10\x03\t\0\x01\x03\t\0\0\0\0\0\xff\xe8\0\0\0\x0c\0\x01\0\x04\0\0\0\x02\0\0\0\0\0\0\0\x02&quot;)%r(LDAPSearchReq,24,&quot;\0\0\x10\x03\t\0\x01\x03\t\0\0\0\0\0\xff\xe8\0\0\0\x0c\0\x01\0\x04\0\0\0\x02\0\0\0\0\0\0\0\x02&quot;)%r(SIPOptions,24,&quot;\0\0\x10\x03\t\0\x01\x03\t\0\0\0\0\0\xff\xe8\0\0\0\x0c\0\x01\0\x04\0\0\0\x02\0\0\0\0\0\0\0\x02&quot;)%r(NotesRPC,24,&quot;\0\0\x10\x03\t\0\x01\x03\t\0\0\0\0\0\xff\xe8\0\0\0\x0c\0\x01\0\x04\0\0\0\x02\0\0\0\0\0\0\0\x02&quot;)%r(WMSRequest,24,&quot;\0\0\x10\x03\t\0\x01\x03\t\0\0\0\0\0\xff\xe8\0\0\0\x0c\0\x01\0\x04\0\0\0\x02\0\0\0\0\0\0\0\x02&quot;)%r(oracle-tns,24,&quot;\0\0\x10\x03\t\0\x01\x03\t\0\0\0\0\0\xff\xe8\0\0\0\x0c\0\x01\0\x04\0\0\0\x02\0\0\0\0\0\0\0\x02&quot;)%r(ms-sql-s,24,&quot;\0\0\x10\x03\t\0\x01\x03\t\0\0\0\0\0\xff\xe8\0\0\0\x0c\0\x01\0\x04\0\0\0\x02\0\0\0\0\0\0\0\x02&quot;)%r(giop,24,&quot;\0\0\x10\x03\t\0\x01\x03\t\0\0\0\0\0\xff\xe8\0\0\0\x0c\0\x01\0\x04\0\0\0\x02\0\0\0\0\0\0\0\x02&quot;);" method="table" conf="3"/></port>
<port protocol="tcp" portid="15007"><state state="open" reason="syn-ack" reason_ttl="60"/></port>
<port protocol="tcp" portid="20733"><state state="open" reason="syn-ack" reason_ttl="60"/></port>
<port protocol="tcp" portid="23655"><state state="open" reason="syn-ack" reason_ttl="60"/><service name="unknown" servicefp="SF-Port23655-TCP:V=7.93%I=7%D=6/29%Time=649DF610%P=i686-pc-windows-windows%r(RPCCheck,24,&quot;\0\0\x10\x03\t\0\x01\x03\t\0\0\0\0\0\xff\xe8\0\0\0\x0c\0\x01\0\x04\0\0\0\x02\0\0\0\0\0\0\0\x02&quot;)%r(DNSVersionBindReqTCP,24,&quot;\0\0\x10\x03\t\0\x01\x03\t\0\0\0\0\0\xff\xe8\0\0\0\x0c\0\x01\0\x04\0\0\0\x02\0\0\0\0\0\0\0\x02&quot;)%r(SSLSessionReq,24,&quot;\0\0\x10\x03\t\0\x01\x03\t\0\0\0\0\0\xff\xe8\0\0\0\x0c\0\x01\0\x04\0\0\0\x02\0\0\0\0\0\0\0\x02&quot;)%r(TerminalServerCookie,24,&quot;\0\0\x10\x03\t\0\x01\x03\t\0\0\0\0\0\xff\xe8\0\0\0\x0c\0\x01\0\x04\0\0\0\x02\0\0\0\0\0\0\0\x02&quot;)%r(TLSSessionReq,24,&quot;\0\0\x10\x03\t\0\x01\x03\t\0\0\0\0\0\xff\xe8\0\0\0\x0c\0\x01\0\x04\0\0\0\x02\0\0\0\0\0\0\0\x02&quot;)%r(Kerberos,24,&quot;\0\0\x10\x03\t\0\x01\x03\t\0\0\0\0\0\xff\xe8\0\0\0\x0c\0\x01\0\x04\0\0\0\x02\0\0\0\0\0\0\0\x02&quot;)%r(SMBProgNeg,24,&quot;\0\0\x10\x03\t\0\x01\x03\t\0\0\0\0\0\xff\xe8\0\0\0\x0c\0\x01\0\x04\0\0\0\x02\0\0\0\0\0\0\0\x02&quot;)%r(FourOhFourRequest,24,&quot;\0\0\x10\x03\t\0\x01\x03\t\0\0\0\0\0\xff\xe8\0\0\0\x0c\0\x01\0\x04\0\0\0\x02\0\0\0\0\0\0\0\x02&quot;)%r(LDAPSearchReq,24,&quot;\0\0\x10\x03\t\0\x01\x03\t\0\0\0\0\0\xff\xe8\0\0\0\x0c\0\x01\0\x04\0\0\0\x02\0\0\0\0\0\0\0\x02&quot;)%r(SIPOptions,24,&quot;\0\0\x10\x03\t\0\x01\x03\t\0\0\0\0\0\xff\xe8\0\0\0\x0c\0\x01\0\x04\0\0\0\x02\0\0\0\0\0\0\0\x02&quot;)%r(NotesRPC,24,&quot;\0\0\x10\x03\t\0\x01\x03\t\0\0\0\0\0\xff\xe8\0\0\0\x0c\0\x01\0\x04\0\0\0\x02\0\0\0\0\0\0\0\x02&quot;)%r(WMSRequest,24,&quot;\0\0\x10\x03\t\0\x01\x03\t\0\0\0\0\0\xff\xe8\0\0\0\x0c\0\x01\0\x04\0\0\0\x02\0\0\0\0\0\0\0\x02&quot;)%r(oracle-tns,24,&quot;\0\0\x10\x03\t\0\x01\x03\t\0\0\0\0\0\xff\xe8\0\0\0\x0c\0\x01\0\x04\0\0\0\x02\0\0\0\0\0\0\0\x02&quot;)%r(ms-sql-s,24,&quot;\0\0\x10\x03\t\0\x01\x03\t\0\0\0\0\0\xff\xe8\0\0\0\x0c\0\x01\0\x04\0\0\0\x02\0\0\0\0\0\0\0\x02&quot;)%r(giop,24,&quot;\0\0\x10\x03\t\0\x01\x03\t\0\0\0\0\0\xff\xe8\0\0\0\x0c\0\x01\0\x04\0\0\0\x02\0\0\0\0\0\0\0\x02&quot;);" method="table" conf="3"/></port>
<port protocol="tcp" portid="31078"><state state="open" reason="syn-ack" reason_ttl="60"/></port>
<port protocol="tcp" portid="33221"><state state="open" reason="syn-ack" reason_ttl="60"/><service name="unknown" servicefp="SF-Port33221-TCP:V=7.93%I=7%D=6/29%Time=649DF618%P=i686-pc-windows-windows%r(giop,30,&quot;\x01\0\0\0\0\0\0\0\$\0\0\0\x08\x02\x12\x202f99daf0848247848488035eab75628a&quot;);" method="table" conf="3"/></port>
<port protocol="tcp" portid="47632"><state state="open" reason="syn-ack" reason_ttl="60"/><service name="unknown" servicefp="SF-Port47632-TCP:V=7.93%I=7%D=6/29%Time=649DF606%P=i686-pc-windows-windows%r(DNSVersionBindReqTCP,18,&quot;\0\x18\0\0\x02\0\0\0\x014\0\0\x08\0\x7f\xff\x01\0\0\0\0\x18A\x01&quot;)%r(oracle-tns,18,&quot;\0\x18\0\0\x02\0\0\0\x014\0\0\x08\0\x7f\xff\x01\0\0\0\0\x18A\x01&quot;);" method="table" conf="3"/></port>
</ports>
<times srtt="7960" rttvar="2377" to="280000"/>
</host>
<runstats><finished time="1688073883" timestr="Thu Jun 29 15:24:43 2023" summary="Nmap done at Thu Jun 29 15:24:43 2023; 1 IP address (1 host up) scanned in 181.21 seconds" elapsed="181.21" exit="success"/><hosts up="1" down="0" total="1"/>
</runstats>
</nmaprun>
