<?xml version="1.0" encoding="UTF-8"?>
<!DOCTYPE nmaprun>
<?xml-stylesheet href="file:///C:/Program Files (x86)/Nmap/nmap.xsl" type="text/xsl"?>
<!-- Nmap 7.93 scan initiated Thu Jun 29 15:28:21 2023 as: &quot;C:\\Program Files (x86)\\Nmap\\nmap.exe&quot; -Pn -sS -p- -sV -n -&#45;min-rate 5432 -&#45;open -&#45;stats-every 3s -&#45;host-timeout 120m -&#45;initial-rtt-timeout 315ms -&#45;min-rtt-timeout 280ms -&#45;max-rtt-timeout 350ms -&#45;max-retries 1 -&#45;max-scan-delay 0 -oA outputs\\bnopsicofin1-a bnopsicofin1-a -->
<nmaprun scanner="nmap" args="&quot;C:\\Program Files (x86)\\Nmap\\nmap.exe&quot; -Pn -sS -p- -sV -n -&#45;min-rate 5432 -&#45;open -&#45;stats-every 3s -&#45;host-timeout 120m -&#45;initial-rtt-timeout 315ms -&#45;min-rtt-timeout 280ms -&#45;max-rtt-timeout 350ms -&#45;max-retries 1 -&#45;max-scan-delay 0 -oA outputs\\bnopsicofin1-a bnopsicofin1-a" start="1688074101" startstr="Thu Jun 29 15:28:21 2023" version="7.93" xmloutputversion="1.05">
<scaninfo type="syn" protocol="tcp" numservices="65535" services="1-65535"/>
<verbose level="0"/>
<debugging level="0"/>
<taskprogress task="SYN Stealth Scan" time="1688074104" percent="13.70" remaining="13" etc="1688074117"/>
<taskprogress task="SYN Stealth Scan" time="1688074107" percent="28.87" remaining="13" etc="1688074119"/>
<taskprogress task="SYN Stealth Scan" time="1688074110" percent="43.65" remaining="11" etc="1688074120"/>
<taskprogress task="SYN Stealth Scan" time="1688074113" percent="58.71" remaining="8" etc="1688074121"/>
<taskprogress task="SYN Stealth Scan" time="1688074116" percent="73.77" remaining="5" etc="1688074121"/>
<taskprogress task="SYN Stealth Scan" time="1688074119" percent="88.70" remaining="3" etc="1688074121"/>
<taskprogress task="Service scan" time="1688074127" percent="9.09" remaining="60" etc="1688074187"/>
<taskprogress task="Service scan" time="1688074128" percent="31.82" remaining="16" etc="1688074143"/>
<taskprogress task="Service scan" time="1688074132" percent="36.36" remaining="20" etc="1688074151"/>
<taskprogress task="Service scan" time="1688074137" percent="50.00" remaining="16" etc="1688074153"/>
<taskprogress task="Service scan" time="1688074140" percent="50.00" remaining="20" etc="1688074159"/>
<taskprogress task="Service scan" time="1688074142" percent="50.00" remaining="22" etc="1688074163"/>
<taskprogress task="Service scan" time="1688074145" percent="50.00" remaining="24" etc="1688074169"/>
<taskprogress task="Service scan" time="1688074147" percent="50.00" remaining="26" etc="1688074173"/>
<taskprogress task="Service scan" time="1688074150" percent="50.00" remaining="30" etc="1688074179"/>
<taskprogress task="Service scan" time="1688074156" percent="50.00" remaining="36" etc="1688074191"/>
<taskprogress task="Service scan" time="1688074160" percent="54.55" remaining="33" etc="1688074193"/>
<taskprogress task="Service scan" time="1688074165" percent="54.55" remaining="37" etc="1688074202"/>
<taskprogress task="Service scan" time="1688074170" percent="54.55" remaining="41" etc="1688074211"/>
<taskprogress task="Service scan" time="1688074175" percent="54.55" remaining="46" etc="1688074220"/>
<host starttime="1688074102" endtime="1688074176"><status state="up" reason="user-set" reason_ttl="0"/>
<address addr="172.17.207.96" addrtype="ipv4"/>
<hostnames>
<hostname name="bnopsicofin1-a" type="user"/>
</hostnames>
<ports><extraports state="closed" count="65512">
<extrareasons reason="reset" count="65512" proto="tcp" ports="1-79,81-112,114-134,136-138,140-442,444,446-1999,2001-3388,3390-4117,4119-5059,5061-5984,5986-33220,33222-47000,47002-49663,49666-49668,49671,49674-49693,49695-49707,49709-49712,49714-49723,49725-65535"/>
</extraports>
<extraports state="filtered" count="1">
<extrareasons reason="no-response" count="1" proto="tcp" ports="113"/>
</extraports>
<port protocol="tcp" portid="80"><state state="open" reason="syn-ack" reason_ttl="124"/><service name="http" product="Microsoft IIS httpd" version="10.0" ostype="Windows" method="probed" conf="10"><cpe>cpe:/a:microsoft:internet_information_services:10.0</cpe><cpe>cpe:/o:microsoft:windows</cpe></service></port>
<port protocol="tcp" portid="135"><state state="open" reason="syn-ack" reason_ttl="124"/><service name="msrpc" product="Microsoft Windows RPC" ostype="Windows" method="probed" conf="10"><cpe>cpe:/o:microsoft:windows</cpe></service></port>
<port protocol="tcp" portid="139"><state state="open" reason="syn-ack" reason_ttl="124"/><service name="netbios-ssn" product="Microsoft Windows netbios-ssn" ostype="Windows" method="probed" conf="10"><cpe>cpe:/o:microsoft:windows</cpe></service></port>
<port protocol="tcp" portid="443"><state state="open" reason="syn-ack" reason_ttl="124"/><service name="https" method="table" conf="3"/></port>
<port protocol="tcp" portid="445"><state state="open" reason="syn-ack" reason_ttl="124"/><service name="microsoft-ds" method="table" conf="3"/></port>
<port protocol="tcp" portid="2000"><state state="open" reason="syn-ack" reason_ttl="64"/><service name="tcpwrapped" method="probed" conf="8"/></port>
<port protocol="tcp" portid="3389"><state state="open" reason="syn-ack" reason_ttl="124"/><service name="ms-wbt-server" product="Microsoft Terminal Services" ostype="Windows" method="probed" conf="10"><cpe>cpe:/o:microsoft:windows</cpe></service></port>
<port protocol="tcp" portid="4118"><state state="open" reason="syn-ack" reason_ttl="124"/><service name="netscript" tunnel="ssl" method="table" conf="3"/></port>
<port protocol="tcp" portid="5060"><state state="open" reason="syn-ack" reason_ttl="64"/><service name="tcpwrapped" method="probed" conf="8"/></port>
<port protocol="tcp" portid="5985"><state state="open" reason="syn-ack" reason_ttl="124"/><service name="http" product="Microsoft HTTPAPI httpd" version="2.0" extrainfo="SSDP/UPnP" ostype="Windows" method="probed" conf="10"><cpe>cpe:/o:microsoft:windows</cpe></service></port>
<port protocol="tcp" portid="33221"><state state="open" reason="syn-ack" reason_ttl="124"/><service name="unknown" servicefp="SF-Port33221-TCP:V=7.93%I=7%D=6/29%Time=649DF7AC%P=i686-pc-windows-windows%r(giop,30,&quot;\x01\0\0\0\0\0\0\0\$\0\0\0\x08\x02\x12\x20cc10eb087d914c15a6535a7308d67e60&quot;);" method="table" conf="3"/></port>
<port protocol="tcp" portid="47001"><state state="open" reason="syn-ack" reason_ttl="124"/><service name="http" product="Microsoft HTTPAPI httpd" version="2.0" extrainfo="SSDP/UPnP" ostype="Windows" method="probed" conf="10"><cpe>cpe:/o:microsoft:windows</cpe></service></port>
<port protocol="tcp" portid="49664"><state state="open" reason="syn-ack" reason_ttl="124"/><service name="msrpc" product="Microsoft Windows RPC" ostype="Windows" method="probed" conf="10"><cpe>cpe:/o:microsoft:windows</cpe></service></port>
<port protocol="tcp" portid="49665"><state state="open" reason="syn-ack" reason_ttl="124"/><service name="msrpc" product="Microsoft Windows RPC" ostype="Windows" method="probed" conf="10"><cpe>cpe:/o:microsoft:windows</cpe></service></port>
<port protocol="tcp" portid="49669"><state state="open" reason="syn-ack" reason_ttl="124"/><service name="msrpc" product="Microsoft Windows RPC" ostype="Windows" method="probed" conf="10"><cpe>cpe:/o:microsoft:windows</cpe></service></port>
<port protocol="tcp" portid="49670"><state state="open" reason="syn-ack" reason_ttl="124"/><service name="msrpc" product="Microsoft Windows RPC" ostype="Windows" method="probed" conf="10"><cpe>cpe:/o:microsoft:windows</cpe></service></port>
<port protocol="tcp" portid="49672"><state state="open" reason="syn-ack" reason_ttl="124"/><service name="msrpc" product="Microsoft Windows RPC" ostype="Windows" method="probed" conf="10"><cpe>cpe:/o:microsoft:windows</cpe></service></port>
<port protocol="tcp" portid="49673"><state state="open" reason="syn-ack" reason_ttl="124"/><service name="msrpc" product="Microsoft Windows RPC" ostype="Windows" method="probed" conf="10"><cpe>cpe:/o:microsoft:windows</cpe></service></port>
<port protocol="tcp" portid="49694"><state state="open" reason="syn-ack" reason_ttl="124"/><service name="msrpc" product="Microsoft Windows RPC" ostype="Windows" method="probed" conf="10"><cpe>cpe:/o:microsoft:windows</cpe></service></port>
<port protocol="tcp" portid="49708"><state state="open" reason="syn-ack" reason_ttl="124"/><service name="msrpc" product="Microsoft Windows RPC" ostype="Windows" method="probed" conf="10"><cpe>cpe:/o:microsoft:windows</cpe></service></port>
<port protocol="tcp" portid="49713"><state state="open" reason="syn-ack" reason_ttl="124"/><service name="msrpc" product="Microsoft Windows RPC" ostype="Windows" method="probed" conf="10"><cpe>cpe:/o:microsoft:windows</cpe></service></port>
<port protocol="tcp" portid="49724"><state state="open" reason="syn-ack" reason_ttl="124"/><service name="msrpc" product="Microsoft Windows RPC" ostype="Windows" method="probed" conf="10"><cpe>cpe:/o:microsoft:windows</cpe></service></port>
</ports>
<times srtt="15966" rttvar="7969" to="280000"/>
</host>
<runstats><finished time="1688074176" timestr="Thu Jun 29 15:29:36 2023" summary="Nmap done at Thu Jun 29 15:29:36 2023; 1 IP address (1 host up) scanned in 74.37 seconds" elapsed="74.37" exit="success"/><hosts up="1" down="0" total="1"/>
</runstats>
</nmaprun>
