<?xml version="1.0" encoding="UTF-8"?>
<!DOCTYPE nmaprun>
<?xml-stylesheet href="file:///C:/Program Files (x86)/Nmap/nmap.xsl" type="text/xsl"?>
<!-- Nmap 7.93 scan initiated Thu Jun 29 15:20:15 2023 as: &quot;C:\\Program Files (x86)\\Nmap\\nmap.exe&quot; -Pn -sS -p- -sV -n -&#45;min-rate 5432 -&#45;open -&#45;stats-every 3s -&#45;host-timeout 120m -&#45;initial-rtt-timeout 315ms -&#45;min-rtt-timeout 280ms -&#45;max-rtt-timeout 350ms -&#45;max-retries 1 -&#45;max-scan-delay 0 -oA outputs\\bnopcitrixp-a bnopcitrixp-a -->
<nmaprun scanner="nmap" args="&quot;C:\\Program Files (x86)\\Nmap\\nmap.exe&quot; -Pn -sS -p- -sV -n -&#45;min-rate 5432 -&#45;open -&#45;stats-every 3s -&#45;host-timeout 120m -&#45;initial-rtt-timeout 315ms -&#45;min-rtt-timeout 280ms -&#45;max-rtt-timeout 350ms -&#45;max-retries 1 -&#45;max-scan-delay 0 -oA outputs\\bnopcitrixp-a bnopcitrixp-a" start="1688073615" startstr="Thu Jun 29 15:20:15 2023" version="7.93" xmloutputversion="1.05">
<scaninfo type="syn" protocol="tcp" numservices="65535" services="1-65535"/>
<verbose level="0"/>
<debugging level="0"/>
<taskprogress task="SYN Stealth Scan" time="1688073618" percent="5.02" remaining="19" etc="1688073637"/>
<taskprogress task="SYN Stealth Scan" time="1688073621" percent="14.64" remaining="24" etc="1688073644"/>
<taskprogress task="SYN Stealth Scan" time="1688073624" percent="24.64" remaining="22" etc="1688073645"/>
<taskprogress task="SYN Stealth Scan" time="1688073627" percent="35.19" remaining="19" etc="1688073645"/>
<taskprogress task="SYN Stealth Scan" time="1688073630" percent="45.67" remaining="16" etc="1688073645"/>
<taskprogress task="SYN Stealth Scan" time="1688073633" percent="55.82" remaining="13" etc="1688073646"/>
<taskprogress task="SYN Stealth Scan" time="1688073636" percent="66.39" remaining="10" etc="1688073646"/>
<taskprogress task="SYN Stealth Scan" time="1688073639" percent="77.01" remaining="7" etc="1688073646"/>
<taskprogress task="SYN Stealth Scan" time="1688073642" percent="87.26" remaining="4" etc="1688073646"/>
<taskprogress task="SYN Stealth Scan" time="1688073645" percent="98.17" remaining="1" etc="1688073646"/>
<taskprogress task="Service scan" time="1688073651" percent="40.00" remaining="8" etc="1688073659"/>
<taskprogress task="Service scan" time="1688073652" percent="40.00" remaining="10" etc="1688073661"/>
<taskprogress task="Service scan" time="1688073657" percent="80.00" remaining="3" etc="1688073660"/>
<taskprogress task="Service scan" time="1688073662" percent="86.67" remaining="3" etc="1688073664"/>
<taskprogress task="Service scan" time="1688073667" percent="86.67" remaining="4" etc="1688073670"/>
<taskprogress task="Service scan" time="1688073669" percent="86.67" remaining="4" etc="1688073673"/>
<taskprogress task="Service scan" time="1688073672" percent="86.67" remaining="4" etc="1688073676"/>
<taskprogress task="Service scan" time="1688073674" percent="86.67" remaining="5" etc="1688073678"/>
<taskprogress task="Service scan" time="1688073677" percent="86.67" remaining="5" etc="1688073682"/>
<taskprogress task="Service scan" time="1688073679" percent="86.67" remaining="6" etc="1688073684"/>
<taskprogress task="Service scan" time="1688073684" percent="86.67" remaining="6" etc="1688073690"/>
<taskprogress task="Service scan" time="1688073689" percent="86.67" remaining="7" etc="1688073696"/>
<taskprogress task="Service scan" time="1688073694" percent="86.67" remaining="8" etc="1688073701"/>
<taskprogress task="Service scan" time="1688073699" percent="86.67" remaining="9" etc="1688073707"/>
<taskprogress task="Service scan" time="1688073705" percent="93.33" remaining="5" etc="1688073709"/>
<taskprogress task="Service scan" time="1688073710" percent="93.33" remaining="5" etc="1688073715"/>
<taskprogress task="Service scan" time="1688073715" percent="93.33" remaining="5" etc="1688073720"/>
<taskprogress task="NSE" time="1688073715" percent="99.69" remaining="0" etc="1688073715"/>
<host starttime="1688073617" endtime="1688073716"><status state="up" reason="user-set" reason_ttl="0"/>
<address addr="172.17.90.97" addrtype="ipv4"/>
<hostnames>
<hostname name="bnopcitrixp-a" type="user"/>
</hostnames>
<ports><extraports state="closed" count="65519">
<extrareasons reason="reset" count="65519" proto="tcp" ports="1-79,81-112,114-134,136-138,140-444,446-1032,1034-1493,1495-1999,2001-2511,2514-2597,2599-3388,3390-5059,5061-5665,5667-8079,8081-12488,12490-65535"/>
</extraports>
<extraports state="filtered" count="1">
<extrareasons reason="no-response" count="1" proto="tcp" ports="113"/>
</extraports>
<port protocol="tcp" portid="80"><state state="open" reason="syn-ack" reason_ttl="124"/><service name="http" product="Microsoft IIS httpd" version="6.0" ostype="Windows" method="probed" conf="10"><cpe>cpe:/a:microsoft:internet_information_services:6.0</cpe><cpe>cpe:/o:microsoft:windows</cpe></service></port>
<port protocol="tcp" portid="135"><state state="open" reason="syn-ack" reason_ttl="124"/><service name="msrpc" product="Microsoft Windows RPC" ostype="Windows" method="probed" conf="10"><cpe>cpe:/o:microsoft:windows</cpe></service></port>
<port protocol="tcp" portid="139"><state state="open" reason="syn-ack" reason_ttl="124"/><service name="netbios-ssn" product="Microsoft Windows netbios-ssn" ostype="Windows" method="probed" conf="10"><cpe>cpe:/o:microsoft:windows</cpe></service></port>
<port protocol="tcp" portid="445"><state state="open" reason="syn-ack" reason_ttl="124"/><service name="microsoft-ds" product="Microsoft Windows 2003 or 2008 microsoft-ds" ostype="Windows" method="probed" conf="10"><cpe>cpe:/o:microsoft:windows_server_2003</cpe></service></port>
<port protocol="tcp" portid="1033"><state state="open" reason="syn-ack" reason_ttl="124"/><service name="msrpc" product="Microsoft Windows RPC" ostype="Windows" method="probed" conf="10"><cpe>cpe:/o:microsoft:windows</cpe></service></port>
<port protocol="tcp" portid="1494"><state state="open" reason="syn-ack" reason_ttl="124"/><service name="citrix-ica" product="Citrix Metaframe XP ICA" ostype="Windows" method="probed" conf="10"><cpe>cpe:/o:microsoft:windows</cpe></service></port>
<port protocol="tcp" portid="2000"><state state="open" reason="syn-ack" reason_ttl="64"/><service name="tcpwrapped" method="probed" conf="8"/></port>
<port protocol="tcp" portid="2512"><state state="open" reason="syn-ack" reason_ttl="124"/><service name="citrix-ima" product="Citrix Metaframe XP IMA" ostype="Windows" method="probed" conf="10"><cpe>cpe:/o:microsoft:windows</cpe></service></port>
<port protocol="tcp" portid="2513"><state state="open" reason="syn-ack" reason_ttl="124"/><service name="citrixadmin" method="table" conf="3"/></port>
<port protocol="tcp" portid="2598"><state state="open" reason="syn-ack" reason_ttl="124"/><service name="citriximaclient" method="table" conf="3"/></port>
<port protocol="tcp" portid="3389"><state state="open" reason="syn-ack" reason_ttl="124"/><service name="ms-wbt-server" product="Microsoft Terminal Service" ostype="Windows" method="probed" conf="10"><cpe>cpe:/o:microsoft:windows</cpe></service></port>
<port protocol="tcp" portid="5060"><state state="open" reason="syn-ack" reason_ttl="64"/><service name="tcpwrapped" method="probed" conf="8"/></port>
<port protocol="tcp" portid="5666"><state state="open" reason="syn-ack" reason_ttl="124"/><service name="tcpwrapped" method="probed" conf="8"/></port>
<port protocol="tcp" portid="8080"><state state="open" reason="syn-ack" reason_ttl="124"/><service name="http" product="Citrix Metaframe ICA Browser" method="probed" conf="10"/></port>
<port protocol="tcp" portid="12489"><state state="open" reason="syn-ack" reason_ttl="124"/><service name="tcpwrapped" method="probed" conf="8"/></port>
</ports>
<times srtt="9247" rttvar="3358" to="280000"/>
</host>
<runstats><finished time="1688073716" timestr="Thu Jun 29 15:21:56 2023" summary="Nmap done at Thu Jun 29 15:21:56 2023; 1 IP address (1 host up) scanned in 101.38 seconds" elapsed="101.38" exit="success"/><hosts up="1" down="0" total="1"/>
</runstats>
</nmaprun>
