<?xml version="1.0" encoding="UTF-8"?>
<!DOCTYPE nmaprun>
<?xml-stylesheet href="file:///C:/Program Files (x86)/Nmap/nmap.xsl" type="text/xsl"?>
<!-- Nmap 7.93 scan initiated Thu Jun 29 15:23:59 2023 as: &quot;C:\\Program Files (x86)\\Nmap\\nmap.exe&quot; -Pn -sS -p- -sV -n -&#45;min-rate 5432 -&#45;open -&#45;stats-every 3s -&#45;host-timeout 120m -&#45;initial-rtt-timeout 315ms -&#45;min-rtt-timeout 280ms -&#45;max-rtt-timeout 350ms -&#45;max-retries 1 -&#45;max-scan-delay 0 -oA outputs\\bnopiteso03-a bnopiteso03-a -->
<nmaprun scanner="nmap" args="&quot;C:\\Program Files (x86)\\Nmap\\nmap.exe&quot; -Pn -sS -p- -sV -n -&#45;min-rate 5432 -&#45;open -&#45;stats-every 3s -&#45;host-timeout 120m -&#45;initial-rtt-timeout 315ms -&#45;min-rtt-timeout 280ms -&#45;max-rtt-timeout 350ms -&#45;max-retries 1 -&#45;max-scan-delay 0 -oA outputs\\bnopiteso03-a bnopiteso03-a" start="1688073839" startstr="Thu Jun 29 15:23:59 2023" version="7.93" xmloutputversion="1.05">
<scaninfo type="syn" protocol="tcp" numservices="65535" services="1-65535"/>
<verbose level="0"/>
<debugging level="0"/>
<taskprogress task="SYN Stealth Scan" time="1688073842" percent="11.42" remaining="16" etc="1688073858"/>
<taskprogress task="SYN Stealth Scan" time="1688073845" percent="25.62" remaining="15" etc="1688073860"/>
<taskprogress task="SYN Stealth Scan" time="1688073848" percent="39.59" remaining="13" etc="1688073860"/>
<taskprogress task="SYN Stealth Scan" time="1688073851" percent="53.69" remaining="10" etc="1688073860"/>
<taskprogress task="SYN Stealth Scan" time="1688073854" percent="67.93" remaining="7" etc="1688073861"/>
<taskprogress task="SYN Stealth Scan" time="1688073857" percent="80.50" remaining="5" etc="1688073861"/>
<taskprogress task="SYN Stealth Scan" time="1688073860" percent="93.46" remaining="2" etc="1688073861"/>
<taskprogress task="Service scan" time="1688073867" percent="36.84" remaining="9" etc="1688073876"/>
<taskprogress task="Service scan" time="1688073868" percent="36.84" remaining="11" etc="1688073878"/>
<taskprogress task="Service scan" time="1688073873" percent="68.42" remaining="6" etc="1688073878"/>
<taskprogress task="Service scan" time="1688073878" percent="73.68" remaining="6" etc="1688073884"/>
<taskprogress task="Service scan" time="1688073883" percent="78.95" remaining="6" etc="1688073889"/>
<taskprogress task="Service scan" time="1688073885" percent="78.95" remaining="7" etc="1688073891"/>
<taskprogress task="Service scan" time="1688073888" percent="78.95" remaining="7" etc="1688073895"/>
<taskprogress task="Service scan" time="1688073890" percent="78.95" remaining="8" etc="1688073897"/>
<taskprogress task="Service scan" time="1688073893" percent="78.95" remaining="9" etc="1688073901"/>
<taskprogress task="Service scan" time="1688073895" percent="78.95" remaining="9" etc="1688073904"/>
<taskprogress task="Service scan" time="1688073900" percent="78.95" remaining="11" etc="1688073910"/>
<taskprogress task="Service scan" time="1688073905" percent="78.95" remaining="12" etc="1688073916"/>
<taskprogress task="Service scan" time="1688073910" percent="78.95" remaining="13" etc="1688073923"/>
<taskprogress task="Service scan" time="1688073915" percent="78.95" remaining="15" etc="1688073929"/>
<taskprogress task="Service scan" time="1688073920" percent="89.47" remaining="7" etc="1688073927"/>
<taskprogress task="Service scan" time="1688073925" percent="89.47" remaining="8" etc="1688073932"/>
<taskprogress task="Service scan" time="1688073931" percent="89.47" remaining="9" etc="1688073939"/>
<taskprogress task="Service scan" time="1688073936" percent="94.74" remaining="5" etc="1688073940"/>
<taskprogress task="Service scan" time="1688073941" percent="94.74" remaining="5" etc="1688073945"/>
<taskprogress task="Service scan" time="1688073946" percent="94.74" remaining="5" etc="1688073951"/>
<taskprogress task="NSE" time="1688073946" percent="99.51" remaining="0" etc="1688073946"/>
<taskprogress task="NSE" time="1688073949" percent="97.37" remaining="0" etc="1688073949"/>
<host starttime="1688073840" endtime="1688073951"><status state="up" reason="user-set" reason_ttl="0"/>
<address addr="172.17.90.185" addrtype="ipv4"/>
<hostnames>
<hostname name="bnopiteso03-a" type="user"/>
</hostnames>
<ports><extraports state="closed" count="65515">
<extrareasons reason="reset" count="65515" proto="tcp" ports="1-112,114-134,136-138,140-444,446-1040,1042-1366,1368-1493,1495-1999,2001-2511,2514-2597,2599-2700,2702-3388,3390-5059,5061-5665,5667-8079,8081-12488,12490-27774,27776-28874,28876-47000,47002-65535"/>
</extraports>
<extraports state="filtered" count="1">
<extrareasons reason="no-response" count="1" proto="tcp" ports="113"/>
</extraports>
<port protocol="tcp" portid="135"><state state="open" reason="syn-ack" reason_ttl="124"/><service name="msrpc" product="Microsoft Windows RPC" ostype="Windows" method="probed" conf="10"><cpe>cpe:/o:microsoft:windows</cpe></service></port>
<port protocol="tcp" portid="139"><state state="open" reason="syn-ack" reason_ttl="124"/><service name="netbios-ssn" product="Microsoft Windows netbios-ssn" ostype="Windows" method="probed" conf="10"><cpe>cpe:/o:microsoft:windows</cpe></service></port>
<port protocol="tcp" portid="445"><state state="open" reason="syn-ack" reason_ttl="124"/><service name="microsoft-ds" product="Microsoft Windows 2003 or 2008 microsoft-ds" ostype="Windows" method="probed" conf="10"><cpe>cpe:/o:microsoft:windows_server_2003</cpe></service></port>
<port protocol="tcp" portid="1041"><state state="open" reason="syn-ack" reason_ttl="124"/><service name="msrpc" product="Microsoft Windows RPC" ostype="Windows" method="probed" conf="10"><cpe>cpe:/o:microsoft:windows</cpe></service></port>
<port protocol="tcp" portid="1367"><state state="open" reason="syn-ack" reason_ttl="124"/><service name="msrpc" product="Microsoft Windows RPC" ostype="Windows" method="probed" conf="10"><cpe>cpe:/o:microsoft:windows</cpe></service></port>
<port protocol="tcp" portid="1494"><state state="open" reason="syn-ack" reason_ttl="124"/><service name="citrix-ica" product="Citrix Metaframe XP ICA" ostype="Windows" method="probed" conf="10"><cpe>cpe:/o:microsoft:windows</cpe></service></port>
<port protocol="tcp" portid="2000"><state state="open" reason="syn-ack" reason_ttl="64"/><service name="tcpwrapped" method="probed" conf="8"/></port>
<port protocol="tcp" portid="2512"><state state="open" reason="syn-ack" reason_ttl="124"/><service name="citrix-ima" product="Citrix Metaframe XP IMA" ostype="Windows" method="probed" conf="10"><cpe>cpe:/o:microsoft:windows</cpe></service></port>
<port protocol="tcp" portid="2513"><state state="open" reason="syn-ack" reason_ttl="124"/><service name="citrixadmin" method="table" conf="3"/></port>
<port protocol="tcp" portid="2598"><state state="open" reason="syn-ack" reason_ttl="124"/><service name="citriximaclient" method="table" conf="3"/></port>
<port protocol="tcp" portid="2701"><state state="open" reason="syn-ack" reason_ttl="124"/><service name="cmrcservice" product="Microsoft Configuration Manager Remote Control service" extrainfo="CmRcService.exe" ostype="Windows" method="probed" conf="10"><cpe>cpe:/a:microsoft:systems_management_server</cpe><cpe>cpe:/o:microsoft:windows</cpe></service></port>
<port protocol="tcp" portid="3389"><state state="open" reason="syn-ack" reason_ttl="124"/><service name="ms-wbt-server" product="Microsoft Terminal Service" ostype="Windows" method="probed" conf="10"><cpe>cpe:/o:microsoft:windows</cpe></service></port>
<port protocol="tcp" portid="5060"><state state="open" reason="syn-ack" reason_ttl="64"/><service name="tcpwrapped" method="probed" conf="8"/></port>
<port protocol="tcp" portid="5666"><state state="open" reason="syn-ack" reason_ttl="124"/><service name="tcpwrapped" method="probed" conf="8"/></port>
<port protocol="tcp" portid="8080"><state state="open" reason="syn-ack" reason_ttl="124"/><service name="http" product="Citrix Metaframe ICA Browser" method="probed" conf="10"/></port>
<port protocol="tcp" portid="12489"><state state="open" reason="syn-ack" reason_ttl="124"/><service name="tcpwrapped" method="probed" conf="8"/></port>
<port protocol="tcp" portid="27775"><state state="open" reason="syn-ack" reason_ttl="124"/><service name="http" product="Microsoft HTTPAPI httpd" version="1.0" extrainfo="SSDP/UPnP" ostype="Windows" method="probed" conf="10"><cpe>cpe:/o:microsoft:windows</cpe></service></port>
<port protocol="tcp" portid="28875"><state state="open" reason="syn-ack" reason_ttl="124"/><service name="unknown" servicefp="SF-Port28875-TCP:V=7.93%I=7%D=6/29%Time=649DF696%P=i686-pc-windows-windows%r(GetRequest,2B,&quot;\(\0\0\0\x02\0\0\0\x03\0\0\0\+\0\0\0\xb8\0\0\0\0\0\0\0\x05\0\0`\x02\0\0\xff\0\0\0\0\0\0\0\0\0\0\0&quot;);" method="table" conf="3"/></port>
<port protocol="tcp" portid="47001"><state state="open" reason="syn-ack" reason_ttl="124"/><service name="http" product="Microsoft IIS httpd" ostype="Windows" method="probed" conf="10"><cpe>cpe:/a:microsoft:internet_information_services</cpe><cpe>cpe:/o:microsoft:windows</cpe></service></port>
</ports>
<times srtt="10420" rttvar="1637" to="280000"/>
</host>
<runstats><finished time="1688073951" timestr="Thu Jun 29 15:25:51 2023" summary="Nmap done at Thu Jun 29 15:25:51 2023; 1 IP address (1 host up) scanned in 111.85 seconds" elapsed="111.85" exit="success"/><hosts up="1" down="0" total="1"/>
</runstats>
</nmaprun>
