<?xml version="1.0" encoding="UTF-8"?>
<!DOCTYPE nmaprun>
<?xml-stylesheet href="file:///C:/Program Files (x86)/Nmap/nmap.xsl" type="text/xsl"?>
<!-- Nmap 7.93 scan initiated Thu Jun 29 15:25:51 2023 as: &quot;C:\\Program Files (x86)\\Nmap\\nmap.exe&quot; -Pn -sS -p- -sV -n -&#45;min-rate 5432 -&#45;open -&#45;stats-every 3s -&#45;host-timeout 120m -&#45;initial-rtt-timeout 315ms -&#45;min-rtt-timeout 280ms -&#45;max-rtt-timeout 350ms -&#45;max-retries 1 -&#45;max-scan-delay 0 -oA outputs\\bnoposb1esb-a bnoposb1esb-a -->
<nmaprun scanner="nmap" args="&quot;C:\\Program Files (x86)\\Nmap\\nmap.exe&quot; -Pn -sS -p- -sV -n -&#45;min-rate 5432 -&#45;open -&#45;stats-every 3s -&#45;host-timeout 120m -&#45;initial-rtt-timeout 315ms -&#45;min-rtt-timeout 280ms -&#45;max-rtt-timeout 350ms -&#45;max-retries 1 -&#45;max-scan-delay 0 -oA outputs\\bnoposb1esb-a bnoposb1esb-a" start="1688073951" startstr="Thu Jun 29 15:25:51 2023" version="7.93" xmloutputversion="1.05">
<scaninfo type="syn" protocol="tcp" numservices="65535" services="1-65535"/>
<verbose level="0"/>
<debugging level="0"/>
<taskprogress task="SYN Stealth Scan" time="1688073954" percent="13.21" remaining="14" etc="1688073967"/>
<taskprogress task="SYN Stealth Scan" time="1688073957" percent="30.70" remaining="12" etc="1688073968"/>
<taskprogress task="SYN Stealth Scan" time="1688073960" percent="47.22" remaining="9" etc="1688073969"/>
<taskprogress task="SYN Stealth Scan" time="1688073963" percent="65.80" remaining="6" etc="1688073969"/>
<taskprogress task="SYN Stealth Scan" time="1688073966" percent="84.28" remaining="3" etc="1688073969"/>
<taskprogress task="Service scan" time="1688073975" percent="15.00" remaining="34" etc="1688074009"/>
<taskprogress task="Service scan" time="1688073980" percent="55.00" remaining="10" etc="1688073989"/>
<taskprogress task="Service scan" time="1688073985" percent="85.00" remaining="3" etc="1688073988"/>
<taskprogress task="Service scan" time="1688073986" percent="85.00" remaining="4" etc="1688073989"/>
<taskprogress task="Service scan" time="1688073990" percent="85.00" remaining="4" etc="1688073994"/>
<taskprogress task="Service scan" time="1688073991" percent="85.00" remaining="4" etc="1688073995"/>
<taskprogress task="Service scan" time="1688073995" percent="85.00" remaining="5" etc="1688074000"/>
<taskprogress task="Service scan" time="1688073998" percent="85.00" remaining="6" etc="1688074003"/>
<taskprogress task="Service scan" time="1688074002" percent="85.00" remaining="6" etc="1688074008"/>
<taskprogress task="Service scan" time="1688074008" percent="90.00" remaining="5" etc="1688074012"/>
<taskprogress task="Service scan" time="1688074008" percent="90.00" remaining="5" etc="1688074012"/>
<taskprogress task="Service scan" time="1688074013" percent="90.00" remaining="5" etc="1688074018"/>
<taskprogress task="Service scan" time="1688074014" percent="90.00" remaining="6" etc="1688074019"/>
<taskprogress task="Service scan" time="1688074018" percent="90.00" remaining="6" etc="1688074023"/>
<taskprogress task="Service scan" time="1688074020" percent="90.00" remaining="6" etc="1688074026"/>
<taskprogress task="Service scan" time="1688074026" percent="90.00" remaining="7" etc="1688074032"/>
<taskprogress task="Service scan" time="1688074028" percent="90.00" remaining="7" etc="1688074035"/>
<taskprogress task="Service scan" time="1688074031" percent="90.00" remaining="7" etc="1688074038"/>
<taskprogress task="Service scan" time="1688074033" percent="90.00" remaining="8" etc="1688074040"/>
<taskprogress task="Service scan" time="1688074036" percent="90.00" remaining="8" etc="1688074043"/>
<taskprogress task="Service scan" time="1688074043" percent="95.00" remaining="4" etc="1688074047"/>
<taskprogress task="Service scan" time="1688074048" percent="95.00" remaining="5" etc="1688074052"/>
<taskprogress task="Service scan" time="1688074053" percent="95.00" remaining="5" etc="1688074057"/>
<taskprogress task="Service scan" time="1688074058" percent="95.00" remaining="5" etc="1688074063"/>
<taskprogress task="Service scan" time="1688074063" percent="95.00" remaining="5" etc="1688074068"/>
<taskprogress task="Service scan" time="1688074068" percent="95.00" remaining="6" etc="1688074073"/>
<taskprogress task="Service scan" time="1688074073" percent="95.00" remaining="6" etc="1688074078"/>
<taskprogress task="Service scan" time="1688074078" percent="95.00" remaining="6" etc="1688074084"/>
<taskprogress task="Service scan" time="1688074083" percent="95.00" remaining="6" etc="1688074089"/>
<taskprogress task="Service scan" time="1688074088" percent="95.00" remaining="7" etc="1688074094"/>
<taskprogress task="Service scan" time="1688074093" percent="95.00" remaining="7" etc="1688074100"/>
<taskprogress task="Service scan" time="1688074098" percent="100.00" remaining="0" etc="1688074098"/>
<taskprogress task="NSE" time="1688074098" percent="99.88" remaining="0" etc="1688074098"/>
<host starttime="1688073952" endtime="1688074101"><status state="up" reason="user-set" reason_ttl="0"/>
<address addr="172.17.207.92" addrtype="ipv4"/>
<hostnames>
<hostname name="bnoposb1esb-a" type="user"/>
</hostnames>
<ports><extraports state="closed" count="65514">
<extrareasons reason="reset" count="65514" proto="tcp" ports="1-21,23-110,112,114-1999,2001-5059,5061-5556,5558-7000,7002,7006-7573,7575-10522,10524-22635,22637-26924,26926-30691,30693-33220,33222-35754,35756-47999,48002-48006,48009-65535"/>
</extraports>
<extraports state="filtered" count="1">
<extrareasons reason="no-response" count="1" proto="tcp" ports="113"/>
</extraports>
<port protocol="tcp" portid="22"><state state="open" reason="syn-ack" reason_ttl="60"/><service name="ssh" product="OpenSSH" version="7.4" extrainfo="protocol 2.0" method="probed" conf="10"><cpe>cpe:/a:openbsd:openssh:7.4</cpe></service></port>
<port protocol="tcp" portid="111"><state state="open" reason="syn-ack" reason_ttl="60"/><service name="rpcbind" version="2-4" extrainfo="RPC #100000" method="probed" conf="10"/></port>
<port protocol="tcp" portid="2000"><state state="open" reason="syn-ack" reason_ttl="64"/><service name="tcpwrapped" method="probed" conf="8"/></port>
<port protocol="tcp" portid="5060"><state state="open" reason="syn-ack" reason_ttl="64"/><service name="tcpwrapped" method="probed" conf="8"/></port>
<port protocol="tcp" portid="5557"><state state="open" reason="syn-ack" reason_ttl="60"/><service name="farenet" servicefp="SF-Port5557-TCP:V=7.93%T=SSL%I=7%D=6/29%Time=649DF707%P=i686-pc-windows-windows%r(GetRequest,3E,&quot;\0:-ERR\x20Error\x20reading\x20from\x20socket:\x20Unknown\x20protocol\x20exception\0\0&quot;)%r(HTTPOptions,3E,&quot;\0:-ERR\x20Error\x20reading\x20from\x20socket:\x20Unknown\x20protocol\x20exception\0\0&quot;)%r(RTSPRequest,3E,&quot;\0:-ERR\x20Error\x20reading\x20from\x20socket:\x20Unknown\x20protocol\x20exception\0\0&quot;)%r(RPCCheck,3E,&quot;\0:-ERR\x20Error\x20reading\x20from\x20socket:\x20Unknown\x20protocol\x20exception\0\0&quot;)%r(Help,3E,&quot;\0:-ERR\x20Error\x20reading\x20from\x20socket:\x20Unknown\x20protocol\x20exception\0\0&quot;)%r(SSLSessionReq,3E,&quot;\0:-ERR\x20Error\x20reading\x20from\x20socket:\x20Unknown\x20protocol\x20exception\0\0&quot;)%r(TLSSessionReq,3E,&quot;\0:-ERR\x20Error\x20reading\x20from\x20socket:\x20Unknown\x20protocol\x20exception\0\0&quot;)%r(Kerberos,AE,&quot;\0\xaa-ERR\x20Error\x20reading\x20from\x20socket:\x20Received\x20java\.io\.IOException\x20but\x20without\x20detailed\x20error\x20message\.\x20Please\x20enable\x20Node\x20Manager\x20debug\x20to\x20see\x20the\x20full\x20stack\x20trace\x20if\x20necessary\0\0&quot;)%r(SMBProgNeg,AE,&quot;\0\xaa-ERR\x20Error\x20reading\x20from\x20socket:\x20Received\x20java\.io\.IOException\x20but\x20without\x20detailed\x20error\x20message\.\x20Please\x20enable\x20Node\x20Manager\x20debug\x20to\x20see\x20the\x20full\x20stack\x20trace\x20if\x20necessary\0\0&quot;)%r(X11Probe,3E,&quot;\0:-ERR\x20Error\x20reading\x20from\x20socket:\x20Unknown\x20protocol\x20exception\0\0&quot;)%r(FourOhFourRequest,3E,&quot;\0:-ERR\x20Error\x20reading\x20from\x20socket:\x20Unknown\x20protocol\x20exception\0\0&quot;)%r(LDAPSearchReq,3E,&quot;\0:-ERR\x20Error\x20reading\x20from\x20socket:\x20Unknown\x20protocol\x20exception\0\0&quot;)%r(LDAPBindReq,3E,&quot;\0:-ERR\x20Error\x20reading\x20from\x20socket:\x20Unknown\x20protocol\x20exception\0\0&quot;)%r(SIPOptions,3E,&quot;\0:-ERR\x20Error\x20reading\x20from\x20socket:\x20Unknown\x20protocol\x20exception\0\0&quot;)%r(LANDesk-RC,3E,&quot;\0:-ERR\x20Error\x20reading\x20from\x20socket:\x20Unknown\x20protocol\x20exception\0\0&quot;)%r(NCP,3E,&quot;\0:-ERR\x20Error\x20reading\x20from\x20socket:\x20Unknown\x20protocol\x20exception\0\0&quot;);" tunnel="ssl" method="table" conf="3"/></port>
<port protocol="tcp" portid="7001"><state state="open" reason="syn-ack" reason_ttl="60"/><service name="http" product="Oracle WebLogic admin httpd" version="12.2.1.3" extrainfo="T3 enabled" method="probed" conf="10"><cpe>cpe:/a:oracle:weblogic_server</cpe></service></port>
<port protocol="tcp" portid="7003"><state state="open" reason="syn-ack" reason_ttl="60"/><service name="http" product="Oracle WebLogic admin httpd" version="12.2.1.3" extrainfo="T3 enabled" method="probed" conf="10"><cpe>cpe:/a:oracle:weblogic_server</cpe></service></port>
<port protocol="tcp" portid="7004"><state state="open" reason="syn-ack" reason_ttl="60"/><service name="http" product="Oracle WebLogic admin httpd" version="12.2.1.3" extrainfo="T3 enabled" method="probed" conf="10"><cpe>cpe:/a:oracle:weblogic_server</cpe></service></port>
<port protocol="tcp" portid="7005"><state state="open" reason="syn-ack" reason_ttl="60"/><service name="giop" servicefp="SF-Port7005-TCP:V=7.93%I=7%D=6/29%Time=649DF6FC%P=i686-pc-windows-windows%r(GetRequest,272,&quot;HTTP/1\.1\x20200\x20OK\r\nConnection:\x20close\r\nDate:\x20Thu,\x2029\x20Jun\x202023\x2021:26:20\x20GMT\r\nContent-Length:\x20293\r\nContent-Type:\x20text/html;\x20charset=ISO-8859-1\r\nX-ORACLE-DMS-ECID:\x20e552c981-40f9-4cc0-aab9-8cfcac437631-0001ad54\r\nX-ORACLE-DMS-RID:\x200\r\nSet-Cookie:\x20JSESSIONID=wiQJDMkfHFeCXBqdgYfsn0eubt8JNVMoO9IzljghM2_8Y5blpY8R!972127544;\x20path=/;\x20HttpOnly\r\n\r\n&lt;html&gt;\r\n&lt;head&gt;\r\n&lt;meta\x20http-equiv=\&quot;Refresh\&quot;\r\n\tcontent=\&quot;3;url=/Banobras/Tecnico/NotificacionEmail\&quot;&gt;\r\n&lt;/head&gt;\r\n\r\n&lt;body&gt;\r\n\t&lt;p&gt;\r\n\t\tRedireccionando\x20en\x20tres\x20segundos\.\x20En\x20caso\x20contrario,\x20puedes\x20acceder\r\n\t\thaciendo\x20click\x20&lt;a\x20href=\&quot;/Banobras/Tecnico/NotificacionEmail\&quot;&gt;aqui&lt;/a&gt;\r\n\t&lt;/p&gt;\r\n&lt;/body&gt;\r\n&lt;/html&gt;\r\n&quot;)%r(HTTPOptions,272,&quot;HTTP/1\.1\x20200\x20OK\r\nConnection:\x20close\r\nDate:\x20Thu,\x2029\x20Jun\x202023\x2021:26:20\x20GMT\r\nContent-Length:\x20293\r\nContent-Type:\x20text/html;\x20charset=ISO-8859-1\r\nX-ORACLE-DMS-ECID:\x20e552c981-40f9-4cc0-aab9-8cfcac437631-0001ad55\r\nX-ORACLE-DMS-RID:\x200\r\nSet-Cookie:\x20JSESSIONID=UlcJDMlX31fkpFZv01kt_OP4-KB6wHZDMeWwVgNtKWUyDtMjFXeB!972127544;\x20path=/;\x20HttpOnly\r\n\r\n&lt;html&gt;\r\n&lt;head&gt;\r\n&lt;meta\x20http-equiv=\&quot;Refresh\&quot;\r\n\tcontent=\&quot;3;url=/Banobras/Tecnico/NotificacionEmail\&quot;&gt;\r\n&lt;/head&gt;\r\n\r\n&lt;body&gt;\r\n\t&lt;p&gt;\r\n\t\tRedireccionando\x20en\x20tres\x20segundos\.\x20En\x20caso\x20contrario,\x20puedes\x20acceder\r\n\t\thaciendo\x20click\x20&lt;a\x20href=\&quot;/Banobras/Tecnico/NotificacionEmail\&quot;&gt;aqui&lt;/a&gt;\r\n\t&lt;/p&gt;\r\n&lt;/body&gt;\r\n&lt;/html&gt;\r\n&quot;)%r(RTSPRequest,163,&quot;HTTP/1\.1\x20505\x20HTTP\x20Version\x20not\x20supported\r\nConnection:\x20close\r\nDate:\x20Thu,\x2029\x20Jun\x202023\x2021:26:20\x20GMT\r\nContent-Length:\x200\r\nContent-Type:\x20text/html;\x20charset=ISO-8859-1\r\nX-ORACLE-DMS-ECID:\x20e552c981-40f9-4cc0-aab9-8cfcac437631-0001ad56\r\nX-ORACLE-DMS-RID:\x200\r\nSet-Cookie:\x20JSESSIONID=vCYJDMm_hUA-YOB1Q-AmOH94tF0KRU0nO1xRFnlgpWUzl2RRMO6R!972127544;\x20path=/;\x20HttpOnly\r\n\r\n&quot;);" method="probed" conf="10"/></port>
<port protocol="tcp" portid="7574"><state state="open" reason="syn-ack" reason_ttl="60"/><service name="coherence" method="table" conf="3"/></port>
<port protocol="tcp" portid="10523"><state state="open" reason="syn-ack" reason_ttl="60"/></port>
<port protocol="tcp" portid="22636"><state state="open" reason="syn-ack" reason_ttl="60"/><service name="java-rmi" product="Java RMI" method="probed" conf="10"/></port>
<port protocol="tcp" portid="26925"><state state="open" reason="syn-ack" reason_ttl="60"/></port>
<port protocol="tcp" portid="30692"><state state="open" reason="syn-ack" reason_ttl="60"/><service name="java-rmi" product="Java RMI" method="probed" conf="10"/></port>
<port protocol="tcp" portid="33221"><state state="open" reason="syn-ack" reason_ttl="60"/><service name="unknown" servicefp="SF-Port33221-TCP:V=7.93%I=7%D=6/29%Time=649DF713%P=i686-pc-windows-windows%r(giop,30,&quot;\x01\0\0\0\0\0\0\0\$\0\0\0\x08\x02\x12\x2090248aa2b61d44baabf069803b6e5a53&quot;);" method="table" conf="3"/></port>
<port protocol="tcp" portid="35755"><state state="open" reason="syn-ack" reason_ttl="60"/></port>
<port protocol="tcp" portid="48000"><state state="open" reason="syn-ack" reason_ttl="60"/><service name="nimcontroller" method="table" conf="3"/></port>
<port protocol="tcp" portid="48001"><state state="open" reason="syn-ack" reason_ttl="60"/><service name="nimspooler" method="table" conf="3"/></port>
<port protocol="tcp" portid="48007"><state state="open" reason="syn-ack" reason_ttl="60"/></port>
<port protocol="tcp" portid="48008"><state state="open" reason="syn-ack" reason_ttl="60"/><service name="unknown" tunnel="ssl" method="table" conf="3"/></port>
</ports>
<times srtt="9612" rttvar="2271" to="280000"/>
</host>
<runstats><finished time="1688074101" timestr="Thu Jun 29 15:28:21 2023" summary="Nmap done at Thu Jun 29 15:28:21 2023; 1 IP address (1 host up) scanned in 150.20 seconds" elapsed="150.20" exit="success"/><hosts up="1" down="0" total="1"/>
</runstats>
</nmaprun>
