<?xml version="1.0" encoding="UTF-8"?>
<!DOCTYPE nmaprun>
<?xml-stylesheet href="file:///C:/Program Files (x86)/Nmap/nmap.xsl" type="text/xsl"?>
<!-- Nmap 7.93 scan initiated Thu Jun 29 15:20:15 2023 as: &quot;C:\\Program Files (x86)\\Nmap\\nmap.exe&quot; -Pn -sS -p- -sV -n -&#45;min-rate 5432 -&#45;open -&#45;stats-every 3s -&#45;host-timeout 120m -&#45;initial-rtt-timeout 315ms -&#45;min-rtt-timeout 280ms -&#45;max-rtt-timeout 350ms -&#45;max-retries 1 -&#45;max-scan-delay 0 -oA outputs\\bnopindeval-a bnopindeval-a -->
<nmaprun scanner="nmap" args="&quot;C:\\Program Files (x86)\\Nmap\\nmap.exe&quot; -Pn -sS -p- -sV -n -&#45;min-rate 5432 -&#45;open -&#45;stats-every 3s -&#45;host-timeout 120m -&#45;initial-rtt-timeout 315ms -&#45;min-rtt-timeout 280ms -&#45;max-rtt-timeout 350ms -&#45;max-retries 1 -&#45;max-scan-delay 0 -oA outputs\\bnopindeval-a bnopindeval-a" start="1688073615" startstr="Thu Jun 29 15:20:15 2023" version="7.93" xmloutputversion="1.05">
<scaninfo type="syn" protocol="tcp" numservices="65535" services="1-65535"/>
<verbose level="0"/>
<debugging level="0"/>
<taskprogress task="SYN Stealth Scan" time="1688073618" percent="2.44" remaining="41" etc="1688073658"/>
<taskprogress task="SYN Stealth Scan" time="1688073621" percent="7.49" remaining="50" etc="1688073670"/>
<taskprogress task="SYN Stealth Scan" time="1688073624" percent="12.54" remaining="49" etc="1688073673"/>
<taskprogress task="SYN Stealth Scan" time="1688073627" percent="17.70" remaining="47" etc="1688073674"/>
<taskprogress task="SYN Stealth Scan" time="1688073630" percent="22.94" remaining="44" etc="1688073674"/>
<taskprogress task="SYN Stealth Scan" time="1688073633" percent="28.05" remaining="42" etc="1688073674"/>
<taskprogress task="SYN Stealth Scan" time="1688073636" percent="33.06" remaining="39" etc="1688073674"/>
<taskprogress task="SYN Stealth Scan" time="1688073639" percent="38.32" remaining="36" etc="1688073674"/>
<taskprogress task="SYN Stealth Scan" time="1688073642" percent="43.48" remaining="33" etc="1688073674"/>
<taskprogress task="SYN Stealth Scan" time="1688073645" percent="48.93" remaining="30" etc="1688073674"/>
<taskprogress task="SYN Stealth Scan" time="1688073648" percent="55.01" remaining="26" etc="1688073673"/>
<taskprogress task="SYN Stealth Scan" time="1688073651" percent="64.25" remaining="19" etc="1688073670"/>
<taskprogress task="SYN Stealth Scan" time="1688073654" percent="73.42" remaining="14" etc="1688073667"/>
<taskprogress task="SYN Stealth Scan" time="1688073657" percent="82.64" remaining="9" etc="1688073665"/>
<taskprogress task="SYN Stealth Scan" time="1688073660" percent="92.32" remaining="4" etc="1688073664"/>
<taskprogress task="Service scan" time="1688073663" percent="3.33" remaining="0" etc="1688073663"/>
<taskprogress task="Service scan" time="1688073668" percent="3.33" remaining="146" etc="1688073813"/>
<taskprogress task="Service scan" time="1688073669" percent="3.33" remaining="174" etc="1688073843"/>
<taskprogress task="Service scan" time="1688073673" percent="26.67" remaining="28" etc="1688073701"/>
<taskprogress task="Service scan" time="1688073675" percent="40.00" remaining="18" etc="1688073693"/>
<taskprogress task="Service scan" time="1688073679" percent="40.00" remaining="24" etc="1688073703"/>
<taskprogress task="Service scan" time="1688073682" percent="40.00" remaining="29" etc="1688073711"/>
<taskprogress task="Service scan" time="1688073684" percent="40.00" remaining="32" etc="1688073716"/>
<taskprogress task="Service scan" time="1688073687" percent="43.33" remaining="32" etc="1688073718"/>
<taskprogress task="Service scan" time="1688073690" percent="56.67" remaining="21" etc="1688073711"/>
<taskprogress task="Service scan" time="1688073694" percent="56.67" remaining="24" etc="1688073718"/>
<taskprogress task="Service scan" time="1688073697" percent="56.67" remaining="26" etc="1688073723"/>
<taskprogress task="Service scan" time="1688073699" percent="60.00" remaining="24" etc="1688073723"/>
<taskprogress task="Service scan" time="1688073704" percent="60.00" remaining="28" etc="1688073731"/>
<taskprogress task="Service scan" time="1688073705" percent="60.00" remaining="28" etc="1688073733"/>
<taskprogress task="Service scan" time="1688073708" percent="60.00" remaining="30" etc="1688073738"/>
<taskprogress task="Service scan" time="1688073712" percent="60.00" remaining="33" etc="1688073745"/>
<taskprogress task="Service scan" time="1688073714" percent="60.00" remaining="34" etc="1688073748"/>
<taskprogress task="Service scan" time="1688073718" percent="63.33" remaining="32" etc="1688073750"/>
<taskprogress task="Service scan" time="1688073722" percent="63.33" remaining="35" etc="1688073756"/>
<taskprogress task="Service scan" time="1688073723" percent="76.67" remaining="19" etc="1688073741"/>
<taskprogress task="Service scan" time="1688073727" percent="86.67" remaining="10" etc="1688073737"/>
<taskprogress task="Service scan" time="1688073729" percent="93.33" remaining="5" etc="1688073734"/>
<taskprogress task="Service scan" time="1688073734" percent="93.33" remaining="6" etc="1688073739"/>
<taskprogress task="Service scan" time="1688073737" percent="93.33" remaining="6" etc="1688073742"/>
<taskprogress task="Service scan" time="1688073739" percent="93.33" remaining="6" etc="1688073744"/>
<taskprogress task="Service scan" time="1688073742" percent="93.33" remaining="6" etc="1688073748"/>
<taskprogress task="Service scan" time="1688073744" percent="93.33" remaining="6" etc="1688073750"/>
<taskprogress task="Service scan" time="1688073749" percent="93.33" remaining="7" etc="1688073755"/>
<taskprogress task="Service scan" time="1688073752" percent="93.33" remaining="7" etc="1688073758"/>
<taskprogress task="Service scan" time="1688073754" percent="93.33" remaining="7" etc="1688073761"/>
<taskprogress task="Service scan" time="1688073757" percent="93.33" remaining="7" etc="1688073764"/>
<taskprogress task="Service scan" time="1688073759" percent="93.33" remaining="7" etc="1688073766"/>
<taskprogress task="Service scan" time="1688073764" percent="93.33" remaining="8" etc="1688073771"/>
<taskprogress task="Service scan" time="1688073767" percent="93.33" remaining="8" etc="1688073774"/>
<taskprogress task="Service scan" time="1688073769" percent="93.33" remaining="8" etc="1688073777"/>
<taskprogress task="Service scan" time="1688073772" percent="93.33" remaining="8" etc="1688073780"/>
<taskprogress task="Service scan" time="1688073774" percent="93.33" remaining="8" etc="1688073782"/>
<taskprogress task="Service scan" time="1688073779" percent="93.33" remaining="9" etc="1688073787"/>
<taskprogress task="Service scan" time="1688073784" percent="93.33" remaining="9" etc="1688073793"/>
<taskprogress task="Service scan" time="1688073789" percent="93.33" remaining="10" etc="1688073798"/>
<taskprogress task="Service scan" time="1688073794" percent="93.33" remaining="10" etc="1688073803"/>
<taskprogress task="Service scan" time="1688073799" percent="93.33" remaining="10" etc="1688073809"/>
<taskprogress task="Service scan" time="1688073804" percent="93.33" remaining="11" etc="1688073814"/>
<taskprogress task="Service scan" time="1688073809" percent="93.33" remaining="11" etc="1688073819"/>
<taskprogress task="Service scan" time="1688073814" percent="93.33" remaining="11" etc="1688073825"/>
<taskprogress task="Service scan" time="1688073819" percent="96.67" remaining="6" etc="1688073824"/>
<taskprogress task="Service scan" time="1688073824" percent="100.00" remaining="0" etc="1688073824"/>
<taskprogress task="NSE" time="1688073825" percent="99.77" remaining="1" etc="1688073825"/>
<taskprogress task="NSE" time="1688073828" percent="99.77" remaining="1" etc="1688073828"/>
<taskprogress task="NSE" time="1688073831" percent="99.77" remaining="1" etc="1688073831"/>
<taskprogress task="NSE" time="1688073834" percent="80.26" remaining="1" etc="1688073834"/>
<taskprogress task="NSE" time="1688073837" percent="80.26" remaining="1" etc="1688073838"/>
<host starttime="1688073617" endtime="1688073839"><status state="up" reason="user-set" reason_ttl="0"/>
<address addr="172.17.204.7" addrtype="ipv4"/>
<hostnames>
<hostname name="bnopindeval-a" type="user"/>
</hostnames>
<ports><extraports state="filtered" count="65505">
<extrareasons reason="no-response" count="65505" proto="tcp" ports="1-134,136-138,140-444,446-1999,2001-2700,2702-3388,3390-5059,5061-5984,5986-7000,7003-7936,7939-8099,8101-8545,8547-33220,33222-47000,47002-47999,48002-48006,48009-49663,49666-49668,49670,49672-49675,49677-49689,49691-49695,49697-58949,58951-65202,65205-65535"/>
</extraports>
<port protocol="tcp" portid="135"><state state="open" reason="syn-ack" reason_ttl="124"/><service name="msrpc" product="Microsoft Windows RPC" ostype="Windows" method="probed" conf="10"><cpe>cpe:/o:microsoft:windows</cpe></service></port>
<port protocol="tcp" portid="139"><state state="open" reason="syn-ack" reason_ttl="124"/><service name="netbios-ssn" product="Microsoft Windows netbios-ssn" ostype="Windows" method="probed" conf="10"><cpe>cpe:/o:microsoft:windows</cpe></service></port>
<port protocol="tcp" portid="445"><state state="open" reason="syn-ack" reason_ttl="124"/><service name="microsoft-ds" method="table" conf="3"/></port>
<port protocol="tcp" portid="2000"><state state="open" reason="syn-ack" reason_ttl="64"/><service name="cisco-sccp" method="table" conf="3"/></port>
<port protocol="tcp" portid="2701"><state state="open" reason="syn-ack" reason_ttl="124"/><service name="cmrcservice" product="Microsoft Configuration Manager Remote Control service" extrainfo="CmRcService.exe" ostype="Windows" method="probed" conf="10"><cpe>cpe:/a:microsoft:systems_management_server</cpe><cpe>cpe:/o:microsoft:windows</cpe></service></port>
<port protocol="tcp" portid="3389"><state state="open" reason="syn-ack" reason_ttl="124"/><service name="ms-wbt-server" product="Microsoft Terminal Services" ostype="Windows" method="probed" conf="10"><cpe>cpe:/o:microsoft:windows</cpe></service></port>
<port protocol="tcp" portid="5060"><state state="open" reason="syn-ack" reason_ttl="64"/><service name="sip" method="table" conf="3"/></port>
<port protocol="tcp" portid="5985"><state state="open" reason="syn-ack" reason_ttl="124"/><service name="http" product="Microsoft HTTPAPI httpd" version="2.0" extrainfo="SSDP/UPnP" ostype="Windows" method="probed" conf="10"><cpe>cpe:/o:microsoft:windows</cpe></service></port>
<port protocol="tcp" portid="7001"><state state="open" reason="syn-ack" reason_ttl="124"/><service name="http" product="Oracle WebLogic admin httpd" version="12.1.3.0" extrainfo="T3 enabled" method="probed" conf="10"><cpe>cpe:/a:oracle:weblogic_server</cpe></service></port>
<port protocol="tcp" portid="7002"><state state="open" reason="syn-ack" reason_ttl="124"/><service name="http" product="Oracle WebLogic admin httpd" tunnel="ssl" method="probed" conf="10"><cpe>cpe:/a:oracle:weblogic_server</cpe></service></port>
<port protocol="tcp" portid="7937"><state state="open" reason="syn-ack" reason_ttl="124"/><service name="nsrexec" version="1" extrainfo="RPC #390113" method="probed" conf="10"/></port>
<port protocol="tcp" portid="7938"><state state="open" reason="syn-ack" reason_ttl="124"/><service name="rpcbind" version="2" extrainfo="RPC #100000" method="probed" conf="10"/></port>
<port protocol="tcp" portid="8100"><state state="open" reason="syn-ack" reason_ttl="124"/><service name="rpcbind" method="probed" conf="10"/></port>
<port protocol="tcp" portid="8546"><state state="open" reason="syn-ack" reason_ttl="124"/><service name="rpcbind" method="probed" conf="10"/></port>
<port protocol="tcp" portid="33221"><state state="open" reason="syn-ack" reason_ttl="124"/><service name="unknown" servicefp="SF-Port33221-TCP:V=7.93%I=7%D=6/29%Time=649DF5E2%P=i686-pc-windows-windows%r(giop,30,&quot;\x01\0\0\0\0\0\0\0\$\0\0\0\x08\x02\x12\x20a68cdc787ecf4a7ea80e5bed44a635ce&quot;);" method="table" conf="3"/></port>
<port protocol="tcp" portid="47001"><state state="open" reason="syn-ack" reason_ttl="124"/><service name="http" product="Microsoft HTTPAPI httpd" version="2.0" extrainfo="SSDP/UPnP" ostype="Windows" method="probed" conf="10"><cpe>cpe:/o:microsoft:windows</cpe></service></port>
<port protocol="tcp" portid="48000"><state state="open" reason="syn-ack" reason_ttl="124"/><service name="nimcontroller" method="table" conf="3"/></port>
<port protocol="tcp" portid="48001"><state state="open" reason="syn-ack" reason_ttl="124"/><service name="nimspooler" method="table" conf="3"/></port>
<port protocol="tcp" portid="48007"><state state="open" reason="syn-ack" reason_ttl="124"/></port>
<port protocol="tcp" portid="48008"><state state="open" reason="syn-ack" reason_ttl="124"/><service name="unknown" tunnel="ssl" method="table" conf="3"/></port>
<port protocol="tcp" portid="49664"><state state="open" reason="syn-ack" reason_ttl="124"/><service name="msrpc" product="Microsoft Windows RPC" ostype="Windows" method="probed" conf="10"><cpe>cpe:/o:microsoft:windows</cpe></service></port>
<port protocol="tcp" portid="49665"><state state="open" reason="syn-ack" reason_ttl="124"/><service name="msrpc" product="Microsoft Windows RPC" ostype="Windows" method="probed" conf="10"><cpe>cpe:/o:microsoft:windows</cpe></service></port>
<port protocol="tcp" portid="49669"><state state="open" reason="syn-ack" reason_ttl="124"/><service name="msrpc" product="Microsoft Windows RPC" ostype="Windows" method="probed" conf="10"><cpe>cpe:/o:microsoft:windows</cpe></service></port>
<port protocol="tcp" portid="49671"><state state="open" reason="syn-ack" reason_ttl="124"/><service name="msrpc" product="Microsoft Windows RPC" ostype="Windows" method="probed" conf="10"><cpe>cpe:/o:microsoft:windows</cpe></service></port>
<port protocol="tcp" portid="49676"><state state="open" reason="syn-ack" reason_ttl="124"/><service name="msrpc" product="Microsoft Windows RPC" ostype="Windows" method="probed" conf="10"><cpe>cpe:/o:microsoft:windows</cpe></service></port>
<port protocol="tcp" portid="49690"><state state="open" reason="syn-ack" reason_ttl="124"/><service name="msrpc" product="Microsoft Windows RPC" ostype="Windows" method="probed" conf="10"><cpe>cpe:/o:microsoft:windows</cpe></service></port>
<port protocol="tcp" portid="49696"><state state="open" reason="syn-ack" reason_ttl="124"/><service name="msrpc" product="Microsoft Windows RPC" ostype="Windows" method="probed" conf="10"><cpe>cpe:/o:microsoft:windows</cpe></service></port>
<port protocol="tcp" portid="58950"><state state="open" reason="syn-ack" reason_ttl="124"/><service name="msrpc" product="Microsoft Windows RPC" ostype="Windows" method="probed" conf="10"><cpe>cpe:/o:microsoft:windows</cpe></service></port>
<port protocol="tcp" portid="65203"><state state="open" reason="syn-ack" reason_ttl="124"/><service name="msrpc" product="Microsoft Windows RPC" ostype="Windows" method="probed" conf="10"><cpe>cpe:/o:microsoft:windows</cpe></service></port>
<port protocol="tcp" portid="65204"><state state="open" reason="syn-ack" reason_ttl="124"/><service name="msrpc" product="Microsoft Windows RPC" ostype="Windows" method="probed" conf="10"><cpe>cpe:/o:microsoft:windows</cpe></service></port>
</ports>
<times srtt="27932" rttvar="12157" to="280000"/>
</host>
<runstats><finished time="1688073839" timestr="Thu Jun 29 15:23:59 2023" summary="Nmap done at Thu Jun 29 15:23:59 2023; 1 IP address (1 host up) scanned in 223.76 seconds" elapsed="223.76" exit="success"/><hosts up="1" down="0" total="1"/>
</runstats>
</nmaprun>
