<?xml version="1.0" encoding="UTF-8"?>
<!DOCTYPE nmaprun>
<?xml-stylesheet href="file:///C:/Program Files (x86)/Nmap/nmap.xsl" type="text/xsl"?>
<!-- Nmap 7.93 scan initiated Thu Jun 29 15:27:49 2023 as: &quot;C:\\Program Files (x86)\\Nmap\\nmap.exe&quot; -Pn -sS -p- -sV -n -&#45;min-rate 5432 -&#45;open -&#45;stats-every 3s -&#45;host-timeout 120m -&#45;initial-rtt-timeout 315ms -&#45;min-rtt-timeout 280ms -&#45;max-rtt-timeout 350ms -&#45;max-retries 1 -&#45;max-scan-delay 0 -oA outputs\\bnopcartera-a bnopcartera-a -->
<nmaprun scanner="nmap" args="&quot;C:\\Program Files (x86)\\Nmap\\nmap.exe&quot; -Pn -sS -p- -sV -n -&#45;min-rate 5432 -&#45;open -&#45;stats-every 3s -&#45;host-timeout 120m -&#45;initial-rtt-timeout 315ms -&#45;min-rtt-timeout 280ms -&#45;max-rtt-timeout 350ms -&#45;max-retries 1 -&#45;max-scan-delay 0 -oA outputs\\bnopcartera-a bnopcartera-a" start="1688074069" startstr="Thu Jun 29 15:27:49 2023" version="7.93" xmloutputversion="1.05">
<scaninfo type="syn" protocol="tcp" numservices="65535" services="1-65535"/>
<verbose level="0"/>
<debugging level="0"/>
<taskprogress task="SYN Stealth Scan" time="1688074071" percent="13.82" remaining="13" etc="1688074083"/>
<taskprogress task="SYN Stealth Scan" time="1688074074" percent="31.83" remaining="11" etc="1688074085"/>
<taskprogress task="SYN Stealth Scan" time="1688074077" percent="49.58" remaining="9" etc="1688074085"/>
<taskprogress task="SYN Stealth Scan" time="1688074081" percent="65.99" remaining="7" etc="1688074087"/>
<taskprogress task="SYN Stealth Scan" time="1688074084" percent="81.25" remaining="4" etc="1688074087"/>
<taskprogress task="SYN Stealth Scan" time="1688074087" percent="96.55" remaining="1" etc="1688074088"/>
<taskprogress task="Service scan" time="1688074093" percent="22.73" remaining="21" etc="1688074113"/>
<taskprogress task="Service scan" time="1688074094" percent="63.64" remaining="4" etc="1688074098"/>
<taskprogress task="Service scan" time="1688074098" percent="72.73" remaining="5" etc="1688074102"/>
<taskprogress task="Service scan" time="1688074103" percent="86.36" remaining="3" etc="1688074106"/>
<taskprogress task="Service scan" time="1688074104" percent="86.36" remaining="3" etc="1688074107"/>
<taskprogress task="Service scan" time="1688074107" percent="86.36" remaining="4" etc="1688074110"/>
<taskprogress task="Service scan" time="1688074110" percent="86.36" remaining="4" etc="1688074114"/>
<taskprogress task="Service scan" time="1688074113" percent="86.36" remaining="5" etc="1688074117"/>
<taskprogress task="Service scan" time="1688074118" percent="90.91" remaining="4" etc="1688074121"/>
<taskprogress task="Service scan" time="1688074121" percent="90.91" remaining="4" etc="1688074124"/>
<taskprogress task="Service scan" time="1688074123" percent="90.91" remaining="4" etc="1688074127"/>
<taskprogress task="Service scan" time="1688074126" percent="90.91" remaining="4" etc="1688074130"/>
<taskprogress task="Service scan" time="1688074128" percent="90.91" remaining="5" etc="1688074132"/>
<taskprogress task="Service scan" time="1688074131" percent="90.91" remaining="5" etc="1688074135"/>
<taskprogress task="Service scan" time="1688074139" percent="90.91" remaining="6" etc="1688074144"/>
<taskprogress task="Service scan" time="1688074141" percent="90.91" remaining="6" etc="1688074146"/>
<taskprogress task="Service scan" time="1688074145" percent="90.91" remaining="6" etc="1688074151"/>
<taskprogress task="Service scan" time="1688074150" percent="90.91" remaining="7" etc="1688074156"/>
<taskprogress task="Service scan" time="1688074151" percent="90.91" remaining="7" etc="1688074157"/>
<taskprogress task="Service scan" time="1688074156" percent="90.91" remaining="7" etc="1688074163"/>
<taskprogress task="Service scan" time="1688074161" percent="90.91" remaining="8" etc="1688074168"/>
<taskprogress task="Service scan" time="1688074166" percent="90.91" remaining="8" etc="1688074174"/>
<taskprogress task="Service scan" time="1688074167" percent="90.91" remaining="8" etc="1688074175"/>
<taskprogress task="Service scan" time="1688074171" percent="90.91" remaining="9" etc="1688074179"/>
<taskprogress task="Service scan" time="1688074176" percent="90.91" remaining="9" etc="1688074185"/>
<taskprogress task="Service scan" time="1688074177" percent="90.91" remaining="10" etc="1688074186"/>
<taskprogress task="Service scan" time="1688074181" percent="90.91" remaining="10" etc="1688074190"/>
<taskprogress task="Service scan" time="1688074183" percent="90.91" remaining="10" etc="1688074193"/>
<taskprogress task="Service scan" time="1688074186" percent="90.91" remaining="10" etc="1688074196"/>
<taskprogress task="Service scan" time="1688074191" percent="90.91" remaining="11" etc="1688074201"/>
<taskprogress task="Service scan" time="1688074193" percent="90.91" remaining="11" etc="1688074204"/>
<taskprogress task="Service scan" time="1688074199" percent="90.91" remaining="12" etc="1688074210"/>
<taskprogress task="Service scan" time="1688074201" percent="90.91" remaining="12" etc="1688074212"/>
<taskprogress task="Service scan" time="1688074204" percent="90.91" remaining="12" etc="1688074216"/>
<taskprogress task="Service scan" time="1688074207" percent="90.91" remaining="12" etc="1688074219"/>
<taskprogress task="Service scan" time="1688074209" percent="90.91" remaining="13" etc="1688074221"/>
<taskprogress task="Service scan" time="1688074217" percent="95.45" remaining="7" etc="1688074223"/>
<taskprogress task="Service scan" time="1688074219" percent="100.00" remaining="0" etc="1688074219"/>
<taskprogress task="NSE" time="1688074220" percent="98.20" remaining="1" etc="1688074220"/>
<taskprogress task="NSE" time="1688074223" percent="99.47" remaining="1" etc="1688074223"/>
<taskprogress task="NSE" time="1688074226" percent="99.89" remaining="1" etc="1688074226"/>
<taskprogress task="NSE" time="1688074229" percent="99.89" remaining="1" etc="1688074229"/>
<taskprogress task="NSE" time="1688074232" percent="99.89" remaining="1" etc="1688074232"/>
<taskprogress task="NSE" time="1688074235" percent="99.89" remaining="1" etc="1688074235"/>
<taskprogress task="NSE" time="1688074238" percent="99.89" remaining="1" etc="1688074238"/>
<taskprogress task="NSE" time="1688074241" percent="90.91" remaining="1" etc="1688074241"/>
<host starttime="1688074069" endtime="1688074242"><status state="up" reason="user-set" reason_ttl="0"/>
<address addr="172.17.202.14" addrtype="ipv4"/>
<hostnames>
<hostname name="bnopcartera-a" type="user"/>
</hostnames>
<ports><extraports state="closed" count="65512">
<extrareasons reason="reset" count="65512" proto="tcp" ports="1-79,81-112,114-134,136-138,140-444,446-1024,1026,1029-1999,2001-3281,3283-3388,3390-3692,3694-4442,4444-5059,5061-5499,5501-5665,5667-6049,6051-7499,7501-9008,9010-9089,9091-12488,12490-41522,41524-47000,47002-65535"/>
</extraports>
<extraports state="filtered" count="1">
<extrareasons reason="no-response" count="1" proto="tcp" ports="113"/>
</extraports>
<port protocol="tcp" portid="80"><state state="open" reason="syn-ack" reason_ttl="124"/><service name="http" product="Microsoft IIS httpd" version="6.0" ostype="Windows" method="probed" conf="10"><cpe>cpe:/a:microsoft:internet_information_services:6.0</cpe><cpe>cpe:/o:microsoft:windows</cpe></service></port>
<port protocol="tcp" portid="135"><state state="open" reason="syn-ack" reason_ttl="124"/><service name="msrpc" product="Microsoft Windows RPC" ostype="Windows" method="probed" conf="10"><cpe>cpe:/o:microsoft:windows</cpe></service></port>
<port protocol="tcp" portid="139"><state state="open" reason="syn-ack" reason_ttl="124"/><service name="netbios-ssn" product="Microsoft Windows netbios-ssn" ostype="Windows" method="probed" conf="10"><cpe>cpe:/o:microsoft:windows</cpe></service></port>
<port protocol="tcp" portid="445"><state state="open" reason="syn-ack" reason_ttl="124"/><service name="microsoft-ds" product="Microsoft Windows 2003 or 2008 microsoft-ds" ostype="Windows" method="probed" conf="10"><cpe>cpe:/o:microsoft:windows_server_2003</cpe></service></port>
<port protocol="tcp" portid="1025"><state state="open" reason="syn-ack" reason_ttl="124"/><service name="msrpc" product="Microsoft Windows RPC" ostype="Windows" method="probed" conf="10"><cpe>cpe:/o:microsoft:windows</cpe></service></port>
<port protocol="tcp" portid="1027"><state state="open" reason="syn-ack" reason_ttl="124"/><service name="tcpwrapped" method="probed" conf="8"/></port>
<port protocol="tcp" portid="1028"><state state="open" reason="syn-ack" reason_ttl="124"/><service name="unknown" method="table" conf="3"/></port>
<port protocol="tcp" portid="2000"><state state="open" reason="syn-ack" reason_ttl="64"/><service name="tcpwrapped" method="probed" conf="8"/></port>
<port protocol="tcp" portid="3282"><state state="open" reason="syn-ack" reason_ttl="124"/><service name="http" product="Microsoft IIS httpd" version="6.0" ostype="Windows" method="probed" conf="10"><cpe>cpe:/a:microsoft:internet_information_services:6.0</cpe><cpe>cpe:/o:microsoft:windows</cpe></service></port>
<port protocol="tcp" portid="3389"><state state="open" reason="syn-ack" reason_ttl="124"/><service name="ms-wbt-server" product="Microsoft Terminal Service" ostype="Windows" method="probed" conf="10"><cpe>cpe:/o:microsoft:windows</cpe></service></port>
<port protocol="tcp" portid="3693"><state state="open" reason="syn-ack" reason_ttl="124"/><service name="easl" servicefp="SF-Port3693-TCP:V=7.93%I=7%D=6/29%Time=649DF76D%P=i686-pc-windows-windows%r(NULL,19,&quot;11111Conecci\xf3n\x20completada&quot;)%r(GenericLines,44,&quot;11111Conecci\xf3n\x20completada22222El\x20reporte\x20no\x20se\x20proceso\x20completamente&quot;)%r(GetRequest,44,&quot;11111Conecci\xf3n\x20completada22222El\x20reporte\x20no\x20se\x20proceso\x20completamente&quot;)%r(HTTPOptions,44,&quot;11111Conecci\xf3n\x20completada22222El\x20reporte\x20no\x20se\x20proceso\x20completamente&quot;)%r(RTSPRequest,44,&quot;11111Conecci\xf3n\x20completada22222El\x20reporte\x20no\x20se\x20proceso\x20completamente&quot;)%r(RPCCheck,44,&quot;11111Conecci\xf3n\x20completada22222El\x20reporte\x20no\x20se\x20proceso\x20completamente&quot;)%r(DNSVersionBindReqTCP,44,&quot;11111Conecci\xf3n\x20completada22222El\x20reporte\x20no\x20se\x20proceso\x20completamente&quot;)%r(DNSStatusRequestTCP,44,&quot;11111Conecci\xf3n\x20completada22222El\x20reporte\x20no\x20se\x20proceso\x20completamente&quot;)%r(Help,44,&quot;11111Conecci\xf3n\x20completada22222El\x20reporte\x20no\x20se\x20proceso\x20completamente&quot;)%r(SSLSessionReq,44,&quot;11111Conecci\xf3n\x20completada22222El\x20reporte\x20no\x20se\x20proceso\x20completamente&quot;)%r(TerminalServerCookie,44,&quot;11111Conecci\xf3n\x20completada22222El\x20reporte\x20no\x20se\x20proceso\x20completamente&quot;)%r(TLSSessionReq,44,&quot;11111Conecci\xf3n\x20completada22222El\x20reporte\x20no\x20se\x20proceso\x20completamente&quot;)%r(Kerberos,44,&quot;11111Conecci\xf3n\x20completada22222El\x20reporte\x20no\x20se\x20proceso\x20completamente&quot;)%r(SMBProgNeg,44,&quot;11111Conecci\xf3n\x20completada22222El\x20reporte\x20no\x20se\x20proceso\x20completamente&quot;)%r(X11Probe,44,&quot;11111Conecci\xf3n\x20completada22222El\x20reporte\x20no\x20se\x20proceso\x20completamente&quot;)%r(FourOhFourRequest,44,&quot;11111Conecci\xf3n\x20completada22222El\x20reporte\x20no\x20se\x20proceso\x20completamente&quot;)%r(LPDString,44,&quot;11111Conecci\xf3n\x20completada22222El\x20reporte\x20no\x20se\x20proceso\x20completamente&quot;)%r(LDAPSearchReq,44,&quot;11111Conecci\xf3n\x20completada22222El\x20reporte\x20no\x20se\x20proceso\x20completamente&quot;)%r(LDAPBindReq,44,&quot;11111Conecci\xf3n\x20completada22222El\x20reporte\x20no\x20se\x20proceso\x20completamente&quot;);" method="table" conf="3"/></port>
<port protocol="tcp" portid="4443"><state state="open" reason="syn-ack" reason_ttl="124"/><service name="pharos" tunnel="ssl" method="table" conf="3"/></port>
<port protocol="tcp" portid="5060"><state state="open" reason="syn-ack" reason_ttl="64"/><service name="tcpwrapped" method="probed" conf="8"/></port>
<port protocol="tcp" portid="5500"><state state="open" reason="syn-ack" reason_ttl="124"/><service name="echo" method="probed" conf="10"/></port>
<port protocol="tcp" portid="5666"><state state="open" reason="syn-ack" reason_ttl="124"/><service name="tcpwrapped" method="probed" conf="8"/></port>
<port protocol="tcp" portid="6050"><state state="open" reason="syn-ack" reason_ttl="124"/><service name="arcserve" method="table" conf="3"/></port>
<port protocol="tcp" portid="7500"><state state="open" reason="syn-ack" reason_ttl="124"/><service name="echo" method="probed" conf="10"/></port>
<port protocol="tcp" portid="9009"><state state="open" reason="syn-ack" reason_ttl="124"/><service name="pichat" method="table" conf="3"/></port>
<port protocol="tcp" portid="9090"><state state="open" reason="syn-ack" reason_ttl="124"/><service name="http" product="Apache Tomcat" version="9.0.11" method="probed" conf="10"><cpe>cpe:/a:apache:tomcat:9.0.11</cpe></service></port>
<port protocol="tcp" portid="12489"><state state="open" reason="syn-ack" reason_ttl="124"/><service name="tcpwrapped" method="probed" conf="8"/></port>
<port protocol="tcp" portid="41523"><state state="open" reason="syn-ack" reason_ttl="124"/><service name="arcserve" product="ARCserve Discovery" hostname="BNOPCARTERA-A" method="probed" conf="10"><cpe>cpe:/a:ca:arcserve_client_agent</cpe></service></port>
<port protocol="tcp" portid="47001"><state state="open" reason="syn-ack" reason_ttl="124"/><service name="http" product="Microsoft IIS httpd" ostype="Windows" method="probed" conf="10"><cpe>cpe:/a:microsoft:internet_information_services</cpe><cpe>cpe:/o:microsoft:windows</cpe></service></port>
</ports>
<times srtt="9854" rttvar="2185" to="280000"/>
</host>
<runstats><finished time="1688074242" timestr="Thu Jun 29 15:30:42 2023" summary="Nmap done at Thu Jun 29 15:30:42 2023; 1 IP address (1 host up) scanned in 173.32 seconds" elapsed="173.32" exit="success"/><hosts up="1" down="0" total="1"/>
</runstats>
</nmaprun>
