<?xml version="1.0" encoding="UTF-8"?>
<!DOCTYPE nmaprun>
<?xml-stylesheet href="file:///C:/Program Files (x86)/Nmap/nmap.xsl" type="text/xsl"?>
<!-- Nmap 7.93 scan initiated Thu Jun 29 15:20:18 2023 as: &quot;C:\\Program Files (x86)\\Nmap\\nmap.exe&quot; -Pn -sS -p- -sV -n -&#45;min-rate 5432 -&#45;open -&#45;stats-every 3s -&#45;host-timeout 120m -&#45;initial-rtt-timeout 315ms -&#45;min-rtt-timeout 280ms -&#45;max-rtt-timeout 350ms -&#45;max-retries 1 -&#45;max-scan-delay 0 -oA outputs\\bnopbdikosnet-a bnopbdikosnet-a -->
<nmaprun scanner="nmap" args="&quot;C:\\Program Files (x86)\\Nmap\\nmap.exe&quot; -Pn -sS -p- -sV -n -&#45;min-rate 5432 -&#45;open -&#45;stats-every 3s -&#45;host-timeout 120m -&#45;initial-rtt-timeout 315ms -&#45;min-rtt-timeout 280ms -&#45;max-rtt-timeout 350ms -&#45;max-retries 1 -&#45;max-scan-delay 0 -oA outputs\\bnopbdikosnet-a bnopbdikosnet-a" start="1688073618" startstr="Thu Jun 29 15:20:18 2023" version="7.93" xmloutputversion="1.05">
<scaninfo type="syn" protocol="tcp" numservices="65535" services="1-65535"/>
<verbose level="0"/>
<debugging level="0"/>
<taskprogress task="SYN Stealth Scan" time="1688073621" percent="7.08" remaining="27" etc="1688073647"/>
<taskprogress task="SYN Stealth Scan" time="1688073624" percent="17.03" remaining="25" etc="1688073648"/>
<taskprogress task="SYN Stealth Scan" time="1688073627" percent="27.72" remaining="21" etc="1688073648"/>
<taskprogress task="SYN Stealth Scan" time="1688073630" percent="37.99" remaining="18" etc="1688073648"/>
<taskprogress task="SYN Stealth Scan" time="1688073633" percent="48.13" remaining="16" etc="1688073648"/>
<taskprogress task="SYN Stealth Scan" time="1688073636" percent="58.56" remaining="13" etc="1688073648"/>
<taskprogress task="SYN Stealth Scan" time="1688073639" percent="69.13" remaining="9" etc="1688073648"/>
<taskprogress task="SYN Stealth Scan" time="1688073642" percent="79.01" remaining="7" etc="1688073648"/>
<taskprogress task="SYN Stealth Scan" time="1688073645" percent="89.90" remaining="3" etc="1688073648"/>
<taskprogress task="Service scan" time="1688073654" percent="10.00" remaining="54" etc="1688073708"/>
<taskprogress task="Service scan" time="1688073659" percent="40.00" remaining="17" etc="1688073676"/>
<taskprogress task="Service scan" time="1688073664" percent="45.00" remaining="20" etc="1688073684"/>
<taskprogress task="Service scan" time="1688073666" percent="45.00" remaining="22" etc="1688073688"/>
<taskprogress task="Service scan" time="1688073669" percent="45.00" remaining="26" etc="1688073695"/>
<taskprogress task="Service scan" time="1688073671" percent="45.00" remaining="29" etc="1688073699"/>
<taskprogress task="Service scan" time="1688073674" percent="45.00" remaining="32" etc="1688073706"/>
<taskprogress task="Service scan" time="1688073677" percent="45.00" remaining="36" etc="1688073712"/>
<taskprogress task="Service scan" time="1688073682" percent="45.00" remaining="42" etc="1688073724"/>
<taskprogress task="Service scan" time="1688073686" percent="50.00" remaining="38" etc="1688073724"/>
<taskprogress task="Service scan" time="1688073691" percent="50.00" remaining="44" etc="1688073734"/>
<taskprogress task="Service scan" time="1688073696" percent="50.00" remaining="48" etc="1688073744"/>
<taskprogress task="Service scan" time="1688073701" percent="50.00" remaining="54" etc="1688073754"/>
<host starttime="1688073619" endtime="1688073701"><status state="up" reason="user-set" reason_ttl="0"/>
<address addr="172.17.213.17" addrtype="ipv4"/>
<hostnames>
<hostname name="bnopbdikosnet-a" type="user"/>
</hostnames>
<ports><extraports state="closed" count="65514">
<extrareasons reason="reset" count="65514" proto="tcp" ports="1-112,114-134,136-138,140-444,446-1432,1434-1999,2001-3388,3390-5059,5061-5984,5986-33220,33222-47000,47002-49663,49666-49668,49671-49672,49674-49699,49701-49702,49704-49706,49708-58778,58780-60046,60048-65535"/>
</extraports>
<extraports state="filtered" count="1">
<extrareasons reason="no-response" count="1" proto="tcp" ports="113"/>
</extraports>
<port protocol="tcp" portid="135"><state state="open" reason="syn-ack" reason_ttl="124"/><service name="msrpc" product="Microsoft Windows RPC" ostype="Windows" method="probed" conf="10"><cpe>cpe:/o:microsoft:windows</cpe></service></port>
<port protocol="tcp" portid="139"><state state="open" reason="syn-ack" reason_ttl="124"/><service name="netbios-ssn" product="Microsoft Windows netbios-ssn" ostype="Windows" method="probed" conf="10"><cpe>cpe:/o:microsoft:windows</cpe></service></port>
<port protocol="tcp" portid="445"><state state="open" reason="syn-ack" reason_ttl="124"/><service name="microsoft-ds" method="table" conf="3"/></port>
<port protocol="tcp" portid="1433"><state state="open" reason="syn-ack" reason_ttl="124"/><service name="ms-sql-s" product="Microsoft SQL Server 2019" version="15.00.2000" method="probed" conf="10"><cpe>cpe:/a:microsoft:sql_server:2019</cpe></service></port>
<port protocol="tcp" portid="2000"><state state="open" reason="syn-ack" reason_ttl="64"/><service name="tcpwrapped" method="probed" conf="8"/></port>
<port protocol="tcp" portid="3389"><state state="open" reason="syn-ack" reason_ttl="124"/><service name="ms-wbt-server" product="Microsoft Terminal Services" ostype="Windows" method="probed" conf="10"><cpe>cpe:/o:microsoft:windows</cpe></service></port>
<port protocol="tcp" portid="5060"><state state="open" reason="syn-ack" reason_ttl="64"/><service name="tcpwrapped" method="probed" conf="8"/></port>
<port protocol="tcp" portid="5985"><state state="open" reason="syn-ack" reason_ttl="124"/><service name="http" product="Microsoft HTTPAPI httpd" version="2.0" extrainfo="SSDP/UPnP" ostype="Windows" method="probed" conf="10"><cpe>cpe:/o:microsoft:windows</cpe></service></port>
<port protocol="tcp" portid="33221"><state state="open" reason="syn-ack" reason_ttl="124"/><service name="unknown" servicefp="SF-Port33221-TCP:V=7.93%I=7%D=6/29%Time=649DF5D2%P=i686-pc-windows-windows%r(giop,30,&quot;\x01\0\0\0\0\0\0\0\$\0\0\0\x08\x02\x12\x206e003f17473440849e09b9c113e35f31&quot;);" method="table" conf="3"/></port>
<port protocol="tcp" portid="47001"><state state="open" reason="syn-ack" reason_ttl="124"/><service name="http" product="Microsoft HTTPAPI httpd" version="2.0" extrainfo="SSDP/UPnP" ostype="Windows" method="probed" conf="10"><cpe>cpe:/o:microsoft:windows</cpe></service></port>
<port protocol="tcp" portid="49664"><state state="open" reason="syn-ack" reason_ttl="124"/><service name="msrpc" product="Microsoft Windows RPC" ostype="Windows" method="probed" conf="10"><cpe>cpe:/o:microsoft:windows</cpe></service></port>
<port protocol="tcp" portid="49665"><state state="open" reason="syn-ack" reason_ttl="124"/><service name="msrpc" product="Microsoft Windows RPC" ostype="Windows" method="probed" conf="10"><cpe>cpe:/o:microsoft:windows</cpe></service></port>
<port protocol="tcp" portid="49669"><state state="open" reason="syn-ack" reason_ttl="124"/><service name="msrpc" product="Microsoft Windows RPC" ostype="Windows" method="probed" conf="10"><cpe>cpe:/o:microsoft:windows</cpe></service></port>
<port protocol="tcp" portid="49670"><state state="open" reason="syn-ack" reason_ttl="124"/><service name="msrpc" product="Microsoft Windows RPC" ostype="Windows" method="probed" conf="10"><cpe>cpe:/o:microsoft:windows</cpe></service></port>
<port protocol="tcp" portid="49673"><state state="open" reason="syn-ack" reason_ttl="124"/><service name="msrpc" product="Microsoft Windows RPC" ostype="Windows" method="probed" conf="10"><cpe>cpe:/o:microsoft:windows</cpe></service></port>
<port protocol="tcp" portid="49700"><state state="open" reason="syn-ack" reason_ttl="124"/><service name="msrpc" product="Microsoft Windows RPC" ostype="Windows" method="probed" conf="10"><cpe>cpe:/o:microsoft:windows</cpe></service></port>
<port protocol="tcp" portid="49703"><state state="open" reason="syn-ack" reason_ttl="124"/><service name="msrpc" product="Microsoft Windows RPC" ostype="Windows" method="probed" conf="10"><cpe>cpe:/o:microsoft:windows</cpe></service></port>
<port protocol="tcp" portid="49707"><state state="open" reason="syn-ack" reason_ttl="124"/><service name="msrpc" product="Microsoft Windows RPC" ostype="Windows" method="probed" conf="10"><cpe>cpe:/o:microsoft:windows</cpe></service></port>
<port protocol="tcp" portid="58779"><state state="open" reason="syn-ack" reason_ttl="124"/><service name="msrpc" product="Microsoft Windows RPC" ostype="Windows" method="probed" conf="10"><cpe>cpe:/o:microsoft:windows</cpe></service></port>
<port protocol="tcp" portid="60047"><state state="open" reason="syn-ack" reason_ttl="124"/><service name="msrpc" product="Microsoft Windows RPC" ostype="Windows" method="probed" conf="10"><cpe>cpe:/o:microsoft:windows</cpe></service></port>
</ports>
<times srtt="9832" rttvar="2492" to="280000"/>
</host>
<runstats><finished time="1688073702" timestr="Thu Jun 29 15:21:42 2023" summary="Nmap done at Thu Jun 29 15:21:42 2023; 1 IP address (1 host up) scanned in 83.65 seconds" elapsed="83.65" exit="success"/><hosts up="1" down="0" total="1"/>
</runstats>
</nmaprun>
