<?xml version="1.0" encoding="UTF-8"?>
<!DOCTYPE nmaprun>
<?xml-stylesheet href="file:///C:/Program Files (x86)/Nmap/nmap.xsl" type="text/xsl"?>
<!-- Nmap 7.93 scan initiated Thu Jun 29 15:25:19 2023 as: &quot;C:\\Program Files (x86)\\Nmap\\nmap.exe&quot; -Pn -sS -p- -sV -n -&#45;min-rate 5432 -&#45;open -&#45;stats-every 3s -&#45;host-timeout 120m -&#45;initial-rtt-timeout 315ms -&#45;min-rtt-timeout 280ms -&#45;max-rtt-timeout 350ms -&#45;max-retries 1 -&#45;max-scan-delay 0 -oA outputs\\bnopikosnet-a bnopikosnet-a -->
<nmaprun scanner="nmap" args="&quot;C:\\Program Files (x86)\\Nmap\\nmap.exe&quot; -Pn -sS -p- -sV -n -&#45;min-rate 5432 -&#45;open -&#45;stats-every 3s -&#45;host-timeout 120m -&#45;initial-rtt-timeout 315ms -&#45;min-rtt-timeout 280ms -&#45;max-rtt-timeout 350ms -&#45;max-retries 1 -&#45;max-scan-delay 0 -oA outputs\\bnopikosnet-a bnopikosnet-a" start="1688073919" startstr="Thu Jun 29 15:25:19 2023" version="7.93" xmloutputversion="1.05">
<scaninfo type="syn" protocol="tcp" numservices="65535" services="1-65535"/>
<verbose level="0"/>
<debugging level="0"/>
<taskprogress task="SYN Stealth Scan" time="1688073922" percent="13.00" remaining="21" etc="1688073942"/>
<taskprogress task="SYN Stealth Scan" time="1688073925" percent="28.54" remaining="16" etc="1688073940"/>
<taskprogress task="SYN Stealth Scan" time="1688073928" percent="44.33" remaining="12" etc="1688073939"/>
<taskprogress task="SYN Stealth Scan" time="1688073931" percent="59.17" remaining="9" etc="1688073939"/>
<taskprogress task="SYN Stealth Scan" time="1688073934" percent="74.76" remaining="6" etc="1688073939"/>
<taskprogress task="SYN Stealth Scan" time="1688073937" percent="90.10" remaining="2" etc="1688073939"/>
<taskprogress task="Service scan" time="1688073945" percent="5.88" remaining="96" etc="1688074041"/>
<taskprogress task="Service scan" time="1688073950" percent="26.47" remaining="31" etc="1688073981"/>
<taskprogress task="Service scan" time="1688073951" percent="29.41" remaining="29" etc="1688073980"/>
<taskprogress task="Service scan" time="1688073955" percent="32.35" remaining="34" etc="1688073988"/>
<taskprogress task="Service scan" time="1688073957" percent="35.29" remaining="34" etc="1688073990"/>
<taskprogress task="Service scan" time="1688073960" percent="35.29" remaining="39" etc="1688073998"/>
<taskprogress task="Service scan" time="1688073963" percent="35.29" remaining="44" etc="1688074007"/>
<taskprogress task="Service scan" time="1688073966" percent="35.29" remaining="50" etc="1688074016"/>
<taskprogress task="Service scan" time="1688073969" percent="35.29" remaining="56" etc="1688074024"/>
<taskprogress task="Service scan" time="1688073972" percent="35.29" remaining="61" etc="1688074033"/>
<taskprogress task="Service scan" time="1688073976" percent="35.29" remaining="68" etc="1688074044"/>
<taskprogress task="Service scan" time="1688073978" percent="35.29" remaining="72" etc="1688074049"/>
<taskprogress task="Service scan" time="1688073982" percent="38.24" remaining="70" etc="1688074051"/>
<taskprogress task="Service scan" time="1688073984" percent="38.24" remaining="73" etc="1688074057"/>
<taskprogress task="Service scan" time="1688073987" percent="38.24" remaining="78" etc="1688074065"/>
<taskprogress task="Service scan" time="1688073990" percent="67.65" remaining="25" etc="1688074014"/>
<taskprogress task="Service scan" time="1688073994" percent="67.65" remaining="27" etc="1688074020"/>
<taskprogress task="Service scan" time="1688073999" percent="73.53" remaining="22" etc="1688074021"/>
<taskprogress task="Service scan" time="1688074000" percent="85.29" remaining="11" etc="1688074011"/>
<taskprogress task="Service scan" time="1688074005" percent="85.29" remaining="12" etc="1688074016"/>
<taskprogress task="Service scan" time="1688074010" percent="91.18" remaining="7" etc="1688074017"/>
<taskprogress task="Service scan" time="1688074015" percent="94.12" remaining="5" etc="1688074020"/>
<taskprogress task="Service scan" time="1688074018" percent="94.12" remaining="5" etc="1688074023"/>
<taskprogress task="Service scan" time="1688074020" percent="94.12" remaining="6" etc="1688074025"/>
<taskprogress task="Service scan" time="1688074023" percent="94.12" remaining="6" etc="1688074028"/>
<taskprogress task="Service scan" time="1688074028" percent="94.12" remaining="6" etc="1688074034"/>
<taskprogress task="Service scan" time="1688074033" percent="94.12" remaining="6" etc="1688074039"/>
<taskprogress task="Service scan" time="1688074038" percent="97.06" remaining="4" etc="1688074041"/>
<taskprogress task="Service scan" time="1688074043" percent="97.06" remaining="4" etc="1688074046"/>
<taskprogress task="NSE" time="1688074043" percent="97.47" remaining="0" etc="1688074043"/>
<host starttime="1688073919" endtime="1688074044"><status state="up" reason="user-set" reason_ttl="0"/>
<address addr="172.17.213.18" addrtype="ipv4"/>
<hostnames>
<hostname name="bnopikosnet-a" type="user"/>
</hostnames>
<ports><extraports state="closed" count="65500">
<extrareasons reason="reset" count="65500" proto="tcp" ports="1-79,81-112,114-134,136-138,140-444,446-1204,1206-1999,2001-2024,2027-3388,3390-4117,4119-5059,5061-5984,5986-14999,15007-15009,15011,15013-15014,15016-33220,33222-47000,47002-47999,48001-49663,49666,49669-49670,49672-49689,49691-49704,49706-49708,49710-49739,49741-65535"/>
</extraports>
<extraports state="filtered" count="1">
<extrareasons reason="no-response" count="1" proto="tcp" ports="113"/>
</extraports>
<port protocol="tcp" portid="80"><state state="open" reason="syn-ack" reason_ttl="124"/><service name="http" product="Microsoft IIS httpd" version="10.0" ostype="Windows" method="probed" conf="10"><cpe>cpe:/a:microsoft:internet_information_services:10.0</cpe><cpe>cpe:/o:microsoft:windows</cpe></service></port>
<port protocol="tcp" portid="135"><state state="open" reason="syn-ack" reason_ttl="124"/><service name="msrpc" product="Microsoft Windows RPC" ostype="Windows" method="probed" conf="10"><cpe>cpe:/o:microsoft:windows</cpe></service></port>
<port protocol="tcp" portid="139"><state state="open" reason="syn-ack" reason_ttl="124"/><service name="netbios-ssn" product="Microsoft Windows netbios-ssn" ostype="Windows" method="probed" conf="10"><cpe>cpe:/o:microsoft:windows</cpe></service></port>
<port protocol="tcp" portid="445"><state state="open" reason="syn-ack" reason_ttl="124"/><service name="microsoft-ds" method="table" conf="3"/></port>
<port protocol="tcp" portid="1205"><state state="open" reason="syn-ack" reason_ttl="124"/><service name="mc-nmf" product=".NET Message Framing" ostype="Windows" method="probed" conf="10"><cpe>cpe:/o:microsoft:windows</cpe></service></port>
<port protocol="tcp" portid="2000"><state state="open" reason="syn-ack" reason_ttl="64"/><service name="tcpwrapped" method="probed" conf="8"/></port>
<port protocol="tcp" portid="2025"><state state="open" reason="syn-ack" reason_ttl="124"/><service name="http" product="Microsoft HTTPAPI httpd" version="2.0" extrainfo="SSDP/UPnP" ostype="Windows" tunnel="ssl" method="probed" conf="10"><cpe>cpe:/o:microsoft:windows</cpe></service></port>
<port protocol="tcp" portid="2026"><state state="open" reason="syn-ack" reason_ttl="124"/><service name="http" product="Microsoft HTTPAPI httpd" version="2.0" extrainfo="SSDP/UPnP" ostype="Windows" tunnel="ssl" method="probed" conf="10"><cpe>cpe:/o:microsoft:windows</cpe></service></port>
<port protocol="tcp" portid="3389"><state state="open" reason="syn-ack" reason_ttl="124"/><service name="ms-wbt-server" product="Microsoft Terminal Services" ostype="Windows" method="probed" conf="10"><cpe>cpe:/o:microsoft:windows</cpe></service></port>
<port protocol="tcp" portid="4118"><state state="open" reason="syn-ack" reason_ttl="124"/><service name="netscript" tunnel="ssl" method="table" conf="3"/></port>
<port protocol="tcp" portid="5060"><state state="open" reason="syn-ack" reason_ttl="64"/><service name="tcpwrapped" method="probed" conf="8"/></port>
<port protocol="tcp" portid="5985"><state state="open" reason="syn-ack" reason_ttl="124"/><service name="http" product="Microsoft HTTPAPI httpd" version="2.0" extrainfo="SSDP/UPnP" ostype="Windows" method="probed" conf="10"><cpe>cpe:/o:microsoft:windows</cpe></service></port>
<port protocol="tcp" portid="15000"><state state="open" reason="syn-ack" reason_ttl="124"/><service name="http" product="Microsoft HTTPAPI httpd" version="2.0" extrainfo="SSDP/UPnP" ostype="Windows" tunnel="ssl" method="probed" conf="10"><cpe>cpe:/o:microsoft:windows</cpe></service></port>
<port protocol="tcp" portid="15001"><state state="open" reason="syn-ack" reason_ttl="124"/><service name="http" product="Microsoft HTTPAPI httpd" version="2.0" extrainfo="SSDP/UPnP" ostype="Windows" tunnel="ssl" method="probed" conf="10"><cpe>cpe:/o:microsoft:windows</cpe></service></port>
<port protocol="tcp" portid="15002"><state state="open" reason="syn-ack" reason_ttl="124"/><service name="http" product="Microsoft HTTPAPI httpd" version="2.0" extrainfo="SSDP/UPnP" ostype="Windows" tunnel="ssl" method="probed" conf="10"><cpe>cpe:/o:microsoft:windows</cpe></service></port>
<port protocol="tcp" portid="15003"><state state="open" reason="syn-ack" reason_ttl="124"/><service name="http" product="Microsoft HTTPAPI httpd" version="2.0" extrainfo="SSDP/UPnP" ostype="Windows" tunnel="ssl" method="probed" conf="10"><cpe>cpe:/o:microsoft:windows</cpe></service></port>
<port protocol="tcp" portid="15004"><state state="open" reason="syn-ack" reason_ttl="124"/><service name="http" product="Microsoft HTTPAPI httpd" version="2.0" extrainfo="SSDP/UPnP" ostype="Windows" tunnel="ssl" method="probed" conf="10"><cpe>cpe:/o:microsoft:windows</cpe></service></port>
<port protocol="tcp" portid="15005"><state state="open" reason="syn-ack" reason_ttl="124"/><service name="http" product="Microsoft HTTPAPI httpd" version="2.0" extrainfo="SSDP/UPnP" ostype="Windows" tunnel="ssl" method="probed" conf="10"><cpe>cpe:/o:microsoft:windows</cpe></service></port>
<port protocol="tcp" portid="15006"><state state="open" reason="syn-ack" reason_ttl="124"/><service name="http" product="Microsoft HTTPAPI httpd" version="2.0" extrainfo="SSDP/UPnP" ostype="Windows" tunnel="ssl" method="probed" conf="10"><cpe>cpe:/o:microsoft:windows</cpe></service></port>
<port protocol="tcp" portid="15010"><state state="open" reason="syn-ack" reason_ttl="124"/><service name="http" product="Microsoft HTTPAPI httpd" version="2.0" extrainfo="SSDP/UPnP" ostype="Windows" tunnel="ssl" method="probed" conf="10"><cpe>cpe:/o:microsoft:windows</cpe></service></port>
<port protocol="tcp" portid="15012"><state state="open" reason="syn-ack" reason_ttl="124"/><service name="http" product="Microsoft HTTPAPI httpd" version="2.0" extrainfo="SSDP/UPnP" ostype="Windows" tunnel="ssl" method="probed" conf="10"><cpe>cpe:/o:microsoft:windows</cpe></service></port>
<port protocol="tcp" portid="15015"><state state="open" reason="syn-ack" reason_ttl="124"/><service name="http" product="Microsoft HTTPAPI httpd" version="2.0" extrainfo="SSDP/UPnP" ostype="Windows" tunnel="ssl" method="probed" conf="10"><cpe>cpe:/o:microsoft:windows</cpe></service></port>
<port protocol="tcp" portid="33221"><state state="open" reason="syn-ack" reason_ttl="124"/><service name="unknown" servicefp="SF-Port33221-TCP:V=7.93%I=7%D=6/29%Time=649DF6FB%P=i686-pc-windows-windows%r(giop,30,&quot;\x01\0\0\0\0\0\0\0\$\0\0\0\x08\x02\x12\x2065a4eb4fd4ad4161ac7e189961824530&quot;);" method="table" conf="3"/></port>
<port protocol="tcp" portid="47001"><state state="open" reason="syn-ack" reason_ttl="124"/><service name="http" product="Microsoft HTTPAPI httpd" version="2.0" extrainfo="SSDP/UPnP" ostype="Windows" method="probed" conf="10"><cpe>cpe:/o:microsoft:windows</cpe></service></port>
<port protocol="tcp" portid="48000"><state state="open" reason="syn-ack" reason_ttl="124"/><service name="nimcontroller" method="table" conf="3"/></port>
<port protocol="tcp" portid="49664"><state state="open" reason="syn-ack" reason_ttl="124"/><service name="msrpc" product="Microsoft Windows RPC" ostype="Windows" method="probed" conf="10"><cpe>cpe:/o:microsoft:windows</cpe></service></port>
<port protocol="tcp" portid="49665"><state state="open" reason="syn-ack" reason_ttl="124"/><service name="msrpc" product="Microsoft Windows RPC" ostype="Windows" method="probed" conf="10"><cpe>cpe:/o:microsoft:windows</cpe></service></port>
<port protocol="tcp" portid="49667"><state state="open" reason="syn-ack" reason_ttl="124"/><service name="msrpc" product="Microsoft Windows RPC" ostype="Windows" method="probed" conf="10"><cpe>cpe:/o:microsoft:windows</cpe></service></port>
<port protocol="tcp" portid="49668"><state state="open" reason="syn-ack" reason_ttl="124"/><service name="msrpc" product="Microsoft Windows RPC" ostype="Windows" method="probed" conf="10"><cpe>cpe:/o:microsoft:windows</cpe></service></port>
<port protocol="tcp" portid="49671"><state state="open" reason="syn-ack" reason_ttl="124"/><service name="msrpc" product="Microsoft Windows RPC" ostype="Windows" method="probed" conf="10"><cpe>cpe:/o:microsoft:windows</cpe></service></port>
<port protocol="tcp" portid="49690"><state state="open" reason="syn-ack" reason_ttl="124"/><service name="msrpc" product="Microsoft Windows RPC" ostype="Windows" method="probed" conf="10"><cpe>cpe:/o:microsoft:windows</cpe></service></port>
<port protocol="tcp" portid="49705"><state state="open" reason="syn-ack" reason_ttl="124"/><service name="msrpc" product="Microsoft Windows RPC" ostype="Windows" method="probed" conf="10"><cpe>cpe:/o:microsoft:windows</cpe></service></port>
<port protocol="tcp" portid="49709"><state state="open" reason="syn-ack" reason_ttl="124"/><service name="msrpc" product="Microsoft Windows RPC" ostype="Windows" method="probed" conf="10"><cpe>cpe:/o:microsoft:windows</cpe></service></port>
<port protocol="tcp" portid="49740"><state state="open" reason="syn-ack" reason_ttl="124"/><service name="msrpc" product="Microsoft Windows RPC" ostype="Windows" method="probed" conf="10"><cpe>cpe:/o:microsoft:windows</cpe></service></port>
</ports>
<times srtt="5935" rttvar="2841" to="280000"/>
</host>
<runstats><finished time="1688074044" timestr="Thu Jun 29 15:27:24 2023" summary="Nmap done at Thu Jun 29 15:27:24 2023; 1 IP address (1 host up) scanned in 125.09 seconds" elapsed="125.09" exit="success"/><hosts up="1" down="0" total="1"/>
</runstats>
</nmaprun>
