<?xml version="1.0" encoding="UTF-8"?>
<!DOCTYPE nmaprun>
<?xml-stylesheet href="file:///C:/Program Files (x86)/Nmap/nmap.xsl" type="text/xsl"?>
<!-- Nmap 7.93 scan initiated Thu Jun 29 15:20:16 2023 as: &quot;C:\\Program Files (x86)\\Nmap\\nmap.exe&quot; -Pn -sS -p- -sV -n -&#45;min-rate 5432 -&#45;open -&#45;stats-every 3s -&#45;host-timeout 120m -&#45;initial-rtt-timeout 315ms -&#45;min-rtt-timeout 280ms -&#45;max-rtt-timeout 350ms -&#45;max-retries 1 -&#45;max-scan-delay 0 -oA outputs\\bnopyatla-a bnopyatla-a -->
<nmaprun scanner="nmap" args="&quot;C:\\Program Files (x86)\\Nmap\\nmap.exe&quot; -Pn -sS -p- -sV -n -&#45;min-rate 5432 -&#45;open -&#45;stats-every 3s -&#45;host-timeout 120m -&#45;initial-rtt-timeout 315ms -&#45;min-rtt-timeout 280ms -&#45;max-rtt-timeout 350ms -&#45;max-retries 1 -&#45;max-scan-delay 0 -oA outputs\\bnopyatla-a bnopyatla-a" start="1688073616" startstr="Thu Jun 29 15:20:16 2023" version="7.93" xmloutputversion="1.05">
<scaninfo type="syn" protocol="tcp" numservices="65535" services="1-65535"/>
<verbose level="0"/>
<debugging level="0"/>
<taskprogress task="SYN Stealth Scan" time="1688073618" percent="4.95" remaining="20" etc="1688073637"/>
<taskprogress task="SYN Stealth Scan" time="1688073621" percent="14.18" remaining="25" etc="1688073645"/>
<taskprogress task="SYN Stealth Scan" time="1688073624" percent="23.83" remaining="23" etc="1688073646"/>
<taskprogress task="SYN Stealth Scan" time="1688073627" percent="33.06" remaining="21" etc="1688073647"/>
<taskprogress task="SYN Stealth Scan" time="1688073630" percent="42.63" remaining="18" etc="1688073647"/>
<taskprogress task="SYN Stealth Scan" time="1688073633" percent="51.98" remaining="15" etc="1688073648"/>
<taskprogress task="SYN Stealth Scan" time="1688073636" percent="61.65" remaining="12" etc="1688073648"/>
<taskprogress task="SYN Stealth Scan" time="1688073639" percent="71.31" remaining="9" etc="1688073648"/>
<taskprogress task="SYN Stealth Scan" time="1688073642" percent="81.11" remaining="6" etc="1688073648"/>
<taskprogress task="SYN Stealth Scan" time="1688073645" percent="90.81" remaining="3" etc="1688073648"/>
<taskprogress task="SYN Stealth Scan" time="1688073648" percent="99.99" remaining="1" etc="1688073648"/>
<taskprogress task="Service scan" time="1688073655" percent="20.00" remaining="24" etc="1688073679"/>
<taskprogress task="Service scan" time="1688073660" percent="48.00" remaining="12" etc="1688073672"/>
<taskprogress task="Service scan" time="1688073661" percent="60.00" remaining="8" etc="1688073669"/>
<taskprogress task="Service scan" time="1688073665" percent="64.00" remaining="10" etc="1688073674"/>
<taskprogress task="Service scan" time="1688073667" percent="64.00" remaining="11" etc="1688073677"/>
<taskprogress task="Service scan" time="1688073670" percent="64.00" remaining="12" etc="1688073682"/>
<taskprogress task="Service scan" time="1688073673" percent="68.00" remaining="12" etc="1688073684"/>
<taskprogress task="Service scan" time="1688073678" percent="68.00" remaining="14" etc="1688073692"/>
<taskprogress task="Service scan" time="1688073680" percent="68.00" remaining="15" etc="1688073695"/>
<taskprogress task="Service scan" time="1688073682" percent="68.00" remaining="16" etc="1688073698"/>
<taskprogress task="Service scan" time="1688073685" percent="72.00" remaining="14" etc="1688073699"/>
<taskprogress task="Service scan" time="1688073687" percent="72.00" remaining="15" etc="1688073702"/>
<taskprogress task="Service scan" time="1688073692" percent="72.00" remaining="17" etc="1688073709"/>
<taskprogress task="Service scan" time="1688073693" percent="72.00" remaining="18" etc="1688073710"/>
<taskprogress task="Service scan" time="1688073697" percent="76.00" remaining="16" etc="1688073712"/>
<taskprogress task="Service scan" time="1688073702" percent="76.00" remaining="17" etc="1688073719"/>
<taskprogress task="Service scan" time="1688073707" percent="92.00" remaining="6" etc="1688073712"/>
<taskprogress task="NSE" time="1688073708" percent="98.00" remaining="0" etc="1688073708"/>
<taskprogress task="NSE" time="1688073711" percent="98.00" remaining="1" etc="1688073711"/>
<taskprogress task="NSE" time="1688073714" percent="98.00" remaining="1" etc="1688073714"/>
<host starttime="1688073617" endtime="1688073715"><status state="up" reason="user-set" reason_ttl="0"/>
<address addr="172.17.208.15" addrtype="ipv4"/>
<hostnames>
<hostname name="bnopyatla-a" type="user"/>
</hostnames>
<ports><extraports state="closed" count="65507">
<extrareasons reason="reset" count="65507" proto="tcp" ports="1-79,81-112,114-134,136-138,140-442,444,446-1187,1189-1999,2001-2700,2702-3388,3390-5059,5061-5665,5667-5984,5987-12488,12490-33220,33222-47000,47002-47999,48002-48006,48009-49151,49155-50383,50385-50721,50723-50726,50728-55632,55634-65535"/>
</extraports>
<extraports state="filtered" count="3">
<extrareasons reason="no-response" count="3" proto="tcp" ports="113,1188,55633"/>
</extraports>
<port protocol="tcp" portid="80"><state state="open" reason="syn-ack" reason_ttl="124"/><service name="http" product="Microsoft HTTPAPI httpd" version="2.0" extrainfo="SSDP/UPnP" ostype="Windows" method="probed" conf="10"><cpe>cpe:/o:microsoft:windows</cpe></service></port>
<port protocol="tcp" portid="135"><state state="open" reason="syn-ack" reason_ttl="124"/><service name="msrpc" product="Microsoft Windows RPC" ostype="Windows" method="probed" conf="10"><cpe>cpe:/o:microsoft:windows</cpe></service></port>
<port protocol="tcp" portid="139"><state state="open" reason="syn-ack" reason_ttl="124"/><service name="netbios-ssn" product="Microsoft Windows netbios-ssn" ostype="Windows" method="probed" conf="10"><cpe>cpe:/o:microsoft:windows</cpe></service></port>
<port protocol="tcp" portid="443"><state state="open" reason="syn-ack" reason_ttl="124"/><service name="http" product="Microsoft IIS httpd" version="7.5" ostype="Windows" tunnel="ssl" method="probed" conf="10"><cpe>cpe:/a:microsoft:internet_information_services:7.5</cpe><cpe>cpe:/o:microsoft:windows</cpe></service></port>
<port protocol="tcp" portid="445"><state state="open" reason="syn-ack" reason_ttl="124"/><service name="microsoft-ds" product="Microsoft Windows Server 2008 R2 - 2012 microsoft-ds" ostype="Windows Server 2008 R2 - 2012" method="probed" conf="10"><cpe>cpe:/o:microsoft:windows</cpe></service></port>
<port protocol="tcp" portid="2000"><state state="open" reason="syn-ack" reason_ttl="64"/><service name="tcpwrapped" method="probed" conf="8"/></port>
<port protocol="tcp" portid="2701"><state state="open" reason="syn-ack" reason_ttl="124"/><service name="cmrcservice" product="Microsoft Configuration Manager Remote Control service" extrainfo="CmRcService.exe" ostype="Windows" method="probed" conf="10"><cpe>cpe:/a:microsoft:systems_management_server</cpe><cpe>cpe:/o:microsoft:windows</cpe></service></port>
<port protocol="tcp" portid="3389"><state state="open" reason="syn-ack" reason_ttl="124"/><service name="ms-wbt-server" tunnel="ssl" method="table" conf="3"/></port>
<port protocol="tcp" portid="5060"><state state="open" reason="syn-ack" reason_ttl="64"/><service name="tcpwrapped" method="probed" conf="8"/></port>
<port protocol="tcp" portid="5666"><state state="open" reason="syn-ack" reason_ttl="124"/><service name="tcpwrapped" method="probed" conf="8"/></port>
<port protocol="tcp" portid="5985"><state state="open" reason="syn-ack" reason_ttl="124"/><service name="http" product="Microsoft HTTPAPI httpd" version="2.0" extrainfo="SSDP/UPnP" ostype="Windows" method="probed" conf="10"><cpe>cpe:/o:microsoft:windows</cpe></service></port>
<port protocol="tcp" portid="5986"><state state="open" reason="syn-ack" reason_ttl="124"/><service name="http" product="Microsoft HTTPAPI httpd" version="2.0" extrainfo="SSDP/UPnP" ostype="Windows" tunnel="ssl" method="probed" conf="10"><cpe>cpe:/o:microsoft:windows</cpe></service></port>
<port protocol="tcp" portid="12489"><state state="open" reason="syn-ack" reason_ttl="124"/><service name="tcpwrapped" method="probed" conf="8"/></port>
<port protocol="tcp" portid="33221"><state state="open" reason="syn-ack" reason_ttl="124"/><service name="unknown" servicefp="SF-Port33221-TCP:V=7.93%I=7%D=6/29%Time=649DF5D3%P=i686-pc-windows-windows%r(giop,30,&quot;\x01\0\0\0\0\0\0\0\$\0\0\0\x08\x02\x12\x2043654a8e9d514e95a7c2663a315d9e35&quot;);" method="table" conf="3"/></port>
<port protocol="tcp" portid="47001"><state state="open" reason="syn-ack" reason_ttl="124"/><service name="http" product="Microsoft HTTPAPI httpd" version="2.0" extrainfo="SSDP/UPnP" ostype="Windows" method="probed" conf="10"><cpe>cpe:/o:microsoft:windows</cpe></service></port>
<port protocol="tcp" portid="48000"><state state="open" reason="syn-ack" reason_ttl="124"/><service name="nimcontroller" method="table" conf="3"/></port>
<port protocol="tcp" portid="48001"><state state="open" reason="syn-ack" reason_ttl="124"/><service name="nimspooler" method="table" conf="3"/></port>
<port protocol="tcp" portid="48007"><state state="open" reason="syn-ack" reason_ttl="124"/></port>
<port protocol="tcp" portid="48008"><state state="open" reason="syn-ack" reason_ttl="124"/><service name="unknown" tunnel="ssl" method="table" conf="3"/></port>
<port protocol="tcp" portid="49152"><state state="open" reason="syn-ack" reason_ttl="124"/><service name="msrpc" product="Microsoft Windows RPC" ostype="Windows" method="probed" conf="10"><cpe>cpe:/o:microsoft:windows</cpe></service></port>
<port protocol="tcp" portid="49153"><state state="open" reason="syn-ack" reason_ttl="124"/><service name="msrpc" product="Microsoft Windows RPC" ostype="Windows" method="probed" conf="10"><cpe>cpe:/o:microsoft:windows</cpe></service></port>
<port protocol="tcp" portid="49154"><state state="open" reason="syn-ack" reason_ttl="124"/><service name="msrpc" product="Microsoft Windows RPC" ostype="Windows" method="probed" conf="10"><cpe>cpe:/o:microsoft:windows</cpe></service></port>
<port protocol="tcp" portid="50384"><state state="open" reason="syn-ack" reason_ttl="124"/><service name="msrpc" product="Microsoft Windows RPC" ostype="Windows" method="probed" conf="10"><cpe>cpe:/o:microsoft:windows</cpe></service></port>
<port protocol="tcp" portid="50722"><state state="open" reason="syn-ack" reason_ttl="124"/><service name="msrpc" product="Microsoft Windows RPC" ostype="Windows" method="probed" conf="10"><cpe>cpe:/o:microsoft:windows</cpe></service></port>
<port protocol="tcp" portid="50727"><state state="open" reason="syn-ack" reason_ttl="124"/><service name="msrpc" product="Microsoft Windows RPC" ostype="Windows" method="probed" conf="10"><cpe>cpe:/o:microsoft:windows</cpe></service></port>
</ports>
<times srtt="8723" rttvar="3340" to="280000"/>
</host>
<runstats><finished time="1688073715" timestr="Thu Jun 29 15:21:55 2023" summary="Nmap done at Thu Jun 29 15:21:55 2023; 1 IP address (1 host up) scanned in 99.51 seconds" elapsed="99.51" exit="success"/><hosts up="1" down="0" total="1"/>
</runstats>
</nmaprun>
