<?xml version="1.0" encoding="UTF-8"?>
<!DOCTYPE nmaprun>
<?xml-stylesheet href="file:///C:/Program Files (x86)/Nmap/nmap.xsl" type="text/xsl"?>
<!-- Nmap 7.93 scan initiated Thu Jun 29 15:21:55 2023 as: &quot;C:\\Program Files (x86)\\Nmap\\nmap.exe&quot; -Pn -sS -p- -sV -n -&#45;min-rate 5432 -&#45;open -&#45;stats-every 3s -&#45;host-timeout 120m -&#45;initial-rtt-timeout 315ms -&#45;min-rtt-timeout 280ms -&#45;max-rtt-timeout 350ms -&#45;max-retries 1 -&#45;max-scan-delay 0 -oA outputs\\bnotcashnet-b bnotcashnet-b -->
<nmaprun scanner="nmap" args="&quot;C:\\Program Files (x86)\\Nmap\\nmap.exe&quot; -Pn -sS -p- -sV -n -&#45;min-rate 5432 -&#45;open -&#45;stats-every 3s -&#45;host-timeout 120m -&#45;initial-rtt-timeout 315ms -&#45;min-rtt-timeout 280ms -&#45;max-rtt-timeout 350ms -&#45;max-retries 1 -&#45;max-scan-delay 0 -oA outputs\\bnotcashnet-b bnotcashnet-b" start="1688073715" startstr="Thu Jun 29 15:21:55 2023" version="7.93" xmloutputversion="1.05">
<scaninfo type="syn" protocol="tcp" numservices="65535" services="1-65535"/>
<verbose level="0"/>
<debugging level="0"/>
<taskprogress task="SYN Stealth Scan" time="1688073718" percent="13.80" remaining="13" etc="1688073730"/>
<taskprogress task="SYN Stealth Scan" time="1688073721" percent="31.93" remaining="11" etc="1688073732"/>
<taskprogress task="SYN Stealth Scan" time="1688073724" percent="49.80" remaining="9" etc="1688073732"/>
<taskprogress task="SYN Stealth Scan" time="1688073727" percent="67.67" remaining="6" etc="1688073732"/>
<taskprogress task="SYN Stealth Scan" time="1688073730" percent="86.19" remaining="3" etc="1688073732"/>
<taskprogress task="Service scan" time="1688073739" percent="1.57" remaining="376" etc="1688074114"/>
<taskprogress task="Service scan" time="1688073744" percent="5.51" remaining="189" etc="1688073933"/>
<taskprogress task="Service scan" time="1688073745" percent="15.75" remaining="65" etc="1688073809"/>
<taskprogress task="Service scan" time="1688073750" percent="15.75" remaining="91" etc="1688073841"/>
<taskprogress task="Service scan" time="1688073755" percent="18.90" remaining="95" etc="1688073849"/>
<taskprogress task="Service scan" time="1688073756" percent="30.71" remaining="52" etc="1688073808"/>
<taskprogress task="Service scan" time="1688073761" percent="30.71" remaining="64" etc="1688073824"/>
<taskprogress task="Service scan" time="1688073766" percent="33.86" remaining="65" etc="1688073830"/>
<taskprogress task="Service scan" time="1688073767" percent="45.67" remaining="41" etc="1688073807"/>
<taskprogress task="Service scan" time="1688073771" percent="46.46" remaining="44" etc="1688073815"/>
<taskprogress task="Service scan" time="1688073773" percent="48.82" remaining="42" etc="1688073815"/>
<taskprogress task="Service scan" time="1688073776" percent="48.82" remaining="46" etc="1688073821"/>
<taskprogress task="Service scan" time="1688073781" percent="61.42" remaining="31" etc="1688073811"/>
<taskprogress task="Service scan" time="1688073783" percent="61.42" remaining="32" etc="1688073814"/>
<taskprogress task="Service scan" time="1688073784" percent="63.78" remaining="29" etc="1688073813"/>
<taskprogress task="Service scan" time="1688073788" percent="63.78" remaining="32" etc="1688073819"/>
<taskprogress task="Service scan" time="1688073791" percent="76.38" remaining="18" etc="1688073809"/>
<taskprogress task="Service scan" time="1688073794" percent="76.38" remaining="19" etc="1688073813"/>
<taskprogress task="Service scan" time="1688073799" percent="78.74" remaining="18" etc="1688073817"/>
<taskprogress task="Service scan" time="1688073799" percent="79.53" remaining="17" etc="1688073816"/>
<taskprogress task="Service scan" time="1688073805" percent="88.19" remaining="10" etc="1688073815"/>
<taskprogress task="Service scan" time="1688073806" percent="88.98" remaining="10" etc="1688073815"/>
<taskprogress task="Service scan" time="1688073810" percent="88.98" remaining="10" etc="1688073820"/>
<taskprogress task="Service scan" time="1688073812" percent="91.34" remaining="8" etc="1688073819"/>
<taskprogress task="Service scan" time="1688073815" percent="92.13" remaining="8" etc="1688073822"/>
<taskprogress task="Service scan" time="1688073820" percent="92.13" remaining="8" etc="1688073827"/>
<taskprogress task="Service scan" time="1688073821" percent="92.13" remaining="8" etc="1688073829"/>
<taskprogress task="Service scan" time="1688073825" percent="92.13" remaining="8" etc="1688073833"/>
<taskprogress task="Service scan" time="1688073830" percent="92.13" remaining="9" etc="1688073838"/>
<taskprogress task="Service scan" time="1688073831" percent="92.13" remaining="9" etc="1688073839"/>
<taskprogress task="Service scan" time="1688073836" percent="92.91" remaining="8" etc="1688073844"/>
<taskprogress task="Service scan" time="1688073838" percent="92.91" remaining="9" etc="1688073846"/>
<taskprogress task="Service scan" time="1688073843" percent="92.91" remaining="9" etc="1688073851"/>
<taskprogress task="Service scan" time="1688073848" percent="92.91" remaining="9" etc="1688073857"/>
<taskprogress task="Service scan" time="1688073853" percent="94.49" remaining="8" etc="1688073860"/>
<taskprogress task="NSE" time="1688073853" percent="99.25" remaining="0" etc="1688073853"/>
<host starttime="1688073716" endtime="1688073854"><status state="up" reason="user-set" reason_ttl="0"/>
<address addr="172.27.203.25" addrtype="ipv4"/>
<hostnames>
<hostname name="bnotcashnet-b" type="user"/>
</hostnames>
<ports><extraports state="closed" count="65406">
<extrareasons reason="reset" count="65406" proto="tcp" ports="1-79,81-112,114-134,136-138,140-442,444,446-1249,1251-1256,1259-1999,2001-2700,2702-3388,3390-4100,4102,4105,4115,4124,4127-4200,4202-4300,4302-5059,5061-5100,5102,5105,5115,5127-5200,5202-5300,5302-5984,5986-6100,6102,6105,6115,6127-6200,6202-6300,6302-7100,7102,7105,7115,7128-7200,7202-7300,7302-43018,43020-44499,44504-47000,47002-49663,49666-49667,49669-49688,49690-49695,49697-57077,57079-57081,57083-57835,57837-57886,57888-65535"/>
</extraports>
<extraports state="filtered" count="2">
<extrareasons reason="no-response" count="2" proto="tcp" ports="113,43019"/>
</extraports>
<port protocol="tcp" portid="80"><state state="open" reason="syn-ack" reason_ttl="126"/><service name="http" product="Microsoft IIS httpd" version="10.0" ostype="Windows" method="probed" conf="10"><cpe>cpe:/a:microsoft:internet_information_services:10.0</cpe><cpe>cpe:/o:microsoft:windows</cpe></service></port>
<port protocol="tcp" portid="135"><state state="open" reason="syn-ack" reason_ttl="126"/><service name="msrpc" product="Microsoft Windows RPC" ostype="Windows" method="probed" conf="10"><cpe>cpe:/o:microsoft:windows</cpe></service></port>
<port protocol="tcp" portid="139"><state state="open" reason="syn-ack" reason_ttl="126"/><service name="netbios-ssn" product="Microsoft Windows netbios-ssn" ostype="Windows" method="probed" conf="10"><cpe>cpe:/o:microsoft:windows</cpe></service></port>
<port protocol="tcp" portid="443"><state state="open" reason="syn-ack" reason_ttl="126"/><service name="https" tunnel="ssl" method="probed" conf="10"/></port>
<port protocol="tcp" portid="445"><state state="open" reason="syn-ack" reason_ttl="126"/><service name="microsoft-ds" product="Microsoft Windows Server 2008 R2 - 2012 microsoft-ds" ostype="Windows Server 2008 R2 - 2012" method="probed" conf="10"><cpe>cpe:/o:microsoft:windows</cpe></service></port>
<port protocol="tcp" portid="1250"><state state="open" reason="syn-ack" reason_ttl="126"/><service name="http" product="Microsoft HTTPAPI httpd" version="2.0" extrainfo="SSDP/UPnP" ostype="Windows" tunnel="ssl" method="probed" conf="10"><cpe>cpe:/o:microsoft:windows</cpe></service></port>
<port protocol="tcp" portid="1257"><state state="open" reason="syn-ack" reason_ttl="126"/><service name="http" product="Microsoft HTTPAPI httpd" version="2.0" extrainfo="SSDP/UPnP" ostype="Windows" tunnel="ssl" method="probed" conf="10"><cpe>cpe:/o:microsoft:windows</cpe></service></port>
<port protocol="tcp" portid="1258"><state state="open" reason="syn-ack" reason_ttl="126"/><service name="http" product="Microsoft HTTPAPI httpd" version="2.0" extrainfo="SSDP/UPnP" ostype="Windows" tunnel="ssl" method="probed" conf="10"><cpe>cpe:/o:microsoft:windows</cpe></service></port>
<port protocol="tcp" portid="2000"><state state="open" reason="syn-ack" reason_ttl="64"/><service name="tcpwrapped" method="probed" conf="8"/></port>
<port protocol="tcp" portid="2701"><state state="open" reason="syn-ack" reason_ttl="126"/><service name="cmrcservice" product="Microsoft Configuration Manager Remote Control service" extrainfo="CmRcService.exe" ostype="Windows" method="probed" conf="10"><cpe>cpe:/a:microsoft:systems_management_server</cpe><cpe>cpe:/o:microsoft:windows</cpe></service></port>
<port protocol="tcp" portid="3389"><state state="open" reason="syn-ack" reason_ttl="126"/><service name="ms-wbt-server" product="Microsoft Terminal Services" ostype="Windows" method="probed" conf="10"><cpe>cpe:/o:microsoft:windows</cpe></service></port>
<port protocol="tcp" portid="4101"><state state="open" reason="syn-ack" reason_ttl="126"/><service name="brlp-0" method="table" conf="3"/></port>
<port protocol="tcp" portid="4103"><state state="open" reason="syn-ack" reason_ttl="126"/><service name="brlp-2" method="table" conf="3"/></port>
<port protocol="tcp" portid="4104"><state state="open" reason="syn-ack" reason_ttl="126"/><service name="brlp-3" method="table" conf="3"/></port>
<port protocol="tcp" portid="4106"><state state="open" reason="syn-ack" reason_ttl="126"/><service name="synchronite" method="table" conf="3"/></port>
<port protocol="tcp" portid="4107"><state state="open" reason="syn-ack" reason_ttl="126"/><service name="j-ac" method="table" conf="3"/></port>
<port protocol="tcp" portid="4108"><state state="open" reason="syn-ack" reason_ttl="126"/><service name="accel" method="table" conf="3"/></port>
<port protocol="tcp" portid="4109"><state state="open" reason="syn-ack" reason_ttl="126"/><service name="izm" method="table" conf="3"/></port>
<port protocol="tcp" portid="4110"><state state="open" reason="syn-ack" reason_ttl="126"/><service name="g2tag" method="table" conf="3"/></port>
<port protocol="tcp" portid="4111"><state state="open" reason="syn-ack" reason_ttl="126"/><service name="xgrid" method="table" conf="3"/></port>
<port protocol="tcp" portid="4112"><state state="open" reason="syn-ack" reason_ttl="126"/><service name="apple-vpns-rp" method="table" conf="3"/></port>
<port protocol="tcp" portid="4113"><state state="open" reason="syn-ack" reason_ttl="126"/><service name="aipn-reg" method="table" conf="3"/></port>
<port protocol="tcp" portid="4114"><state state="open" reason="syn-ack" reason_ttl="126"/><service name="jomamqmonitor" method="table" conf="3"/></port>
<port protocol="tcp" portid="4116"><state state="open" reason="syn-ack" reason_ttl="126"/><service name="smartcard-tls" method="table" conf="3"/></port>
<port protocol="tcp" portid="4117"><state state="open" reason="syn-ack" reason_ttl="126"/><service name="hillrserv" method="table" conf="3"/></port>
<port protocol="tcp" portid="4118"><state state="open" reason="syn-ack" reason_ttl="126"/><service name="netscript" tunnel="ssl" method="table" conf="3"/></port>
<port protocol="tcp" portid="4119"><state state="open" reason="syn-ack" reason_ttl="126"/><service name="assuria-slm" method="table" conf="3"/></port>
<port protocol="tcp" portid="4120"><state state="open" reason="syn-ack" reason_ttl="126"/><service name="minirem" method="table" conf="3"/></port>
<port protocol="tcp" portid="4121"><state state="open" reason="syn-ack" reason_ttl="126"/><service name="e-builder" method="table" conf="3"/></port>
<port protocol="tcp" portid="4122"><state state="open" reason="syn-ack" reason_ttl="126"/><service name="fprams" method="table" conf="3"/></port>
<port protocol="tcp" portid="4123"><state state="open" reason="syn-ack" reason_ttl="126"/><service name="z-wave" method="table" conf="3"/></port>
<port protocol="tcp" portid="4125"><state state="open" reason="syn-ack" reason_ttl="126"/><service name="rww" method="table" conf="3"/></port>
<port protocol="tcp" portid="4126"><state state="open" reason="syn-ack" reason_ttl="126"/><service name="ddrepl" method="table" conf="3"/></port>
<port protocol="tcp" portid="4201"><state state="open" reason="syn-ack" reason_ttl="126"/><service name="vrml-multi-use" method="table" conf="3"/></port>
<port protocol="tcp" portid="4301"><state state="open" reason="syn-ack" reason_ttl="126"/><service name="d-data" method="table" conf="3"/></port>
<port protocol="tcp" portid="5060"><state state="open" reason="syn-ack" reason_ttl="64"/><service name="tcpwrapped" method="probed" conf="8"/></port>
<port protocol="tcp" portid="5101"><state state="open" reason="syn-ack" reason_ttl="126"/><service name="admdog" method="table" conf="3"/></port>
<port protocol="tcp" portid="5103"><state state="open" reason="syn-ack" reason_ttl="126"/><service name="actifio-c2c" method="table" conf="3"/></port>
<port protocol="tcp" portid="5104"><state state="open" reason="syn-ack" reason_ttl="126"/><service name="tinymessage" method="table" conf="3"/></port>
<port protocol="tcp" portid="5106"><state state="open" reason="syn-ack" reason_ttl="126"/><service name="actifioudsagent" method="table" conf="3"/></port>
<port protocol="tcp" portid="5107"><state state="open" reason="syn-ack" reason_ttl="126"/><service name="actifioreplic" method="table" conf="3"/></port>
<port protocol="tcp" portid="5108"><state state="open" reason="syn-ack" reason_ttl="126"/></port>
<port protocol="tcp" portid="5109"><state state="open" reason="syn-ack" reason_ttl="126"/></port>
<port protocol="tcp" portid="5110"><state state="open" reason="syn-ack" reason_ttl="126"/></port>
<port protocol="tcp" portid="5111"><state state="open" reason="syn-ack" reason_ttl="126"/><service name="taep-as-svc" method="table" conf="3"/></port>
<port protocol="tcp" portid="5112"><state state="open" reason="syn-ack" reason_ttl="126"/><service name="pm-cmdsvr" method="table" conf="3"/></port>
<port protocol="tcp" portid="5113"><state state="open" reason="syn-ack" reason_ttl="126"/></port>
<port protocol="tcp" portid="5114"><state state="open" reason="syn-ack" reason_ttl="126"/><service name="ev-services" method="table" conf="3"/></port>
<port protocol="tcp" portid="5116"><state state="open" reason="syn-ack" reason_ttl="126"/><service name="emb-proj-cmd" method="table" conf="3"/></port>
<port protocol="tcp" portid="5117"><state state="open" reason="syn-ack" reason_ttl="126"/><service name="gradecam" method="table" conf="3"/></port>
<port protocol="tcp" portid="5118"><state state="open" reason="syn-ack" reason_ttl="126"/></port>
<port protocol="tcp" portid="5119"><state state="open" reason="syn-ack" reason_ttl="126"/></port>
<port protocol="tcp" portid="5120"><state state="open" reason="syn-ack" reason_ttl="126"/><service name="barracuda-bbs" method="table" conf="3"/></port>
<port protocol="tcp" portid="5121"><state state="open" reason="syn-ack" reason_ttl="126"/><service name="unknown" method="table" conf="3"/></port>
<port protocol="tcp" portid="5122"><state state="open" reason="syn-ack" reason_ttl="126"/><service name="unknown" method="table" conf="3"/></port>
<port protocol="tcp" portid="5123"><state state="open" reason="syn-ack" reason_ttl="126"/></port>
<port protocol="tcp" portid="5124"><state state="open" reason="syn-ack" reason_ttl="126"/></port>
<port protocol="tcp" portid="5125"><state state="open" reason="syn-ack" reason_ttl="126"/><service name="unknown" method="table" conf="3"/></port>
<port protocol="tcp" portid="5126"><state state="open" reason="syn-ack" reason_ttl="126"/></port>
<port protocol="tcp" portid="5201"><state state="open" reason="syn-ack" reason_ttl="126"/><service name="targus-getdata1" method="table" conf="3"/></port>
<port protocol="tcp" portid="5301"><state state="open" reason="syn-ack" reason_ttl="126"/><service name="hacl-gs" method="table" conf="3"/></port>
<port protocol="tcp" portid="5985"><state state="open" reason="syn-ack" reason_ttl="126"/><service name="http" product="Microsoft HTTPAPI httpd" version="2.0" extrainfo="SSDP/UPnP" ostype="Windows" method="probed" conf="10"><cpe>cpe:/o:microsoft:windows</cpe></service></port>
<port protocol="tcp" portid="6101"><state state="open" reason="syn-ack" reason_ttl="126"/><service name="backupexec" method="table" conf="3"/></port>
<port protocol="tcp" portid="6103"><state state="open" reason="syn-ack" reason_ttl="126"/><service name="RETS-or-BackupExec" method="table" conf="3"/></port>
<port protocol="tcp" portid="6104"><state state="open" reason="syn-ack" reason_ttl="126"/><service name="dbdb" method="table" conf="3"/></port>
<port protocol="tcp" portid="6106"><state state="open" reason="syn-ack" reason_ttl="126"/><service name="isdninfo" method="table" conf="3"/></port>
<port protocol="tcp" portid="6107"><state state="open" reason="syn-ack" reason_ttl="126"/><service name="etc-control" method="table" conf="3"/></port>
<port protocol="tcp" portid="6108"><state state="open" reason="syn-ack" reason_ttl="126"/><service name="sercomm-scadmin" method="table" conf="3"/></port>
<port protocol="tcp" portid="6109"><state state="open" reason="syn-ack" reason_ttl="126"/><service name="globecast-id" method="table" conf="3"/></port>
<port protocol="tcp" portid="6110"><state state="open" reason="syn-ack" reason_ttl="126"/><service name="softcm" method="table" conf="3"/></port>
<port protocol="tcp" portid="6111"><state state="open" reason="syn-ack" reason_ttl="126"/><service name="spc" method="table" conf="3"/></port>
<port protocol="tcp" portid="6112"><state state="open" reason="syn-ack" reason_ttl="126"/><service name="dtspc" method="table" conf="3"/></port>
<port protocol="tcp" portid="6113"><state state="open" reason="syn-ack" reason_ttl="126"/><service name="dayliteserver" method="table" conf="3"/></port>
<port protocol="tcp" portid="6114"><state state="open" reason="syn-ack" reason_ttl="126"/><service name="wrspice" method="table" conf="3"/></port>
<port protocol="tcp" portid="6116"><state state="open" reason="syn-ack" reason_ttl="126"/><service name="xtlserv" method="table" conf="3"/></port>
<port protocol="tcp" portid="6117"><state state="open" reason="syn-ack" reason_ttl="126"/><service name="daylitetouch" method="table" conf="3"/></port>
<port protocol="tcp" portid="6118"><state state="open" reason="syn-ack" reason_ttl="126"/><service name="tipc" method="table" conf="3"/></port>
<port protocol="tcp" portid="6119"><state state="open" reason="syn-ack" reason_ttl="126"/></port>
<port protocol="tcp" portid="6120"><state state="open" reason="syn-ack" reason_ttl="126"/><service name="unknown" method="table" conf="3"/></port>
<port protocol="tcp" portid="6121"><state state="open" reason="syn-ack" reason_ttl="126"/><service name="spdy" method="table" conf="3"/></port>
<port protocol="tcp" portid="6122"><state state="open" reason="syn-ack" reason_ttl="126"/><service name="bex-webadmin" method="table" conf="3"/></port>
<port protocol="tcp" portid="6123"><state state="open" reason="syn-ack" reason_ttl="126"/><service name="backup-express" method="table" conf="3"/></port>
<port protocol="tcp" portid="6124"><state state="open" reason="syn-ack" reason_ttl="126"/><service name="pnbs" method="table" conf="3"/></port>
<port protocol="tcp" portid="6125"><state state="open" reason="syn-ack" reason_ttl="126"/></port>
<port protocol="tcp" portid="6126"><state state="open" reason="syn-ack" reason_ttl="126"/><service name="unknown" method="table" conf="3"/></port>
<port protocol="tcp" portid="6201"><state state="open" reason="syn-ack" reason_ttl="126"/><service name="thermo-calc" method="table" conf="3"/></port>
<port protocol="tcp" portid="6301"><state state="open" reason="syn-ack" reason_ttl="126"/><service name="bmc_ctd_ldap" method="table" conf="3"/></port>
<port protocol="tcp" portid="7101"><state state="open" reason="syn-ack" reason_ttl="126"/><service name="elcn" method="table" conf="3"/></port>
<port protocol="tcp" portid="7103"><state state="open" reason="syn-ack" reason_ttl="126"/><service name="unknown" method="table" conf="3"/></port>
<port protocol="tcp" portid="7104"><state state="open" reason="syn-ack" reason_ttl="126"/><service name="unknown" method="table" conf="3"/></port>
<port protocol="tcp" portid="7106"><state state="open" reason="syn-ack" reason_ttl="126"/><service name="unknown" method="table" conf="3"/></port>
<port protocol="tcp" portid="7107"><state state="open" reason="syn-ack" reason_ttl="126"/><service name="aes-x170" method="table" conf="3"/></port>
<port protocol="tcp" portid="7108"><state state="open" reason="syn-ack" reason_ttl="126"/></port>
<port protocol="tcp" portid="7109"><state state="open" reason="syn-ack" reason_ttl="126"/></port>
<port protocol="tcp" portid="7110"><state state="open" reason="syn-ack" reason_ttl="126"/></port>
<port protocol="tcp" portid="7111"><state state="open" reason="syn-ack" reason_ttl="126"/></port>
<port protocol="tcp" portid="7112"><state state="open" reason="syn-ack" reason_ttl="126"/></port>
<port protocol="tcp" portid="7113"><state state="open" reason="syn-ack" reason_ttl="126"/></port>
<port protocol="tcp" portid="7114"><state state="open" reason="syn-ack" reason_ttl="126"/></port>
<port protocol="tcp" portid="7116"><state state="open" reason="syn-ack" reason_ttl="126"/></port>
<port protocol="tcp" portid="7117"><state state="open" reason="syn-ack" reason_ttl="126"/><service name="rothaga" method="table" conf="3"/></port>
<port protocol="tcp" portid="7118"><state state="open" reason="syn-ack" reason_ttl="126"/></port>
<port protocol="tcp" portid="7119"><state state="open" reason="syn-ack" reason_ttl="126"/><service name="unknown" method="table" conf="3"/></port>
<port protocol="tcp" portid="7120"><state state="open" reason="syn-ack" reason_ttl="126"/></port>
<port protocol="tcp" portid="7121"><state state="open" reason="syn-ack" reason_ttl="126"/><service name="virprot-lm" method="table" conf="3"/></port>
<port protocol="tcp" portid="7122"><state state="open" reason="syn-ack" reason_ttl="126"/></port>
<port protocol="tcp" portid="7123"><state state="open" reason="syn-ack" reason_ttl="126"/><service name="snif" method="table" conf="3"/></port>
<port protocol="tcp" portid="7124"><state state="open" reason="syn-ack" reason_ttl="126"/></port>
<port protocol="tcp" portid="7125"><state state="open" reason="syn-ack" reason_ttl="126"/></port>
<port protocol="tcp" portid="7126"><state state="open" reason="syn-ack" reason_ttl="126"/></port>
<port protocol="tcp" portid="7127"><state state="open" reason="syn-ack" reason_ttl="126"/></port>
<port protocol="tcp" portid="7201"><state state="open" reason="syn-ack" reason_ttl="126"/><service name="dlip" method="table" conf="3"/></port>
<port protocol="tcp" portid="7301"><state state="open" reason="syn-ack" reason_ttl="126"/><service name="swx" method="table" conf="3"/></port>
<port protocol="tcp" portid="44500"><state state="open" reason="syn-ack" reason_ttl="126"/><service name="http" product="Microsoft HTTPAPI httpd" version="2.0" extrainfo="SSDP/UPnP" ostype="Windows" tunnel="ssl" method="probed" conf="10"><cpe>cpe:/o:microsoft:windows</cpe></service></port>
<port protocol="tcp" portid="44501"><state state="open" reason="syn-ack" reason_ttl="126"/><service name="http" product="Microsoft HTTPAPI httpd" version="2.0" extrainfo="SSDP/UPnP" ostype="Windows" tunnel="ssl" method="probed" conf="10"><cpe>cpe:/o:microsoft:windows</cpe></service></port>
<port protocol="tcp" portid="44502"><state state="open" reason="syn-ack" reason_ttl="126"/><service name="http" product="Microsoft HTTPAPI httpd" version="2.0" extrainfo="SSDP/UPnP" ostype="Windows" tunnel="ssl" method="probed" conf="10"><cpe>cpe:/o:microsoft:windows</cpe></service></port>
<port protocol="tcp" portid="44503"><state state="open" reason="syn-ack" reason_ttl="126"/><service name="http" product="Microsoft HTTPAPI httpd" version="2.0" extrainfo="SSDP/UPnP" ostype="Windows" tunnel="ssl" method="probed" conf="10"><cpe>cpe:/o:microsoft:windows</cpe></service></port>
<port protocol="tcp" portid="47001"><state state="open" reason="syn-ack" reason_ttl="126"/><service name="http" product="Microsoft HTTPAPI httpd" version="2.0" extrainfo="SSDP/UPnP" ostype="Windows" method="probed" conf="10"><cpe>cpe:/o:microsoft:windows</cpe></service></port>
<port protocol="tcp" portid="49664"><state state="open" reason="syn-ack" reason_ttl="126"/><service name="msrpc" product="Microsoft Windows RPC" ostype="Windows" method="probed" conf="10"><cpe>cpe:/o:microsoft:windows</cpe></service></port>
<port protocol="tcp" portid="49665"><state state="open" reason="syn-ack" reason_ttl="126"/><service name="msrpc" product="Microsoft Windows RPC" ostype="Windows" method="probed" conf="10"><cpe>cpe:/o:microsoft:windows</cpe></service></port>
<port protocol="tcp" portid="49668"><state state="open" reason="syn-ack" reason_ttl="126"/><service name="msrpc" product="Microsoft Windows RPC" ostype="Windows" method="probed" conf="10"><cpe>cpe:/o:microsoft:windows</cpe></service></port>
<port protocol="tcp" portid="49689"><state state="open" reason="syn-ack" reason_ttl="126"/><service name="msrpc" product="Microsoft Windows RPC" ostype="Windows" method="probed" conf="10"><cpe>cpe:/o:microsoft:windows</cpe></service></port>
<port protocol="tcp" portid="49696"><state state="open" reason="syn-ack" reason_ttl="126"/><service name="msrpc" product="Microsoft Windows RPC" ostype="Windows" method="probed" conf="10"><cpe>cpe:/o:microsoft:windows</cpe></service></port>
<port protocol="tcp" portid="57078"><state state="open" reason="syn-ack" reason_ttl="126"/><service name="msrpc" product="Microsoft Windows RPC" ostype="Windows" method="probed" conf="10"><cpe>cpe:/o:microsoft:windows</cpe></service></port>
<port protocol="tcp" portid="57082"><state state="open" reason="syn-ack" reason_ttl="126"/><service name="msrpc" product="Microsoft Windows RPC" ostype="Windows" method="probed" conf="10"><cpe>cpe:/o:microsoft:windows</cpe></service></port>
<port protocol="tcp" portid="57836"><state state="open" reason="syn-ack" reason_ttl="126"/><service name="msrpc" product="Microsoft Windows RPC" ostype="Windows" method="probed" conf="10"><cpe>cpe:/o:microsoft:windows</cpe></service></port>
<port protocol="tcp" portid="57887"><state state="open" reason="syn-ack" reason_ttl="126"/><service name="msrpc" product="Microsoft Windows RPC" ostype="Windows" method="probed" conf="10"><cpe>cpe:/o:microsoft:windows</cpe></service></port>
</ports>
<times srtt="3062" rttvar="1783" to="280000"/>
</host>
<runstats><finished time="1688073854" timestr="Thu Jun 29 15:24:14 2023" summary="Nmap done at Thu Jun 29 15:24:14 2023; 1 IP address (1 host up) scanned in 138.82 seconds" elapsed="138.82" exit="success"/><hosts up="1" down="0" total="1"/>
</runstats>
</nmaprun>
